LGALS1_PTPRC,1.0
HMGB1_CXCR4,0.9093415449504584
CALM2_SELL,0.7810263310359602
B2M_HLA-F,0.7659301686887898
APP_RPSA,0.4695138652492005
B2M_LILRB1,0.4473246656439711
HSP90B1_LDLR,0.4352780712136938
CALM2_AQP6,0.4200919436097103
HLA-A_LILRB1,0.42003825831273883
HLA-C_LILRB1,0.3949588006366124
HSP90B1_ITGA4,0.38469065682723746
TLN1_SELL,0.3628130331228939
CALM3_SELL,0.3580961408937255
ARPC5_LDLR,0.3573699778944297
B2M_CD3G,0.34489037503949405
APOE_LDLR,0.34024212795622166
HLA-A_CD3G,0.32819273634868307
PROS1_AXL,0.3160449730070043
ACTR2_LDLR,0.3139873443140718
SPTAN1_LDLR,0.3133815567753118
A2M_ITGA4,0.3119230068021249
HLA-A_APLP2,0.31141340215775853
HLA-C_CD3G,0.3112061299165918
GRN_TNFRSF1B,0.30426121196546774
TIMP1_FGFR2,0.2913037267314341
TLN1_LDLR,0.2909872681769606
GNAI2_TBXA2R,0.2613008158791298
CD55_CR1,0.24806983524141527
PRND_RPSA,0.24607414356412807
CALM3_AQP6,0.24458577109863905
CALM2_GP6,0.23684467769963072
SPP1_ITGA4,0.23662604284456146
SPTAN1_TLR6,0.2345405542521118
IRAK4_TLR6,0.2295489226226582
TLN1_CR1,0.22779355056103281
TLN1_ITGA4,0.21962206986989535
TLN1_TLR6,0.2173569247203564
HLA-G_LILRB1,0.2037081911565542
LAMA1_RPSA,0.1897322071780459
TLN1_ITGB2,0.18459841849388378
GNAI2_F2R,0.1810121606273697
APOE_SORL1,0.1704275935738076
CEACAM1_CD209,0.16421760410700306
MDK_ITGA4,0.16112490839076138
LAMA4_ITGA2,0.1561140591701685
COL18A1_CD47,0.14912651481641934
HSP90B1_TLR9,0.1481576164235796
APP_NOTCH2,0.14469065035357492
CALM3_GP6,0.14197710411810027
PSEN1_NOTCH2,0.13689931476373177
EFNA1_EPHA10,0.13601781450115125
TLN1_CD46,0.13576402868123816
HMGB1_TLR9,0.13497238170159293
COL9A3_CD47,0.13323852003824133
LTBP3_ITGA2,0.1325644765440691
APP_APLP2,0.1252112677548327
LAMB1_ITGA2,0.12342024274946153
CDH1_ITGAE,0.12130477007764559
COL1A2_CD47,0.12121455265502218
AGRN_ITGA2,0.11962894162252022
HBEGF_CD82,0.11680906406826719
IL10_IL10RB,0.11592012898164916
PODXL2_SELL,0.11445430292010261
GNAI2_S1PR1,0.11201000182277317
NID1_ITGA2,0.11170056710776961
COL6A2_CD47,0.10654012913518862
CDH1_ERBB3,0.10589483093771623
TF_LDLR,0.10249083597169636
NUCB2_ERAP1,0.10041714837405277
JAM3_ITGB2,0.10037786458900338
APP_SORL1,0.09981358920969742
CDH1_KLRG1,0.09797593984869186
MDK_SORL1,0.09336304996801574
IL10_IL10RA,0.09288317770022214
TLN1_C5AR1,0.09108289344203871
THBS2_CD47,0.09072810981965741
WNT7B_FZD4,0.0896986253849067
VEGFB_FLT1,0.08771991584431701
CDH1_ITGB7,0.0848866196795808
LAMA1_ITGA4,0.0841082688377245
GNAI2_ADCY7,0.08078941533213442
CUBN_ITGA2,0.07763765666937657
ICAM4_ITGA4,0.07555135566531253
COL18A1_SSTR2,0.07510008485629588
COL18A1_ITGA2,0.07399340079939154
ICAM3_CD209,0.07337231890535563
TLN1_ITGB7,0.07309266863641047
GNAI2_CXCR2,0.07300652193764591
BMP1_ITGA2,0.0715400290439446
COL4A2_CD47,0.06719301474526154
TNFSF9_TNFRSF9,0.06662852409631181
THBS1_CD47,0.06591719381632759
EGF_AXL,0.06571400956624841
GNAI2_C5AR1,0.06558247968269319
LAMA1_ITGA2,0.06508550748149008
DSC3_DSG3,0.06394073982863507
ICAM4_ITGB2,0.06290290880517356
COL9A3_ITGA2,0.06246130942739435
F8_LDLR,0.06230963805120922
ICAM3_ITGB2,0.059800193649560664
IL15_IL2RG,0.059275084406731335
WNT7B_TMED5,0.057986306989865496
THBS2_ITGA4,0.05782119829320713
EGF_LDLR,0.05763221852463074
UCN2_IL10RB,0.05753351283452689
C4B_CR1,0.05518271631903539
ARF6_SMAP1,0.05376282768284796
COL18A1_CD36,0.052787149619494676
COL3A1_CD47,0.052384792322724485
LAMC2_ITGA2,0.052052754142813976
TNFSF13B_CD40,0.051550575583922266
COL1A2_ITGA2,0.04936626266915406
COL6A2_ITGA2,0.04934780567304676
DLL3_NOTCH2,0.048557571271479125
F8_ITGA4,0.048455623895568144
EGF_RHBDL2,0.04834174863591495
LAMA2_RPSA,0.047751278616495585
F8_TLR6,0.04666118586158467
COL18A1_ITGB8,0.04625860196466947
COL9A3_CD36,0.04469420751085822
MMP2_PECAM1,0.04450328968680892
SEMA6D_ITGA2,0.04407970730585084
NCAM1_FGFR2,0.04364430018076648
LGALS9_CD47,0.043037359510138706
THBS2_ITGA2,0.04245224815020791
THBS1_ITGA4,0.042033924038036324
TNFSF10_TNFRSF10B,0.041834101517945595
TCTN1_TMEM67,0.04173706620125958
CNTN4_ITGA2,0.04108658103630858
LAMA1_ITGB8,0.040689601730129275
C4B_ITGA2,0.040481011753348096
PGF_FLT1,0.039400306515344506
COL9A3_ITGB8,0.03899306050682357
C1QB_C1QBP,0.038739142105950836
EREG_ERBB3,0.03836164196699426
TFPI_F3,0.03716474693190288
COL1A2_CD36,0.03561414350446629
F8_ITGA2,0.03533587634026815
BST2_LILRA4,0.033873976699603826
EGF_ITGA2,0.03364659761611728
FGF2_FGFR2,0.033341875320444345
C4B_CD46,0.032805457189355174
LGALS9_HAVCR2,0.032772899418742084
COL4A2_ITGA2,0.03266287715778532
CCL20_CCR6,0.03210420240842481
CALM2_MYLK,0.031879153671714816
C5_LDLR,0.031443182135853974
THBS1_ITGA2,0.03102371456975041
COL1A2_ITGB8,0.03069698989624527
THBS2_CD36,0.030379848116841822
APOE_SCARB1,0.029843494949781196
GNAI2_S1PR4,0.0296749572246547
FGB_ITGB2,0.028174903408431477
GNAI2_CNR1,0.02655824472376797
HLA-A_ERBB2,0.02630586727699873
LAMB3_ITGA2,0.02589367115689901
LAMA1_NT5E,0.02588421967336324
HSP90B1_ERBB2,0.024924702035350684
CALM2_SCN4A,0.024906976894811427
PODXL_SELL,0.02399437288687893
COL4A2_CD36,0.02332668474128662
C5_ITGA4,0.02325692173458967
COL3A1_ITGA2,0.023063988963007168
TNFSF13B_TNFRSF13B,0.02277595562609626
THBS1_CD36,0.022194275177004313
HLA-A_LILRA1,0.021960034187280073
HRAS_TLR9,0.021686572789111992
FARP2_PLXNA3,0.021604010532248048
TLN1_C5AR2,0.02118907629383365
HLA-C_LILRA1,0.02099599034367236
SYK_FCGR2A,0.020977509781137913
DSC1_DSG3,0.02088707713562749
HSP90B1_TLR4,0.020482675219562655
COL4A2_ITGB8,0.020409527709916508
COL11A1_CD47,0.02031552770572028
HMGB1_AGER,0.02030285454818843
HMGB1_TLR4,0.01946366109340667
F8_C5AR1,0.019390088660439394
EGF_ERBB3,0.019275267371831602
CALM3_MYLK,0.01839069069950649
B2M_CD247,0.018184542216876074
TNF_FFAR2,0.018089601720447192
LAMA2_ITGA2,0.018036747505267497
HP_CD22,0.017984473534563148
COL1A1_CD47,0.017257112432322
HSPA1A_TLR4,0.017155121815444194
HMGB1_SDC1,0.016886287042731766
COL3A1_CD36,0.016561541099836742
IL18_IL18BP,0.016244691526220385
MUC7_SELL,0.016150770508925605
TLN1_ERBB2,0.016089138564363673
VASP_CXCR2,0.015824443049323296
JAG2_NOTCH2,0.01570690249359228
NRG3_ERBB3,0.015238313088102206
PSAP_LRP1,0.015191912178987868
TCN2_CNR1,0.015188925097540048
CGN_F11R,0.015110170982328103
SERPINE2_LRP1,0.015015955028243239
APOE_LRP8,0.01492048544526299
HLA-G_CD4,0.01489099564559819
C3_CR1,0.014836710769837906
HSP90B1_LRP1,0.014644854187150624
SPTAN1_TLR4,0.014589093645886791
COL3A1_ITGB8,0.014374018315340612
PSAP_SORT1,0.014349691625004954
IRAK4_TLR4,0.014283931445738952
CALM3_SCN4A,0.014154032771844564
B2M_HFE,0.014097530925181092
JAG2_ITGA2,0.014056896546860062
EFNA1_EPHA3,0.013936744034444781
TNF_TNFRSF1B,0.013904406593503435
FGF12_FGFR2,0.013860537792631423
COL2A1_CD47,0.013754514687870839
GRN_TNFRSF1A,0.013689197696391594
SPTAN1_LRP8,0.013674837401337809
MICA_KLRK1,0.013555722236500598
TLN1_TLR4,0.013523482373968505
GRN_SORT1,0.013459849750439474
EFNA1_EPHB6,0.013316292533815475
CD14_ITGA4,0.01324105027235238
TIMP2_ITGA3,0.013119333105522268
HSP90B1_PTPRD,0.013040610236270858
ICAM4_ITGAM,0.012927216920431946
FGF7_FGFR2,0.012921514582545816
CALM2_CACNA1C,0.012858020019383312
TLN1_LRP8,0.01268744435480744
CD14_TLR6,0.012420085986355795
CXCL1_CXCR2,0.01228959227928235
C3_ITGB2,0.012142752526018492
HSP90B1_LRP6,0.011969674213687036
S100A1_AGER,0.011834921891856085
A2M_LRP1,0.011671495899011735
COL18A1_DDR1,0.011550851206234088
APOE_LRP1,0.011456135957097994
S100A1_TLR4,0.011440887672150101
COL18A1_PTPRS,0.011429844401153766
CD14_ITGB2,0.011339616345958495
VWF_ITGA4,0.010940482577236734
CDH1_LRP1,0.010852727061487136
SPTAN1_LRP1,0.010851366243535701
BMP7_ACVR2B,0.010443316734387607
COL9A3_DDR1,0.010227429584489483
COL11A1_ITGA2,0.010165699135354445
CALM2_KCNQ3,0.01012208156569928
TLN1_LRP1,0.010120986241116941
APP_AGER,0.010104069000293883
EFNB2_PECAM1,0.010058548072713893
MFGE8_ITGB3,0.010054856155941285
CALM2_SCN10A,0.009948655388334166
PTPN11_FCRL4,0.009892559229285822
C5_C5AR1,0.009879934460570184
LAMA4_ITGA3,0.009875798717965957
EFNB2_RHBDL2,0.009868564096941009
FADD_FAS,0.009821987576737348
LAMA3_ITGA2,0.009767081675981006
COL6A3_ITGA4,0.009715961794252834
BMP7_BMPR1A,0.009554442891487049
LAMA4_LRP1,0.009553072927333536
FARP2_PLXNA1,0.009505308121756654
HP_ITGB2,0.00946648245664425
C3_ITGAX,0.009444214385023802
APOE_LRP6,0.00935459766968029
COL1A2_DDR1,0.009114800859530635
A2M_ITGB3,0.009061985613796775
S100A4_ERBB2,0.008997190008554345
GNAI2_EDNRB,0.00891909587991987
C3_CD46,0.00891819272663338
APP_TNFRSF21,0.008844984060076852
TLN1_PTPRD,0.008704393952069718
NPTX2_NPTXR,0.00866323020921604
TLN1_SELP,0.008399797456514186
COL1A1_ITGA2,0.008393035667118198
TGFB3_TGFBR2,0.008361415088435178
NRG1_ERBB3,0.008283023352220292
CXCL14_CXCR4,0.00810970907523578
PSAP_AR,0.00802215329500414
CDH1_ITGB3,0.007992132976446423
TLN1_LRP6,0.007937893336862654
MDK_SDC1,0.007851605116378585
CALM3_CACNA1C,0.007786955678235066
LAMB1_ITGA3,0.00770621774240131
B2M_KIR3DL1,0.007639637724368268
GRN_CLEC4M,0.007613747064272192
GSTO1_RYR1,0.007545516295219639
LAMB1_LRP1,0.007536080024101571
COL6A3_ITGA2,0.007464639188978066
EFNB3_RHBDL2,0.00735360878252067
TLN1_DCC,0.007289973097931599
MFGE8_PDGFRB,0.007275531112102196
COL4A3_CD47,0.007266207300553888
C1QA_CR1,0.00726448193204322
IL23A_IL12RB1,0.007259610993132609
TLN1_ITGB3,0.007256401197856247
AGRN_LRP1,0.007249566852690117
COL11A1_CD36,0.007249100592338499
HLA-A_KIR3DL1,0.007207032928863855
PROS1_TYRO3,0.0071466109498756845
FARP2_ITGB3,0.007108113068692385
CGN_TGFBR2,0.0070880462038998455
LAMA4_ITGB3,0.007002889467757996
NID1_ITGA3,0.0069933243639113025
HMGB1_CD163,0.006964054886724576
APP_LRP1,0.006954152906769321
BMP1_BMPR1A,0.006952334204336988
SPP1_ITGB3,0.006937748065267103
COL2A1_ITGA2,0.0068958297078147365
CALM2_PDE1A,0.006827555886604152
HLA-C_KIR3DL1,0.0067967990294450255
TNFSF10_RIPK1,0.006783890035922449
VWF_CD46,0.006737949326992748
GHRL_TBXA2R,0.006678717418848636
CD34_SELL,0.006640096266990401
HLA-A_KIR3DL2,0.006628308366436027
CKLF_LRP6,0.0066056596608061935
MDK_LRP1,0.0065362964213970315
FAM3C_GLRA2,0.006474762960611124
MDK_SDC3,0.006460140899765579
SHANK2_SSTR2,0.006380177064982312
IL7_IL2RG,0.0063606735245031135
COL11A1_ITGB8,0.006356623662944929
SHANK2_ITGA2,0.006320753963455269
EREG_ERBB2,0.006262890746688904
COL4A4_CD47,0.006249856258675347
ADAM15_ITGB3,0.006249148756556389
COL5A1_CD47,0.00607430695864126
CXCL2_CXCR2,0.006058178777668383
CD200_CD200R1,0.006055207526083678
HMGB1_THBD,0.006009020415291726
COL1A1_CD36,0.00599385269386078
PDAP1_PDGFRB,0.0058957682981016085
FGB_ITGAM,0.0058950747337158695
LAMA1_ROBO1,0.005890367707414601
CALM3_KCNQ3,0.005864344893557044
LTBP3_ITGB3,0.005859028621640558
CALM3_SCN10A,0.0058190970649854516
BMP7_ACVR1,0.005790043648289072
LGALS9_SLC1A5,0.005787878030687834
CXCL12_CXCR4,0.00577002380843061
NRG2_ERBB3,0.005759743051080813
TGFA_ERBB3,0.005710427617531513
TLN1_ITGB5,0.005635955679241414
S100A1_RYR1,0.005635889163532657
APP_LRP6,0.005611404657977957
GSTP1_EGFR,0.00560248180857679
A2M_NRXN2,0.005493252756556578
LAMB1_ITGB3,0.005493250739854893
APOE_LRP4,0.0054928215727045576
DSPP_SELL,0.005487101348064394
KNG1_ITGB2,0.005433814174343866
CALM2_EGFR,0.0054084601581023545
SPP1_ITGB5,0.005373427650020433
APP_DCC,0.005300894173427851
CALM2_TRPC5,0.005263424347652509
COL1A1_ITGB8,0.0052444882422823065
CALM2_AQP1,0.005243396464400855
CNTN4_PTPRG,0.005217463372492198
HSP90B1_EGFR,0.00521601392900428
SAA1_SCARB1,0.005206155021504245
PTMA_VIPR1,0.005198694521665278
CD14_TLR9,0.005193723095419415
GRN_EGFR,0.005193208127532094
COL4A2_DDR1,0.005187337975330055
AGRN_ITGB3,0.0051796820380782555
PLG_F2R,0.005162286115102598
CDH1_PTPRM,0.005144111808113381
EFNA1_EPHA4,0.005102212382309339
IL15_IL15RA,0.005091073776888189
PSEN1_NOTCH3,0.005056984346666661
IAPP_ADCYAP1R1,0.00505060585399085
NID1_ITGB3,0.004979644147345972
LAMB1_ITGA7,0.004941422885840628
LTBP3_CD93,0.004932040709492311
VTN_CD47,0.0049247548186727745
LAMA1_LRP8,0.004924575508015057
COL2A1_CD36,0.004916894825090082
NID2_ITGA2,0.004859058178451286
NPTX1_NPTXR,0.0048440841175239665
SEMA4D_PLXNB2,0.004800794228222019
ANXA1_FPR1,0.004769800831732625
APOE_SDC2,0.0047460458118382945
GDNF_EDNRB,0.004745543314969485
B2M_KLRC2,0.004722034333433312
CXCL13_CXCR5,0.004699685635489767
DSPP_LDLR,0.004686841657862202
FGF14_FGFR2,0.00466817300369955
TNFSF10_TNFRSF10D,0.004662244515777229
HBEGF_ERBB2,0.004609256929210584
PLG_FLT1,0.00459370034974699
LTBP3_ITGB5,0.004548588257836371
S100A1_TRPM3,0.004485531601069017
CXCL3_CXCR2,0.004470015886618911
CCL21_CCR7,0.004461257665544557
S100A8_ITGB2,0.004459957558067051
NDP_FZD4,0.004454796579727832
CALM3_AR,0.004451292694526436
PLG_F3,0.004438511311399337
IAPP_ADRB3,0.004430776717944098
AGRN_ATP1A3,0.004423653646587456
SERPINA1_LRP1,0.00441539686261385
COL18A1_ITGA3,0.004384176698383839
RTN4_TNFRSF19,0.004375404935473429
S100A10_CFTR,0.004313266156378505
COL2A1_ITGB8,0.004312171334178392
ADAM28_ITGA4,0.0043063542792097925
ANXA1_FPR2,0.004265231651807181
ASIP_F11R,0.004243916912659274
GDF11_ACVR2B,0.004242047958082618
THBS1_SCARB1,0.00423832638484726
COL18A1_SDC3,0.0042357005093388005
CALM2_PDE1C,0.004114979573346228
GNAI2_ADCY9,0.004093125942053175
COL18A1_KDR,0.004064031721800983
TLN1_SDC2,0.003988285516850308
COL3A1_DDR1,0.003983089133499372
TLN1_CALCR,0.003948822507475301
LAMA1_LRP1,0.003940661872587863
GDF11_BMPR1A,0.0039040515170711072
ANXA1_EGFR,0.003877138104317222
LAMA1_ITGA3,0.0038564642384234086
COL9A3_ITGA3,0.0038430902967301218
DSC3_LRP1,0.00383207350389421
ITGB3BP_ITGB3,0.003826604117737887
CCL28_CCR10,0.003816869042402402
CALM3_PDE1A,0.003795995677682084
ULBP1_KLRK1,0.003789839601601186
COL4A3_ITGA2,0.0037857667672450096
LAMA3_NT5E,0.003764800199366702
NPFF_NPFFR2,0.0037519764069120043
CEACAM1_SELE,0.0037371333180386233
PLG_ITGB2,0.0037170956882914153
LPL_SDC1,0.003716814158174766
DHH_CDON,0.0036998778258068997
COL9A3_SDC3,0.003645541326979122
CDH1_EGFR,0.003634143774844721
HLA-G_KIR3DL1,0.003626925893583006
IL24_IL10RB,0.003578282354988575
DSPP_TLR6,0.0034920474290851536
SEMA4B_DCBLD2,0.0034828461127704357
VCL_ITGB5,0.0034490770710976677
DSPP_ITGA4,0.003430415268347053
CNTN2_ITGA2,0.0034277548975441448
AGRN_LRP4,0.0033831668767435254
COL1A2_ITGA3,0.003345027150695081
VIM_GRM7,0.0033276073206875544
TLN1_EGFR,0.003267860485252124
NCAM1_ROBO1,0.0032636034338922753
COL4A4_ITGA2,0.003246566480708643
LPL_LRP1,0.0032240357334016065
COL18A1_ITGB3,0.003193095933909798
TLN1_ITGA9,0.0031880856956770535
SERPING1_SELP,0.0031871223894477277
COL18A1_ITGA10,0.00317569900308046
SYK_LAT,0.0031745985549261877
BMP1_ITGB3,0.0031635286846436223
IAPP_CALCR,0.0031524097321325006
EGF_ERBB2,0.003151532846535797
COL5A1_ITGA2,0.003079057893457552
INHBE_ACVR2B,0.003058205450709746
ADM_ADCYAP1R1,0.003053074503315491
LIN7C_HTR2C,0.003044924181028669
ADM2_ADCYAP1R1,0.0030338965272534895
CALM3_EGFR,0.0030228160426457725
ADM2_CALCRL,0.003007687374971548
CALM3_TRPC5,0.0029849754145025347
CALM3_AQP1,0.0029797500313349474
SPP1_ITGA9,0.0029778142117513604
ITGB3BP_ITGB5,0.0029696684105022715
CLEC2D_KLRB1,0.002961268198827041
LAMC2_ITGA3,0.002937330360765295
LAMC2_CD151,0.00291979560235496
F13A1_ITGA4,0.002904910659825825
F8_TLR4,0.002902247536241356
CALM2_GRM7,0.002890169193467041
TF_HFE,0.002880923731112244
ADM_CALCRL,0.0028595482651643084
BGN_LY96,0.0028141182980932137
LAMA1_ITGB3,0.002808724098355969
IL1B_IL1R1,0.002770330102225398
FGG_ITGB2,0.0027588081427623364
COL9A3_ITGB3,0.002755870643458276
COL18A1_ITGA11,0.002749646607860427
COL18A1_CD93,0.002743312158516961
COL9A3_ITGA10,0.002732723862925523
F8_LRP8,0.002719628965826379
ADAM15_ITGA9,0.002717902093015299
DSPP_ITGA2,0.0027150216622019224
COL4A3_CD36,0.002694148484700999
ADM_ADRB3,0.0026934638178045616
SEMA6D_LRP1,0.0026782303618537767
DSC3_ITGB3,0.0026700203166435733
ADM2_ADRB3,0.0026576421091258906
GNAI2_FPR1,0.0025923774200032933
SEMA4D_ERBB2,0.0025888374203450757
THBS2_LRP1,0.0025864386098527264
APP_FPR2,0.0025862129645026545
SEMA6D_PLXNA1,0.002574760364980241
TNF_RIPK1,0.002560357250223852
ICAM4_ITGB3,0.0025506901639864633
IAPP_VIPR1,0.002545972564632712
AREG_ERBB3,0.0025236127340894773
LAMA1_ITGA7,0.002513733663605223
NRG3_ERBB2,0.002510929427699062
BMP3_ACVR2B,0.0024857772317728585
COL18A1_ITGB5,0.0024806160331373108
CNTN4_LRP1,0.002468290507125421
FGF18_FGFR2,0.002461200947352494
C4B_LRP1,0.0024552324727159574
C3_ITGAM,0.0024510176813796686
GNAI2_ADORA1,0.0024433579023800363
S100A8_CD36,0.002442205798592942
SEMA6D_KDR,0.002415517854479548
APP_EGFR,0.002403842956367031
CEACAM1_EGFR,0.0023983881730731734
GNAI2_EGFR,0.00237756410912529
COL4A3_ITGB8,0.002369524543046222
COL9A3_ITGA11,0.002331698645309825
COL9A3_CD93,0.0023232706007203854
COL4A4_CD36,0.0023107639972296946
COL1A2_ITGB3,0.002308833845212806
C5_C5AR2,0.002293863122105813
CALM3_PDE1C,0.0022824100786697056
COL1A2_ITGA10,0.00227223444939025
PDGFA_PDGFRA,0.002268217458587734
BMP3_BMPR1A,0.0022664383428839066
FGB_TLR4,0.002240018094701676
CHAD_ITGA2,0.002196475581259622
COL5A1_CD36,0.0021942176270714777
COL6A2_ITGB3,0.00218775950364584
LAMC2_ITGB3,0.0021838728179565175
LPA_RPSA,0.0021797183320703176
F8_LRP1,0.0021546493976050485
DSCAM_ITGA4,0.0021532834960600444
COL9A3_ITGB5,0.002139592440682742
LAMA1_STAB2,0.0021370981031122592
IAPP_RAMP1,0.0021241258474386042
C1QB_LRP1,0.0021100209656980196
CD14_RIPK1,0.0020899624543687005
GDF11_ACVR1B,0.002088972597021851
ANXA1_GRM7,0.002067520954483139
COL4A4_ITGB8,0.002031895857586422
TF_TFR2,0.0020262366474645245
EGF_LRP1,0.0020247572625993345
THBS1_SDC1,0.002018821076249802
SHANK1_CD47,0.0020127011012829946
CCL19_CCR7,0.002003152357727446
IFNG_IFNGR2,0.00196194705835163
COL4A2_ITGA3,0.001961684034699576
SEMA3E_ITGB3,0.001936190212877225
MMP9_IFNAR1,0.001933077003207763
SEMA6D_ITGB3,0.0019269346829582598
COL5A1_ITGB8,0.0019259401495504889
THBS1_ITGA3,0.0019037727473222709
PF4_LDLR,0.0019027452774228438
ADM_CALCR,0.0019000895140115033
GNAI2_LPAR3,0.0018991678878993589
ADM2_CALCR,0.0018950907818590349
EREG_ERBB4,0.0018936943655635497
SERPING1_SELE,0.0018901824360421653
THBS1_LRP1,0.0018889405114485428
HBEGF_CD9,0.001884971982679865
THBS2_ITGB3,0.001874456515588958
S100A4_EGFR,0.00187162417622049
COL1A2_ITGA11,0.0018657733351626353
TNF_PTPRS,0.001856905967444552
COL1A2_CD93,0.0018524470179453207
IL1A_IL1R1,0.001851579063172743
IFNG_IFNGR1,0.0018512826662105825
NCAM1_CACNA1C,0.0018434501986225795
F8_SELP,0.001837754587948479
COL6A2_CD93,0.0018368110549986593
DLL3_NOTCH3,0.0017938485302302258
DSCAM_ITGA2,0.0017928568154474322
HP_ITGAM,0.0017925855969772625
THBS2_NOTCH3,0.0017917113188932997
COL1A2_ITGB5,0.0017896523146861774
GNAI2_LHCGR,0.0017638353450429398
C4B_ITGB3,0.001758179405299368
TFPI_LRP1,0.0017413136228521125
PLG_F2RL1,0.0017291079120565973
CNTN4_ITGB3,0.0017221692743883675
NLGN2_MDGA1,0.0017042601595416537
IL18_IL18R1,0.0016837025388764754
MMP1_ITGA2,0.0016659481394029258
F10_F3,0.0016649810325910087
TNFSF15_TNFRSF25,0.0016619403093085232
LPA_CD47,0.0016603087269883598
FASLG_TNFRSF10B,0.001657347954018444
MADCAM1_ITGA4,0.001631014538224068
LAMA1_SCARA5,0.0016262818117679537
NCAN_ITGA2,0.0016233388736323962
FGF2_SDC1,0.0016080103485447512
NLGN2_NRXN1,0.001607729883851407
PDGFA_PDGFRB,0.0016050503829276594
LAMB3_ITGA3,0.0015911340876277969
ADM_RAMP1,0.001585790684527591
COL11A1_DDR1,0.0015757501874576326
CP_LRP1,0.0015745389513081908
ADM_VIPR1,0.0015661333555553607
RSPO1_ZNRF3,0.0015660215181542573
CALM3_GRM7,0.0015599205429136834
FGF2_SDC3,0.0015555324714320868
LAMA1_SDC2,0.0015465037898566127
LAMB3_CD151,0.0015436811678509795
ADM2_VIPR1,0.0015223107422587812
CLEC2B_KLRF1,0.0015185893839368286
CKLF_CCR4,0.001515985720448546
IL1B_SIGIRR,0.001488265871470572
COL3A1_ITGA3,0.001480680816774796
COL18A1_GPC4,0.0014778858969289668
C5_TLR4,0.0014591640275714872
LAMC2_COL17A1,0.001445798026107428
HBEGF_ERBB4,0.0014443803974227077
F10_ITGB2,0.0014439921569269706
NLGN3_NRXN1,0.0014413274150836023
CXCL12_AVPR1A,0.0014219470358351827
COL4A2_ITGB3,0.001420736685943412
ULBP2_KLRK1,0.0014205611836739707
EGF_ITGB3,0.0014193373633792482
COL4A2_ITGA10,0.0014114875825761634
LIPH_LPAR2,0.0013965988125803667
ICAM3_CLEC4M,0.0013915300121009873
VTN_ITGB8,0.001385193119752412
IAPP_GPR84,0.0013804138763262909
WNT2_FZD3,0.0013776609556579503
HEBP1_GRM7,0.0013768386229875832
NRG1_ERBB2,0.0013763809462229533
C3_C5AR2,0.0013748722244476513
F7_F3,0.0013726846632160282
THBS1_ITGB3,0.001366663163904302
COL1A1_DDR1,0.0013323670451337657
PF4_FGFR2,0.0013319579810428769
IL1RN_IL1R1,0.0013268719998915592
MMP9_ITGB2,0.0013159599677869714
COL9A3_GPC4,0.0013029750745867596
IGFL3_IGFLR1,0.0012872643226773534
APP_GRM7,0.001262517588652566
LAMA1_EGFR,0.0012621379168630182
SEMA4A_PLXNB2,0.0012592298301386839
EREG_EGFR,0.001257705122568788
EFNB2_EPHA3,0.0012535541516917553
DSC1_LRP1,0.0012520142619825028
LAMA1_ITGA8,0.0012388128928133807
LAMA1_ITGA9,0.0012363820986317977
GNAI2_CHRM1,0.001225307154190967
COL4A2_ITGA11,0.001215740364685755
COL4A2_CD93,0.0012123726455560387
ADM2_RAMP1,0.0011974203833007367
FGB_ITGB3,0.0011897796874953206
TNF_FAS,0.0011831473154296196
CXCL9_FCGR2A,0.0011824796794738834
IL18_IL18RAP,0.001175068152313433
CP_ITGB3,0.0011693658606481087
COL1A2_GPC4,0.001149708167457621
CD86_CD28,0.0011460552651045527
LAMB3_ITGB3,0.0011415942300444276
FGF19_KLB,0.0011315703712260485
KNG1_ITGAM,0.0011224188297077017
SPTBN2_LRP1,0.0011141951263434723
CCL28_CCR3,0.001111676112035863
VWF_SIRPA,0.0011083127078826392
SLIT2_ROBO1,0.001106413078736292
COL4A2_ITGB5,0.0011034740241372572
PSAP_GPR37,0.0011017090239766034
HSP90B1_ASGR1,0.0011015189743546726
EFNA1_EPHA7,0.0010989042936848416
C5_LRP1,0.0010978247803574215
LAMA2_LRP1,0.001086970859970703
VEGFC_CCBE1,0.0010868729733060178
COL18A1_DDR2,0.0010866710863324316
SHANK1_SSTR2,0.001081467430363857
NMU_NMUR1,0.0010812436737964596
SHANK1_ITGA2,0.0010769026726819588
LPA_ITGA4,0.0010744734670225281
EFNB2_EPHB6,0.0010730031792247395
COL2A1_DDR1,0.0010671885461057404
CP_SLC40A1,0.0010465953730383313
COL3A1_ITGB3,0.001043793271510549
LAMA2_ITGA3,0.00103724560858816
WNT1_FZD3,0.0010332895247415548
COL3A1_ITGA10,0.0010315803231165572
ICAM3_ITGAD,0.0010283344411381001
SLIT3_ROBO1,0.0010243092892001067
UCN2_CRHR2,0.0010197030762720966
WNT2B_FZD4,0.0010186486531463502
LAMA1_TNFRSF11B,0.0010058272444504425
ADM_GPR84,0.0009888619727184214
EFEMP2_AQP1,0.0009664316959106322
NODAL_SMAD3,0.0009638557830606336
HRAS_SDC2,0.0009618363562908625
EGF_ERBB4,0.0009556538529126893
COL9A3_DDR2,0.0009483015918536522
NRG2_ERBB2,0.0009461795013988882
TGFA_ERBB2,0.0009458304164482124
SST_SSTR2,0.0009435286161008892
HBEGF_EGFR,0.0009431527651063585
IFNA10_IFNAR1,0.0009316913237451245
EFNA2_EPHA10,0.0009300570713331232
WNT2_FZD2,0.00092581387728044
A2M_ASGR2,0.0009119497933813195
IL2_CD53,0.0008987574856293704
LPA_ITGA2,0.0008961500705238353
TNF_TNFRSF21,0.0008895289670538539
HSPA1A_GRIN2D,0.0008885251406890789
FGF19_FGFR2,0.0008883570094596948
SAA1_FPR1,0.0008822721138327132
CXCL5_CXCR2,0.000881460296297709
LPA_ITGB2,0.0008813751586886997
C3_TLR4,0.0008788898615829488
NMB_GRPR,0.0008778146269094545
COL3A1_ITGA11,0.000865574753351917
COL3A1_CD93,0.000861127859604105
ICAM4_RHAG,0.0008572136218851402
DLL4_NOTCH2,0.0008457554919547973
CXCL2_XCR1,0.0008433178363075275
ASIP_MC2R,0.0008392706919883027
COL1A2_DDR2,0.0008165378285768252
WNT6_FZD4,0.0008151878806355106
BMP4_BMPR1A,0.0008136423697870895
COL3A1_ITGB5,0.0008098012359689262
WNT2_FZD4,0.0008095601586233744
NTN1_ADORA2B,0.0008088161304614425
QRFP_QRFPR,0.0007999911486919956
EDIL3_ITGB5,0.0007932567118588777
EFNB3_EPHB6,0.0007903111131377045
ADM2_GPR84,0.0007890261150426276
GH1_GHR,0.0007889791724367514
GH2_GHR,0.0007886319365888237
TLN1_ASGR2,0.0007821325717332027
C5_ITGB3,0.0007804125284793053
TLN1_ASGR1,0.0007731225329924527
NRG3_ERBB4,0.0007727668556433245
CD14_TLR4,0.0007722692986559144
VWF_ROBO1,0.0007700041808520373
NLGN2_ITGB3,0.0007684657428928404
SAA1_FPR2,0.0007676171912252399
LAMA2_ITGB3,0.0007649901550804147
BGN_TLR4,0.000762160492968163
ANG_EGFR,0.000759684717452425
PLG_ITGAM,0.0007595520248854815
SLIT2_SDC1,0.0007420715694704849
LAMB3_COL17A1,0.0007336834859140361
CRP_CR1,0.000728612227653154
VEGFC_FLT1,0.0007225013860713141
GAD1_GRM4,0.0007207320374565066
CCL28_GRM7,0.0007163655164199401
COL4A6_CD47,0.0007108128247262885
MMP2_SDC2,0.0007096365013140665
F8_EGFR,0.0007080828611034356
NLGN3_ITGB3,0.0006985940568990472
RPH3A_NRXN1,0.0006867072277765058
LAMA2_ITGA7,0.000682636588717367
WNT3A_FZD3,0.0006805253673652648
CXCL2_DPP4,0.0006771861110516761
KITLG_KIT,0.0006716846628194406
APOA4_LDLR,0.0006703429590561832
EFNA1_EPHA2,0.0006696892362514209
COL4A2_GPC4,0.000662663558559243
MST1_MST1R,0.0006610425645431861
TPH1_HTR1D,0.000656191314633436
C3_LRP1,0.0006560827498118501
REN_ATP6AP2,0.0006512700045302044
FGF2_SDC2,0.0006470595170153554
CD5L_CD5,0.0006441403567470259
LPA_CD36,0.0006366581075667208
EGF_EGFR,0.0006338314806693941
IFNE_IFNAR1,0.0006226587490579878
JAG2_ITGB3,0.0006120252788253198
IL9_IL2RG,0.0006083585595172496
MMP9_TLR9,0.0006078558964537877
IL2_IL2RG,0.0006037950257540589
TNF_TNFRSF1A,0.0005995152956962946
COL11A1_ITGA3,0.0005989922775675992
CCL18_CCR1,0.0005976948313138449
JAG2_NOTCH3,0.0005909176290113225
LAMA3_LRP1,0.0005895773581844718
COL11A1_SDC3,0.0005802870922557086
SLIT2_ROBO2,0.0005757083454437445
IFNA10_IFNAR2,0.0005737989686645696
NID1_COL13A1,0.0005732968958056862
HP_TLR4,0.0005710709274164717
LAMA3_ITGA3,0.0005676978611465283
COL4A3_DDR1,0.0005674049520187255
CCL3_CCR1,0.0005668621120236469
OXT_AVPR1A,0.0005663016771822515
AGRN_MUSK,0.0005653754357338244
LPA_ITGB8,0.0005613581853518773
IL7_IL7R,0.0005548127976909134
SOSTDC1_LRP6,0.0005527634540528899
APP_PTGER2,0.0005433288944802157
MADCAM1_ITGB7,0.0005416243949557494
CPAMD8_ITGA2,0.000539289132767581
COMP_CD36,0.0005380206695898162
SLIT3_ROBO2,0.0005330971370510744
FGF2_GPC4,0.0005290929159656749
SLIT2_DCC,0.0005284242561908117
FBLN2_ITGB3,0.0005189316528669779
VWF_LRP1,0.0005160974640502677
ADAM12_ITGB3,0.0005123113008720695
NLGN2_NRXN2,0.0005064730836489182
THBS1_TNFRSF11B,0.0005064526149791105
COL3A1_GPC4,0.0005051391117028326
COL1A1_ITGA3,0.0005039037247404532
TNFSF10_TNFRSF11B,0.0005008768035416265
CAMP_FPR2,0.0004989731719596389
ASIP_ATRN,0.0004945126884995444
COL4A4_DDR1,0.00048779400192876915
COL4A2_DDR2,0.0004854377927806424
COL1A1_SDC3,0.00048370607749183156
C3_ITGB3,0.0004723308542982402
COL5A1_DDR1,0.00047215182530720655
EGF_FSHR,0.0004714423245250135
LTA_TNFRSF1B,0.0004691933350826384
ANGPTL4_TIE1,0.0004674192926843111
CAMP_EGFR,0.00046206858058595664
F12_CD93,0.00045760635216744033
WNT3A_FZD2,0.00045401850570013654
FGF10_FGFR2,0.0004531445324265959
COL6A3_LRP1,0.00045233254658535603
NLGN3_NRXN2,0.0004523301826358644
TGFB3_ITGB3,0.00044941344414038947
RAET1G_KLRK1,0.0004476721086957764
COL6A3_ITGA3,0.00044464527721261953
FGF20_FGFR2,0.0004444697005302024
FGF6_FGFR2,0.0004427592755723878
C4BPA_CD40,0.0004426282074544722
COLQ_CD93,0.0004387080277878155
COL11A1_ITGB3,0.00043727139936024727
COL11A1_ITGA10,0.0004350797158511684
WNT3_RYK,0.00043320303132495837
NRG1_ERBB4,0.0004302821294226705
GPC3_LRP1,0.0004288150117830817
C5_CALCR,0.00042682444708682006
NRG2_ITGB3,0.00042641838092843964
IL27_IL27RA,0.00042184057299352067
VWF_SELP,0.0004207953014054007
LAMA3_ITGB3,0.00041680763785392327
F12_GP1BA,0.0004127168555428996
EFNB2_EPHA4,0.0004058925327024605
COL2A1_ITGA3,0.0004058120603823158
BMP4_LRP6,0.0004033751568911308
DHH_PTCH1,0.00040280816143666855
FGA_ITGB2,0.00039659527978967577
CSHL1_GHR,0.0003881919011163367
TNF_ICOS,0.00038534427751166114
IFNE_IFNAR2,0.00038385172703161985
WNT7B_FZD10,0.0003808782907702991
COL11A1_ITGA11,0.0003775160969644594
COL11A1_CD93,0.0003767180764227116
SAA1_GRM7,0.0003690168728086654
VWF_ITGB3,0.00036696413718034174
NGF_TRPV1,0.00036553819960117526
COL1A1_ITGB3,0.00036499969019804907
FGA_ITGA2,0.0003640478665438987
COL3A1_DDR2,0.00036359013300887643
COL1A1_ITGA10,0.0003626331351675119
COL4A6_ITGA2,0.00036195665501928114
COL18A1_COL13A1,0.0003619526836919699
IL23A_IL12RB2,0.00035693011479871897
COL18A1_ITGA2B,0.0003562531041777278
TGFB3_ITGB5,0.0003491010841179631
COL18A1_BCAM,0.0003488119864785804
COL11A1_ITGB5,0.0003397342509619815
ANGPTL1_TEK,0.00033415894374408476
LPA_NT5E,0.0003258146978429275
IFNA7_IFNAR1,0.00031887814564999866
NTN1_NEO1,0.0003179533986516449
IFNA14_IFNAR1,0.00031780142620872883
FGA_ITGAX,0.0003149642915223114
COL1A1_ITGA11,0.00031238337082349166
WNT7A_LDLR,0.00031214290752468686
COL1A1_CD93,0.0003115216772807328
CCL2_CCR1,0.0003084912402781094
COL9A3_ITGA2B,0.0003081566026313603
PTPN6_FCRL4,0.00030651105714308186
SEMA3D_EGFR,0.000302558744053222
LAMA1_ITGB6,0.00030253252700927226
S100A8_AGER,0.0003008728701726646
EFNB3_EPHA4,0.0002982542205657807
COL2A1_ITGB3,0.0002964031803932963
COL2A1_ITGA10,0.00029494681888646485
TGFA_ERBB4,0.0002939211233970953
LHB_ADCYAP1R1,0.0002913845947939415
F10_ITGAM,0.0002913108893055757
NRG2_ERBB4,0.0002895177117100957
S100A8_TLR4,0.0002878980667006894
NRG1_LGR4,0.0002866947027121178
ICAM4_ITGA2B,0.00028434415178252065
COL1A1_ITGB5,0.0002834937407955472
VWF_GP1BA,0.00028166353309481317
NRG1_EGFR,0.0002812816946822422
VWF_STAB2,0.0002797224703941814
DHH_PTCH2,0.00027844216082383954
SFRP2_FZD5,0.00027718474444746334
NXPH3_NRXN1,0.0002719313176305447
SHANK2_ITGB3,0.00026882239900872016
MMP9_ITGAM,0.00026174320100335376
COL1A2_ITGA2B,0.00025961843800774106
COL4A6_CD36,0.0002578805986873091
CCL18_CCR8,0.0002569535178151887
LHB_ADRB3,0.00025620454962230644
COL2A1_ITGA11,0.000256047362325834
COL2A1_CD93,0.00025551708211254157
CCL2_CCR10,0.0002546516276348983
GHRL_PTGER3,0.0002491792299604608
WNT3A_ATP6AP2,0.0002383204519092451
WIF1_RYK,0.00023773869719918682
NPPA_NPR1,0.00023738544227974885
FGF3_FGFR2,0.0002330997237316336
COL2A1_ITGB5,0.00023029278386742073
LAMA3_SDC2,0.00023006967215434613
PPBP_CXCR2,0.00022659295436702715
COL4A6_ITGB8,0.0002264273832228595
ADAM12_ITGA9,0.00022534771709106224
EFEMP2_PLSCR4,0.0002241945482273533
FGF4_FGFR2,0.00022284776292293593
LIPH_LPAR1,0.0002190873245008255
CXCL1_GRM7,0.00021823406311229912
COL4A3_ITGA3,0.00021727848451150034
VWF_SCARA5,0.000211772108963099
DKK1_LRP6,0.00021133586661496116
NTN4_DCC,0.00021092531387230935
ANGPTL2_TIE1,0.00020842982257676004
NODAL_ACVR2B,0.00020822792783928916
NMB_BRS3,0.00020770349190217774
DCN_ERBB4,0.00020737389717864847
HP_CD163,0.00020529719648173253
NID2_ITGB3,0.0002050664625073122
PTHLH_ADCYAP1R1,0.00020432962084454478
DSPP_LRP8,0.00020413968226383448
PDCD1LG2_PDCD1,0.00020354405892757192
VWF_SDC2,0.0002022016530515923
COL11A1_GPC4,0.000201741981550295
IFNA7_IFNAR2,0.00019842889589004347
IFNA14_IFNAR2,0.00019750133546036442
EFNB2_GRM1,0.00019495875643052256
KNG1_CD93,0.00019382697123403634
LGALS9_MRC2,0.0001937707386106335
TGFA_EGFR,0.00019268338725707238
NTN1_DCC,0.00019245436830029575
CXCL9_DPP4,0.00019162133172739222
NTN1_UNC5C,0.00018920916958158583
CXCL12_CD4,0.00018902820022260742
C1QA_CD93,0.00018855305295057057
COL4A4_ITGA3,0.00018669082296704988
IL26_IL10RB,0.00018666965110703318
FGG_TLR4,0.0001863204647160619
LPA_ITGAM,0.0001849770542004595
UCN_CRHR2,0.00018027909765158076
HRAS_GRIN2D,0.00017999761047346295
COL5A1_ITGA3,0.00017989930420882785
PTHLH_ADRB3,0.00017956497664491206
C5_GRM7,0.00017805232636378574
COL5A1_SDC3,0.00017500953197289407
KNG1_GP1BA,0.0001717622083703525
ANGPTL3_ITGB3,0.00017056922543273595
COL1A1_GPC4,0.00017021158928526222
F8_ASGR2,0.00016679743571825862
SFTPD_LY96,0.00016640790614385804
VWF_EGFR,0.00016475260013428574
CXCL13_CCR10,0.0001624135974309407
VWF_ITGA8,0.0001619544470972261
VWF_ITGA9,0.0001616628403615938
COL4A3_ITGB3,0.00016038208963210202
CCL26_CCR1,0.0001599139387672648
COL4A3_ITGA10,0.00015991039809965906
COL4A2_ITGA2B,0.00015863832413529194
RGMA_NEO1,0.00015730050324999333
LTF_LRP1,0.00015560193696258963
CD34_SELP,0.00015496292065778972
THBS1_ITGA2B,0.00015279413544543808
C1QA_CSPG4,0.00014940024710213528
WNT3_FZD5,0.00014859358860132822
COL11A1_DDR2,0.00014856723794649947
LHB_VIPR1,0.00014792712963246086
LAMA3_TNFRSF11B,0.00014639653107670908
CNTN2_ITGB3,0.00014545348353442109
CCL20_GRM7,0.00014381810447165595
ADAM2_ITGB7,0.00014154856406834286
CCL18_CCR3,0.00014119411232134724
RAET1L_KLRK1,0.00014062456641177594
VTN_ITGA3,0.00014027301161772504
DSPP_PTPRD,0.00014016088232338302
COL4A3_ITGA11,0.00014015795121086614
COL4A3_CD93,0.0001399862021737919
COL4A4_ITGB3,0.00013769167521449915
COL4A4_ITGA10,0.0001372658081795803
COL2A1_GPC4,0.00013665143250076275
CNTF_EGFR,0.00013590282983879013
DCN_EGFR,0.00013524913594295025
CCL3_CCR3,0.00013383624831246653
LPA_PTPRS,0.00013343089020817822
F13A1_LRP1,0.00013314387170166385
FGF2_FGFR3,0.0001326553668315691
DSPP_SELP,0.00013236379050054434
FGB_ITGA2B,0.00013235788226060495
DRAXIN_DCC,0.00013197801198438532
COL5A1_ITGB3,0.0001317946343643316
DKK2_LRP6,0.00013157087932258582
OXT_OXTR,0.00013140761812231892
COL5A1_ITGA10,0.00013122170054977858
LEFTY2_ACVR2B,0.00013121741489239972
VWF_TNFRSF11B,0.00013066914909354242
LPA_DDR1,0.00013044169498480912
INSL3_ADCYAP1R1,0.00012897848445082638
FAT4_DCHS1,0.00012719808703258358
NTN1_UNC5D,0.00012704047997500227
EFNB2_EPHB2,0.00012664617631640612
ASIP_MC1R,0.0001262680803498576
COL1A1_DDR2,0.00012470088276421792
COL4A3_ITGB5,0.00012466291408380633
CXCL12_DPP4,0.0001236557784680028
WNT3_LRP6,0.0001231246200726775
KNG1_SDC2,0.00012312398132645385
FASLG_FAS,0.00012158410609370738
VTN_KDR,0.0001211722835887776
COL4A4_ITGA11,0.00012022223173544369
COL4A4_CD93,0.00012006716799539601
IL1F10_IL1R1,0.00011793936340937374
IGFL1_IGFLR1,0.00011721278904937346
COL3A1_ITGA2B,0.00011700525196149409
SHANK2_CFTR,0.00011676194456443437
CXCL11_DPP4,0.00011508957161060638
NTNG2_LRRC4,0.00011482973285573989
COL5A1_ITGA11,0.00011423091352150688
COL5A1_CD93,0.00011402230084947569
LHB_LHCGR,0.00011310582364049058
INSL3_ADRB3,0.00011308145610834225
CXCL6_CXCR2,0.00011137870773191226
C3_GRM7,0.00010907653330944334
DHH_BOC,0.00010776571905973439
DSCAM_LRP1,0.0001076592618147858
CXCL2_GRM7,0.00010512306312622478
PTHLH_VIPR1,0.00010356097858116986
NODAL_ACVR1B,0.00010330988917738218
COL5A1_ITGB5,0.00010241133234947283
FGG_ITGB3,0.00010106684119962223
EFNA2_EPHA3,0.00010096924920014068
LIPC_LRP1,0.0001009034889521346
COL2A1_DDR2,0.0001006683591651022
HPX_LRP1,9.969349539839506e-05
VTN_ITGB3,9.953461490708684e-05
RGMA_HFE,9.862342414357601e-05
LPA_LPAR2,9.758553507387145e-05
CCL15_CCR1,9.678665398803506e-05
F13A1_ITGB3,9.564572797771798e-05
EFNB3_EPHB2,9.477408247950142e-05
NCAN_SDC3,9.153729231986355e-05
WNT1_RYK,9.114762180852627e-05
CCL3_CCR4,8.922491710796287e-05
LTA_RIPK1,8.780543761571583e-05
WNT16_FZD6,8.67485525749319e-05
AREG_EGFR,8.601607621949575e-05
NXPH3_NRXN2,8.560859592564513e-05
LHB_GPR84,8.557879747230033e-05
PSPN_SDC3,8.501588753066438e-05
C5_ASGR2,8.474164935119596e-05
LAMA2_ITGB6,8.352099599598302e-05
EFEMP1_EGFR,8.122458184269077e-05
TSLP_IL7R,8.107234412121575e-05
EDN1_EDNRB,8.095106409931431e-05
FGA_ITGAM,8.077225553198872e-05
NDP_LGR4,8.031043880183152e-05
GREM1_KDR,7.98402240751735e-05
PTPN6_CD300LF,7.881179423751609e-05
IL9_IL9R,7.79067679325522e-05
VTN_ITGB5,7.724260906102488e-05
MSTN_ACVR2B,7.673169021666555e-05
EDA_EDA2R,7.671838104124044e-05
CGA_ADCYAP1R1,7.529460024445498e-05
DSCAM_DCC,7.509042211283557e-05
DSCAM_ITGB3,7.502436750151058e-05
TNFSF11_TNFRSF11A,7.48831336619271e-05
CXCL3_GRM7,7.462592252000133e-05
CCL19_CCRL2,7.40701949490178e-05
RGMA_TFR2,7.385608649339149e-05
SFTPD_SIRPA,7.325370458837581e-05
CCL2_CCR3,7.307052794125034e-05
COL4A3_GPC4,7.28733623225784e-05
CCL19_CCR10,7.260630643698752e-05
NCAN_ITGB3,6.885342126362317e-05
OLFM2_ROBO2,6.846016405472309e-05
MMP9_LRP1,6.77073897280515e-05
MBL2_CD93,6.761241662208708e-05
GDF6_BMPR1A,6.758856674772048e-05
LPA_LRP8,6.64280940629338e-05
PF4_LRP1,6.625966043190308e-05
CGA_ADRB3,6.604929168849511e-05
PLG_ITGA9,6.550662546882107e-05
NXPH2_NRXN1,6.516856632279253e-05
INSL3_VIPR1,6.48942753193347e-05
LEFTY2_ACVR1B,6.392279044286103e-05
FASLG_TNFRSF1A,6.257115911320699e-05
CCL17_CCR8,6.111800508565537e-05
SHANK1_ITGA3,6.075818845756967e-05
COL5A1_GPC4,6.0509621232821315e-05
NCAN_CD93,6.0036290886021236e-05
RSPO1_LRP6,5.999768096995285e-05
PTHLH_GPR84,5.903688094962653e-05
WNT3A_RYK,5.7661819044553157e-05
RLN2_ADCYAP1R1,5.694875798173457e-05
FGF12_FGFR3,5.6793919248383586e-05
NGF_KIDINS220,5.622774969659851e-05
GDF10_ACVR1B,5.59704583013962e-05
COLQ_MUSK,5.586812473835463e-05
TPH1_HTR2B,5.5573084214878463e-05
IL24_IL20RA,5.54362336602241e-05
COL4A6_DDR1,5.529287979060752e-05
EDN3_EDNRB,5.4855203520051834e-05
GNB3_GABBR2,5.434908017139926e-05
COL4A3_DDR2,5.4065483980924705e-05
LPA_LRP1,5.3802928484518204e-05
CCL23_CCR1,5.356766210424625e-05
FGF7_FGFR3,5.2512790087753077e-05
DSPP_EGFR,5.2010237390659374e-05
GDF7_BMPR1A,5.157285906214348e-05
KNG1_RXFP4,5.1385403828060384e-05
LPA_SDC1,5.071978004746818e-05
KNG1_GRM7,5.048267573041997e-05
LPA_ITGA3,5.0278482347511036e-05
RLN2_ADRB3,5.007810743515284e-05
COL11A1_COL13A1,4.9488270305354866e-05
COL11A1_ITGA2B,4.8770231327525544e-05
CCL2_CCR4,4.8714152920357565e-05
TGFB3_ITGB6,4.828007551892557e-05
KNG1_BDKRB1,4.786945813881922e-05
COL11A1_BCAM,4.783279155091747e-05
NODAL_ACVR1C,4.742809215831998e-05
CXCL9_CCR3,4.647511595698098e-05
COL4A4_DDR2,4.644325783822652e-05
LAMA3_ITGB6,4.528827836865697e-05
SHANK1_ITGB3,4.517664237924898e-05
SFTPD_TLR4,4.491038980743793e-05
COL5A1_DDR2,4.4666141763841127e-05
MMP13_LRP1,4.382426780213575e-05
TPH1_HTR4,4.3646416886871895e-05
VTN_ITGA8,4.359285223464917e-05
MBL2_CALCR,4.3068160583033777e-05
WNT2_FZD5,4.201377414601956e-05
F13A1_ITGA9,4.199513191368302e-05
LPA_SELP,4.194342594868181e-05
NTF3_NTRK2,4.190784525328834e-05
CCL8_CCR1,4.1499587106113925e-05
VWF_ITGA2B,4.09283998919287e-05
COL1A1_ITGA2B,4.075476404971745e-05
NMU_NMUR2,4.04495490925076e-05
MMP7_SDC1,4.009261556508719e-05
SHANK1_CD93,3.9765186635375655e-05
COL1A1_BCAM,3.97425271961884e-05
VWF_ITGB6,3.9628389495850016e-05
IL3_CSF2RB,3.935308017326584e-05
CGA_VIPR1,3.794667876260855e-05
VTN_TNFRSF11B,3.7896486292359995e-05
CCL26_CCR3,3.771399451784332e-05
LPA_ITGB3,3.747424218484018e-05
LPA_ITGA10,3.743129387896643e-05
WNT3A_FZD6,3.5392734566085905e-05
PTH_LRP6,3.517237989542102e-05
MMP7_CD151,3.497322355144133e-05
WNT2_LRP6,3.484056335092872e-05
INSL3_GPR84,3.4552241364823734e-05
IL3_IL3RA,3.443450496336245e-05
COMP_ITGB3,3.423036413721319e-05
SFTPA2_CD93,3.372602482453447e-05
LPA_ITGA7,3.3358386047461625e-05
LPA_DCHS1,3.317282888302622e-05
CNTF_CNTFR,3.3138589365770075e-05
LPA_ITGA11,3.309155779897239e-05
LPA_CD93,3.307591976082568e-05
LPA_ATP1A3,3.305659268522668e-05
COL2A1_ITGA2B,3.3056299415544655e-05
CNTN2_CNTN1,3.2688916650773647e-05
TNFSF11_LGR4,3.265569201686164e-05
CPAMD8_LRP1,3.24351666582574e-05
SST_SSTR3,3.23032344453448e-05
EFNA2_EPHA4,3.214703927747752e-05
HP_ASGR2,3.1860533132055135e-05
WNT1_FZD5,3.151351198735932e-05
DLL4_NOTCH3,3.1021565340962426e-05
TPH1_HTR7,3.0763316155298864e-05
AMH_ACVR1,3.072254619121761e-05
HP_ASGR1,3.0693108462989464e-05
VEGFC_KDR,2.9910555668196592e-05
CXCL9_GRM7,2.9742370885255458e-05
CCL21_GRM7,2.9705228603292764e-05
CXCL13_GRM7,2.948031587963142e-05
FGA_TLR4,2.9399839333802982e-05
LPA_ITGB5,2.9139466024845558e-05
LPA_STAB2,2.9013462580894245e-05
RLN2_VIPR1,2.8920155890787432e-05
CGA_LHCGR,2.874942698964585e-05
CGA_FSHR,2.8437076774884172e-05
PTH_ADCYAP1R1,2.802081769803166e-05
CXCL11_CCR3,2.794371854866077e-05
IL19_IL20RA,2.782251304999874e-05
RSPO4_LGR4,2.7514911705036662e-05
EDA_EDAR,2.741606415758236e-05
PF4_THBD,2.6521474494542096e-05
WNT1_LRP6,2.6132857159340837e-05
PF4_SDC2,2.6061787931069806e-05
TNFSF11_TNFRSF11B,2.5981510281305326e-05
ASIP_MC3R,2.5140395964993693e-05
ACE2_EGFR,2.494493682575319e-05
RSPO1_LGR4,2.4790820502303492e-05
PTH_ADRB3,2.4615906623088474e-05
TPH1_HTR2C,2.4537649781489837e-05
NID2_COL13A1,2.298921179848349e-05
APOA4_LRP1,2.295833940439381e-05
CPAMD8_ITGB3,2.2702525501381563e-05
CCL15_CCR3,2.2623328603276314e-05
FGA_LRP1,2.2057243546917106e-05
CCL17_CCR4,2.1825836158680054e-05
WNT3A_LRP1,2.1808294449859506e-05
C4BPA_LRP1,2.1541387962815525e-05
MMP9_EPHB2,2.1238649724802763e-05
COL4A6_ITGA3,2.1085132010160597e-05
LPA_SCARA5,2.1003858096651063e-05
LPA_SDC2,2.0780029200056524e-05
LTA_TNFRSF1A,2.0629999307627006e-05
CGA_GPR84,2.0529318619820417e-05
WNT3A_FZD5,2.0403762173812566e-05
FGF14_FGFR3,1.9480624209152042e-05
CXCL12_CCR4,1.928565098113273e-05
TAC1_TACR2,1.8839887738902097e-05
IZUMO1_CD9,1.8728985360097045e-05
CXCL12_GRM7,1.8728310726639285e-05
CGB5_LHCGR,1.8400980542133495e-05
MMP7_ERBB4,1.805105688013081e-05
CXCL11_GRM7,1.787681291506045e-05
COL4A3_ITGA2B,1.7859944419368284e-05
NXPH1_NRXN1,1.7300900181875615e-05
WNT3A_LRP6,1.6958722005071448e-05
RLN2_GPR84,1.6776941969036884e-05
LPA_EGFR,1.6693981823009867e-05
LPA_LPAR1,1.6681780442794515e-05
LPA_ITGA8,1.6628540060090833e-05
LPA_ITGA9,1.6621720111858516e-05
LTA_LTBR,1.5788202593048324e-05
FGA_ITGB3,1.5751403669197236e-05
COL4A6_ITGB3,1.54663399409165e-05
COL4A6_ITGA10,1.54027266399366e-05
GHRL_GHRHR,1.536353028070795e-05
COL4A4_ITGA2B,1.533492924612181e-05
GHRL_PTGIR,1.5051054468830644e-05
CPAMD8_NRXN2,1.4996893689525866e-05
COL5A1_COL13A1,1.4879788680472834e-05
COL5A1_ITGA2B,1.469208420176495e-05
TAC1_TACR1,1.4547977526793552e-05
COL5A1_BCAM,1.4447025576785218e-05
CXCL5_GRM7,1.4346826196878932e-05
NTF4_NTRK2,1.428500089415694e-05
PTH_VIPR1,1.418604696493475e-05
GAL_GALR1,1.3969145400318865e-05
TSHB_ADCYAP1R1,1.3945477319141212e-05
CCL19_GRM7,1.3567154685431582e-05
NTNG2_LRRC4C,1.3528757240790373e-05
FGA_CD93,1.3502249318820821e-05
COL4A6_ITGA11,1.3423661930659353e-05
COL4A6_CD93,1.3400499498355589e-05
WNT3_ROR2,1.2897755926988918e-05
LPA_TNFRSF11B,1.2686647410252639e-05
LPA_LPAR3,1.263990018720738e-05
LPA_DDR2,1.2546480973018766e-05
TSHB_ADRB3,1.2247375857865966e-05
COL4A6_ITGB5,1.2018760355424091e-05
WNT5B_KLRG2,1.1935481575885911e-05
ADAM2_CD9,1.1854954717098832e-05
PYY_DPP4,1.1767279939113844e-05
IL25_IL17RB,1.1656771463346574e-05
ADCYAP1_DPP4,1.1636844010205433e-05
FGG_ITGA2B,1.132960208579493e-05
VTN_ITGA2B,1.1146787714318522e-05
TFF1_FCRL4,1.107606633867114e-05
PF4_GRM7,1.087088549346813e-05
LACRT_SDC1,1.0749877895408626e-05
EDN1_KEL,1.0545697463764188e-05
VTN_ITGB6,1.0412002885868823e-05
FGF18_FGFR3,1.0386893971958643e-05
VEGFC_ITGA9,1.029363134423077e-05
AMH_EGFR,1.0238756855712025e-05
WNT7A_FZD5,1.0231743466174118e-05
ANGPT4_TEK,1.017597130699716e-05
NMU_GRM7,1.0143088207626734e-05
CCL8_CCR3,9.818634705647332e-06
GAL_GRM7,9.560564729720491e-06
SST_GRM7,9.496152704590048e-06
NGF_SORT1,9.467284429165775e-06
CCL25_CCR10,9.012954951876369e-06
PDYN_GRM7,8.950027744837509e-06
WNT7A_LRP6,8.502214096397987e-06
PTH_GPR84,8.00587839268125e-06
PPY_NPY1R,7.95597066580766e-06
EFNA2_EPHA7,7.680799379349602e-06
GHRH_ADCYAP1R1,7.502678311086425e-06
CALCA_ADCYAP1R1,7.3625814776069305e-06
EDN3_KEL,7.3361176606463506e-06
PSPN_GFRA4,7.1735254074578e-06
COL4A6_GPC4,7.088687769125471e-06
TSHB_VIPR1,7.053793391462188e-06
FGA_ITGAD,7.018219955172305e-06
CALCA_CALCRL,6.966010396981204e-06
FSHB_ADCYAP1R1,6.902811548338423e-06
FGA_CDH5,6.724324230581321e-06
NGF_SORCS3,6.684022819241593e-06
ADAM2_ITGA9,6.643265485596451e-06
ADCYAP1_ADCYAP1R1,6.6422561402790385e-06
RSPO4_LGR5,6.633569967579768e-06
GHRH_ADRB3,6.6180917224989e-06
CALCA_ADRB3,6.487389281681887e-06
PPY_GRM7,6.097398961145134e-06
FSHB_ADRB3,6.058449879718496e-06
TPH1_HTR6,5.943998194357885e-06
RSPO1_LGR5,5.834594215074309e-06
ADCYAP1_ADRB3,5.815366385569295e-06
PF4_PROCR,5.625100296377488e-06
RBP4_STRA6,5.4764395837977745e-06
GNRH2_GNRHR,5.4742766506602334e-06
NXPH1_NRXN2,5.391442510350625e-06
COL4A6_DDR2,5.237009538406361e-06
WNT11_MUSK,5.1966994619235185e-06
WNT11_KLRG2,5.100117873100677e-06
EFNA2_EPHA2,4.9937572956882e-06
ANGPT4_TIE1,4.952807135265672e-06
CALCA_CALCR,4.58505180604542e-06
PYY_FAP,4.243478335430016e-06
LPA_COL13A1,4.181491269795246e-06
LPA_ITGA2B,4.1674205531423655e-06
LPA_BCAM,4.149050450845548e-06
LPA_ITGB6,4.137016579161781e-06
TSHB_GPR84,3.9481674980075125e-06
PPBP_GRM7,3.873877119964715e-06
GHRH_VIPR1,3.84707366978747e-06
CALCA_VIPR1,3.7624304843039135e-06
FGF19_FGFR3,3.7012234103179214e-06
CALCA_RAMP1,3.6644286465816833e-06
OBP2A_OR1G1,3.611613433071897e-06
FSHB_VIPR1,3.4846483929011713e-06
ADCYAP1_VIPR1,3.3272269923929138e-06
IL26_IL20RA,2.9051950074803163e-06
SCGB3A2_MARCO,2.8890367354738274e-06
WNT1_ROR2,2.720133249911026e-06
NTF3_NTRK1,2.717517947587441e-06
FSHB_FSHR,2.610939921937534e-06
PYY_NPY1R,2.5001888544434076e-06
AMH_AMHR2,2.4814523045579e-06
GHRH_GPR84,2.4211037835472594e-06
CALCA_GPR84,2.302927890948346e-06
FSHB_GPR84,1.91509812754832e-06
FGF20_FGFR3,1.8539446197451107e-06
CXCL6_GRM7,1.8485092835519212e-06
FGF6_FGFR3,1.8343677567425155e-06
FGA_ITGA2B,1.7578496724521078e-06
CCL25_GRM7,1.7527626889238658e-06
CER1_MRC2,1.7485194773740731e-06
COL4A6_ITGA2B,1.723837890660962e-06
PYY_GRM7,1.71199877835166e-06
ADCYAP1_GPR84,1.6953118043735084e-06
WNT3A_LGR5,1.6613584557373139e-06
FGF3_FGFR3,1.051327452390456e-06
GHRH_GHRHR,1.0408363787429153e-06
FGF4_FGFR3,9.339874712689604e-07
TNFSF18_TNFRSF18,9.224464708494593e-07
NTF4_NTRK1,9.219428205357625e-07
WNT7A_FZD10,8.66288515321209e-07
NGF_NTRK1,8.560345043941922e-07
CLEC2A_KLRF2,8.524868168445957e-07
VIP_AVPR1A,0.0
AVP_VIPR1,0.0
AVP_LDLR,0.0
VIP_VIPR1,0.0
UCN2_CRHR1,0.0
AVP_GPR84,0.0
APOC3_LDLR,0.0
DEFB1_CCR6,0.0
AVP_ADCYAP1R1,0.0
VIP_ADRB3,0.0
AVP_ADRB3,0.0
VIP_GPR84,0.0
AVP_OXTR,0.0
AVP_AVPR1A,0.0
SCT_ADRB3,0.0
RLN2_RXFP3,0.0
APOC3_LRP1,0.0
NPFF_NPFFR1,0.0
APOC3_SDC2,0.0
EDN2_EDNRB,0.0
VIP_ADCYAP1R1,0.0
UTS2_UTS2R,0.0
GDF5_BMPR1A,0.0
EDN2_KEL,0.0
LAMA3_ROBO4,0.0
GPHA2_EPHA6,0.0
LPA_TPO,0.0
GDF5_ROR2,0.0
GDF5_ACVR1,0.0
WNT1_FZD9,0.0
EFNA1_EPHA6,0.0
APOA2_LRP1,0.0
SCT_ADCYAP1R1,0.0
LIN7C_KCNJ4,0.0
SCT_VIPR1,0.0
GDF5_ACVR2B,0.0
APOA2_LDLR,0.0
VIP_DPP4,0.0
PYY_NPY2R,0.0
VIP_RAMP1,0.0
NTN1_UNC5A,0.0
UCN_CRHR1,0.0
PYY_NPY5R,0.0
IFNA8_IFNAR2,0.0
RLN3_GRM7,0.0
GAL_GALR3,0.0
WNT2_FZD9,0.0
IL22_IL21R,0.0
IL22_IL10RB,0.0
PSAP_CD1B,0.0
ASIP_MC4R,0.0
ASIP_MC5R,0.0
GALP_GALR3,0.0
GALP_GALR1,0.0
GUCA2B_GUCY2D,0.0
NMS_NMUR2,0.0
NMS_NMUR1,0.0
NMS_GRM7,0.0
PPY_NPY5R,0.0
PPY_NPY2R,0.0
FGF21_FGFR3,0.0
FGF21_FGFR2,0.0
FGF21_KLB,0.0
B2M_CD1B,0.0
IL36A_IL36RN,0.0
TPH1_HTR1A,0.0
FGL1_EGFR,0.0
INS_LILRB1,0.0
NTN3_CDON,0.0
IFNA21_IFNAR2,0.0
SLIT2_ROBO4,0.0
DKK4_LRP6,0.0
NTN3_NEO1,0.0
IFNA21_IFNAR1,0.0
IL22_IL22RA2,0.0
IFNL3_IL10RB,0.0
IL22_IL10RA,0.0
RLN3_GPR84,0.0
LPL_GPIHBP1,0.0
HCRT_NPFFR2,0.0
ARTN_GFRA3,0.0
HCRT_HCRTR1,0.0
RLN3_RXFP3,0.0
RLN3_RXFP4,0.0
IFNA8_IFNAR1,0.0
LAMA1_ROBO4,0.0
RLN3_VIPR1,0.0
SCT_GPR84,0.0
ANGPTL4_GPIHBP1,0.0
RLN3_ADCYAP1R1,0.0
RLN3_ADRB3,0.0
ACE2_SLC6A19,0.0
SCGB3A1_MARCO,0.0
DEFB4A_TLR4,0.0
SCGB3A1_NOTCH3,0.0
WNT7A_FZD9,0.0
GNAI2_ADRA2B,0.0
GDNF_GFRA3,0.0
VWF_ROBO4,0.0
EFNB2_EPHA6,0.0
NTN4_UNC5A,0.0
RTN4_RTN4RL1,0.0
EFNA2_EPHA6,0.0
PSPN_GFRA3,0.0
LPA_ROBO4,0.0
