cell,cell_type
1,2
2,1
3,0
4,0
5,0
6,0
7,1
8,1
9,0
10,0
11,1
12,1
13,1
14,1
15,0
16,1
17,1
18,0
19,0
20,0
21,0
22,1
23,1
24,1
25,1
26,0
27,1
28,1
29,0
30,2
31,0
32,0
33,1
34,0
35,1
36,1
37,1
38,0
39,0
40,0
41,1
42,0
43,1
44,5
45,1
46,0
47,1
48,0
49,1
50,1
51,0
52,1
53,1
54,0
55,1
56,0
57,1
58,0
59,1
60,0
61,1
62,1
63,1
64,1
65,1
66,1
67,0
68,1
69,0
70,1
71,0
72,2
73,1
74,0
75,1
76,1
77,1
78,0
79,1
80,0
81,1
82,1
83,1
84,0
85,1
86,0
87,1
88,2
89,1
90,1
91,1
92,1
93,0
94,1
95,1
96,1
97,0
98,0
99,0
100,1
101,1
102,0
103,1
104,3
105,0
106,1
107,1
108,0
109,0
110,1
111,1
112,2
113,0
114,0
115,1
116,1
117,0
118,2
119,0
120,0
121,0
122,0
123,0
124,1
125,1
126,1
127,1
128,1
129,1
130,1
131,0
132,1
133,0
134,1
135,0
136,1
137,1
138,2
139,1
140,0
141,1
142,1
143,1
144,0
145,1
146,1
147,0
148,1
149,1
150,0
151,1
152,1
153,0
154,1
155,0
156,1
157,2
158,1
159,0
160,0
161,0
162,1
163,0
164,1
165,1
166,1
167,1
168,0
169,0
170,1
171,0
172,1
173,2
174,1
175,2
176,1
177,1
178,1
179,4
180,1
181,0
182,1
183,0
184,6
185,1
186,0
187,2
188,1
189,1
190,2
191,2
192,1
193,1
194,1
195,2
196,2
197,1
198,1
199,1
200,0
201,0
202,1
203,1
204,1
205,4
206,1
207,4
208,0
209,0
210,2
211,1
212,1
213,1
214,1
215,1
216,0
217,0
218,0
219,1
220,1
221,1
222,1
223,0
224,1
225,0
226,1
227,0
228,2
229,1
230,1
231,1
232,0
233,1
234,1
235,1
236,1
237,0
238,1
239,1
240,1
241,1
242,0
243,1
244,6
245,0
246,1
247,1
248,0
249,0
250,1
251,0
252,3
253,1
254,1
255,0
256,0
257,1
258,1
259,3
260,0
261,2
262,0
263,1
264,1
265,2
266,1
267,1
268,1
269,1
270,1
271,1
272,0
273,0
274,1
275,4
276,1
277,1
278,1
279,1
280,0
281,1
282,1
283,2
284,1
285,1
286,1
287,2
288,0
289,4
290,1
291,0
292,0
293,0
294,1
295,0
296,0
297,0
298,2
299,1
300,1
301,1
302,0
303,0
304,1
305,1
306,0
307,0
308,1
309,0
310,1
311,0
312,0
313,0
314,1
315,0
316,0
317,1
318,1
319,0
320,1
321,3
322,1
323,0
324,1
325,1
326,1
327,1
328,1
329,0
330,0
331,1
332,0
333,0
334,1
335,0
336,1
337,0
338,0
339,0
340,0
341,1
342,1
343,1
344,0
345,2
346,1
347,1
348,0
349,1
350,4
351,0
352,1
353,1
354,1
355,1
356,0
357,0
358,0
359,2
360,0
361,1
362,2
363,0
364,0
365,0
366,0
367,1
368,1
369,3
370,0
371,0
372,0
373,0
374,0
375,0
376,1
377,1
378,0
379,1
380,1
381,1
382,1
383,0
384,0
385,6
386,1
387,1
388,1
389,5
390,2
391,1
392,0
393,1
394,0
395,0
396,0
397,1
398,0
399,1
400,0
401,1
402,1
403,0
404,1
405,1
406,1
407,1
408,0
409,0
410,0
411,1
412,0
413,1
414,1
415,4
416,0
417,4
418,0
419,1
420,1
421,0
422,1
423,1
424,0
425,1
426,1
427,2
428,2
429,2
430,2
431,2
432,1
433,1
434,1
435,1
436,1
437,1
438,2
439,1
440,2
441,1
442,1
443,1
444,1
445,1
446,1
447,1
448,1
449,1
450,1
451,1
452,1
453,1
454,1
455,1
456,2
457,2
458,1
459,1
460,2
461,1
462,1
463,2
464,1
465,1
466,2
467,2
468,1
469,1
470,2
471,1
472,2
473,1
474,2
475,1
476,1
477,1
478,1
479,1
480,1
481,2
482,1
483,1
484,2
485,1
486,1
487,2
488,2
489,2
490,2
491,1
492,1
493,2
494,1
495,1
496,1
497,1
498,1
499,1
500,2
501,1
502,1
503,2
504,2
505,2
506,2
507,1
508,2
509,2
510,1
511,2
512,2
513,1
514,1
515,2
516,1
517,2
518,1
519,1
520,1
521,1
522,1
523,1
524,1
525,1
526,1
527,1
528,1
529,1
530,1
531,1
532,1
533,1
534,1
535,1
536,1
537,1
538,6
539,1
540,1
541,1
542,1
543,1
544,1
545,2
546,1
547,1
548,1
549,1
550,1
551,2
552,1
553,1
554,2
555,2
556,1
557,1
558,1
559,1
560,1
561,2
562,1
563,1
564,2
565,1
566,1
567,1
568,1
569,1
570,1
571,1
572,2
573,2
574,1
575,1
576,0
577,0
578,0
579,0
580,0
581,1
582,1
583,0
584,0
585,0
586,1
587,1
588,0
589,0
590,0
591,1
592,0
593,1
594,1
595,1
596,1
597,0
598,2
599,0
600,1
601,2
602,0
603,0
604,0
605,0
606,1
607,0
608,0
609,1
610,0
611,0
612,0
613,1
614,1
615,1
616,0
617,0
618,1
619,0
620,0
621,0
622,0
623,0
624,1
625,0
626,2
627,1
628,0
629,0
630,0
631,1
632,2
633,1
634,1
635,1
636,2
637,0
638,0
639,1
640,0
641,0
642,1
643,1
644,1
645,1
646,0
647,0
648,0
649,0
650,1
651,0
652,0
653,0
654,0
655,2
656,0
657,0
658,0
659,1
660,2
661,1
662,0
663,1
664,1
665,0
666,2
667,0
668,0
669,2
670,2
671,1
672,0
673,0
674,0
675,0
676,1
677,2
678,1
679,1
680,0
681,1
682,0
683,2
684,1
685,1
686,0
687,1
688,1
689,1
690,0
691,1
692,1
693,0
694,0
695,1
696,0
697,2
698,0
699,0
700,2
701,1
702,0
703,1
704,1
705,0
706,1
707,1
708,1
709,1
710,1
711,0
712,0
713,2
714,1
715,0
716,2
717,1
718,1
719,0
720,0
721,0
722,0
723,1
724,2
725,0
726,0
727,0
728,1
729,0
730,0
731,0
732,0
733,0
734,0
735,1
736,1
737,1
738,1
739,1
740,2
741,0
742,0
743,0
744,0
745,2
746,2
747,1
748,1
749,0
750,1
751,1
752,0
753,2
754,0
755,0
756,1
757,0
758,0
759,1
760,0
761,0
762,1
763,0
764,1
765,1
766,1
767,0
768,0
769,2
770,1
771,0
772,2
773,2
774,0
775,1
776,1
777,1
778,0
779,0
780,0
781,0
782,1
783,1
784,0
785,1
786,0
787,0
788,0
789,0
790,0
791,1
792,0
793,0
794,0
795,1
796,1
797,1
798,2
799,0
800,0
801,1
802,1
803,1
804,2
805,0
806,0
807,2
808,2
809,0
810,0
811,0
812,0
813,1
814,0
815,1
816,1
817,0
818,0
819,0
820,0
821,0
822,0
823,0
824,0
825,2
826,0
827,0
828,2
829,1
830,1
831,1
832,0
833,1
834,2
835,0
836,1
837,0
838,1
839,0
840,2
841,0
842,1
843,4
844,0
845,0
846,1
847,0
848,2
849,0
850,0
851,2
852,1
853,1
854,0
855,2
856,0
857,0
858,1
859,1
860,1
861,0
862,0
863,2
864,2
865,1
866,1
867,1
868,0
869,1
870,1
871,0
872,1
873,1
874,0
875,0
876,1
877,1
878,0
879,0
880,0
881,1
882,0
883,0
884,0
885,0
886,0
887,0
888,1
889,0
890,0
891,1
892,0
893,1
894,0
895,1
896,1
897,1
898,1
899,0
900,2
901,0
902,1
903,2
904,2
905,1
906,0
907,2
908,0
909,0
910,0
911,1
912,1
913,1
914,0
915,1
916,0
917,0
918,1
919,0
920,1
921,0
922,1
923,0
924,1
925,0
926,0
927,1
928,1
929,0
930,0
931,0
932,1
933,0
934,1
935,1
936,0
937,0
938,2
939,1
940,0
941,1
942,0
943,2
944,1
945,0
946,1
947,0
948,1
949,1
950,1
951,0
952,0
953,1
954,0
955,0
956,1
957,0
958,1
959,4
960,0
961,0
962,0
963,0
964,0
965,0
966,1
967,0
968,0
969,0
970,0
971,1
972,0
973,1
974,0
975,0
976,0
977,0
978,0
979,1
980,0
981,0
982,1
983,0
984,0
985,0
986,0
987,0
988,1
989,0
990,0
991,0
992,0
993,0
994,1
995,0
996,0
997,0
998,0
999,1
1000,1
1001,0
1002,0
1003,0
1004,4
1005,0
1006,1
1007,5
1008,0
1009,0
1010,0
1011,0
1012,1
1013,0
1014,0
1015,0
1016,0
1017,0
1018,0
1019,0
1020,0
1021,1
1022,0
1023,0
1024,0
1025,3
1026,0
1027,1
1028,0
1029,0
1030,0
1031,1
1032,1
1033,0
1034,0
1035,1
1036,1
1037,1
1038,0
1039,0
1040,0
1041,1
1042,4
1043,1
1044,0
1045,0
1046,0
1047,0
1048,0
1049,0
1050,0
1051,1
1052,1
1053,0
1054,0
1055,0
1056,0
1057,0
1058,1
1059,0
1060,0
1061,1
1062,0
1063,0
1064,0
1065,0
1066,0
1067,0
1068,4
1069,0
1070,0
1071,0
1072,0
1073,0
1074,0
1075,0
1076,0
1077,0
1078,1
1079,0
1080,1
1081,0
1082,1
1083,0
1084,0
1085,0
1086,0
1087,0
1088,1
1089,0
1090,0
1091,0
1092,2
1093,0
1094,0
1095,0
1096,0
1097,1
1098,0
1099,0
1100,1
1101,1
1102,0
1103,0
1104,0
1105,0
1106,0
1107,1
1108,0
1109,1
1110,4
1111,4
1112,0
1113,0
1114,0
1115,1
1116,0
1117,1
1118,0
1119,1
1120,2
1121,0
1122,0
1123,1
1124,0
1125,0
1126,0
1127,0
1128,1
1129,1
1130,0
1131,0
1132,0
1133,1
1134,0
1135,0
1136,0
1137,0
1138,0
1139,1
1140,4
1141,0
1142,0
1143,0
1144,0
1145,0
1146,0
1147,0
1148,0
1149,0
1150,0
1151,0
1152,0
1153,5
1154,1
1155,1
1156,0
1157,0
1158,1
1159,1
1160,0
1161,1
1162,1
1163,0
1164,0
1165,0
1166,0
1167,0
1168,0
1169,0
1170,0
1171,0
1172,0
1173,0
1174,0
1175,0
1176,1
1177,0
1178,0
1179,2
1180,2
1181,0
1182,1
1183,0
1184,0
1185,1
1186,0
1187,1
1188,0
1189,1
1190,0
1191,5
1192,4
1193,0
1194,0
1195,1
1196,0
1197,1
1198,1
1199,0
1200,0
1201,1
1202,0
1203,0
1204,6
1205,1
1206,1
1207,0
1208,0
1209,0
1210,1
1211,0
1212,1
1213,0
1214,0
1215,1
1216,0
1217,0
1218,0
1219,1
1220,0
1221,1
1222,0
1223,1
1224,0
1225,0
1226,0
1227,3
1228,0
1229,0
1230,1
1231,0
1232,1
1233,0
1234,0
1235,0
1236,0
1237,0
1238,0
1239,0
1240,1
1241,0
1242,1
1243,0
1244,0
1245,1
1246,1
1247,0
1248,0
1249,1
1250,0
1251,1
1252,1
1253,0
1254,0
1255,0
1256,4
1257,1
1258,1
1259,1
1260,1
1261,0
1262,1
1263,1
1264,0
1265,1
1266,0
1267,0
1268,1
1269,0
1270,0
1271,0
1272,0
1273,0
1274,1
1275,1
1276,0
1277,0
1278,6
1279,0
1280,0
1281,0
1282,0
1283,1
1284,0
1285,1
1286,0
1287,1
1288,0
1289,0
1290,0
1291,0
1292,0
1293,1
1294,1
1295,0
1296,1
1297,0
1298,0
1299,1
1300,1
1301,1
1302,0
1303,0
1304,0
1305,0
1306,0
1307,1
1308,0
1309,0
1310,0
1311,1
1312,0
1313,0
1314,0
1315,0
1316,1
1317,1
1318,0
1319,0
1320,1
1321,1
1322,0
1323,1
1324,0
1325,0
1326,1
1327,0
1328,0
1329,0
1330,0
1331,0
1332,0
1333,0
1334,0
1335,0
1336,0
1337,1
1338,1
1339,0
1340,1
1341,1
1342,1
1343,1
1344,1
1345,0
1346,0
1347,1
1348,0
1349,1
1350,0
1351,0
1352,4
1353,0
1354,0
1355,0
1356,0
1357,0
1358,2
1359,0
1360,0
1361,0
1362,0
1363,0
1364,1
1365,1
1366,0
1367,0
1368,5
1369,1
1370,1
1371,1
1372,0
1373,0
1374,0
1375,0
1376,1
1377,0
1378,1
1379,1
1380,1
1381,2
1382,0
1383,0
1384,0
1385,0
1386,0
1387,0
1388,0
1389,1
1390,0
1391,1
1392,1
1393,0
1394,0
1395,1
1396,0
1397,0
1398,0
1399,1
1400,1
1401,0
1402,5
1403,0
1404,0
1405,0
1406,0
1407,0
1408,1
1409,1
1410,0
1411,1
1412,1
1413,1
1414,0
1415,1
1416,0
1417,0
1418,1
1419,0
1420,0
1421,0
1422,4
1423,0
1424,0
1425,1
1426,1
1427,1
1428,1
1429,1
1430,0
1431,0
1432,0
1433,0
1434,0
1435,0
1436,0
1437,0
1438,0
1439,0
1440,1
1441,1
1442,0
1443,0
1444,1
1445,0
1446,0
1447,0
1448,0
1449,0
1450,0
1451,0
1452,0
1453,1
1454,1
1455,0
1456,1
1457,1
1458,1
1459,0
1460,1
1461,0
1462,0
1463,0
1464,0
1465,0
1466,0
1467,0
1468,1
1469,1
1470,4
1471,1
1472,4
1473,1
1474,0
1475,0
1476,0
1477,0
1478,0
1479,0
1480,0
1481,1
1482,0
1483,1
1484,1
1485,0
1486,1
1487,0
1488,1
1489,0
1490,0
1491,0
1492,1
1493,0
1494,1
1495,0
1496,0
1497,0
1498,1
1499,1
1500,1
1501,0
1502,0
1503,1
1504,1
1505,1
1506,1
1507,0
1508,1
1509,1
1510,1
1511,1
1512,1
1513,1
1514,0
1515,1
1516,1
1517,0
1518,1
1519,1
1520,6
1521,1
1522,1
1523,1
1524,1
1525,1
1526,1
1527,1
1528,1
1529,1
1530,1
1531,4
1532,3
1533,1
1534,1
1535,1
1536,1
1537,0
1538,1
1539,1
1540,1
1541,2
1542,1
1543,1
1544,1
1545,1
1546,1
1547,1
1548,4
1549,1
1550,1
1551,1
1552,1
1553,1
1554,1
1555,1
1556,1
1557,1
1558,5
1559,1
1560,0
1561,1
1562,2
1563,1
1564,1
1565,0
1566,1
1567,2
1568,1
1569,1
1570,1
1571,1
1572,1
1573,6
1574,1
1575,1
1576,1
1577,6
1578,1
1579,2
1580,1
1581,1
1582,3
1583,1
1584,1
1585,1
1586,1
1587,1
1588,1
1589,5
1590,4
1591,1
1592,2
1593,1
1594,1
1595,1
1596,1
1597,1
1598,1
1599,1
1600,1
1601,1
1602,1
1603,1
1604,1
1605,1
1606,0
1607,0
1608,3
1609,0
1610,1
1611,1
1612,1
1613,1
1614,1
1615,1
1616,1
1617,2
1618,1
1619,1
1620,1
1621,1
1622,1
1623,4
1624,0
1625,1
1626,1
1627,1
1628,6
1629,1
1630,0
1631,1
1632,2
1633,4
1634,1
1635,1
1636,2
1637,0
1638,1
1639,1
1640,1
1641,1
1642,1
1643,4
1644,0
1645,2
1646,1
1647,3
1648,1
1649,1
1650,1
1651,1
1652,1
1653,1
1654,1
1655,0
1656,1
1657,1
1658,3
1659,1
1660,1
1661,1
1662,1
1663,1
1664,2
1665,1
1666,1
1667,6
1668,1
1669,1
1670,1
1671,1
1672,1
1673,4
1674,5
1675,1
1676,1
1677,1
1678,1
1679,6
1680,6
1681,1
1682,1
1683,4
1684,3
1685,1
1686,1
1687,1
1688,1
1689,1
1690,1
1691,3
1692,1
1693,1
1694,1
1695,1
1696,1
1697,1
1698,6
1699,1
1700,1
1701,1
1702,0
1703,0
1704,1
1705,1
1706,1
1707,1
1708,1
1709,6
1710,0
1711,1
1712,1
1713,2
1714,3
1715,1
1716,3
1717,1
1718,1
1719,1
1720,1
1721,1
1722,1
1723,1
1724,2
1725,1
1726,1
1727,1
1728,1
1729,1
1730,1
1731,1
1732,0
1733,1
1734,1
1735,1
1736,1
1737,2
1738,6
1739,1
1740,5
1741,1
1742,1
1743,1
1744,6
1745,1
1746,1
1747,1
1748,1
1749,1
1750,1
1751,1
1752,0
1753,2
1754,1
1755,2
1756,1
1757,1
1758,3
1759,2
1760,1
1761,1
1762,1
1763,1
1764,0
1765,3
1766,1
1767,1
1768,1
1769,5
1770,1
1771,0
1772,2
1773,1
1774,2
1775,2
1776,1
1777,1
1778,1
1779,1
1780,1
1781,0
1782,2
1783,1
1784,1
1785,2
1786,1
1787,1
1788,1
1789,1
1790,1
1791,1
1792,0
1793,1
1794,1
1795,1
1796,2
1797,2
1798,1
1799,1
1800,1
1801,1
1802,1
1803,1
1804,1
1805,1
1806,3
1807,1
1808,1
1809,1
1810,1
1811,1
1812,1
1813,1
1814,1
1815,1
1816,4
1817,1
1818,0
1819,5
1820,0
1821,3
1822,1
1823,1
1824,1
1825,1
1826,1
1827,1
1828,1
1829,1
1830,1
1831,1
1832,1
1833,1
1834,6
1835,1
1836,1
1837,1
1838,1
1839,1
1840,0
1841,1
1842,1
1843,1
1844,6
1845,0
1846,1
1847,1
1848,2
1849,1
1850,0
1851,1
1852,1
1853,1
1854,1
1855,1
1856,1
1857,1
1858,1
1859,2
1860,1
1861,1
1862,2
1863,0
1864,1
1865,1
1866,1
1867,3
1868,1
1869,1
1870,1
1871,1
1872,1
1873,1
1874,1
1875,1
1876,2
1877,1
1878,0
1879,1
1880,1
1881,1
1882,1
1883,1
1884,1
1885,1
1886,1
1887,2
1888,1
1889,1
1890,1
1891,1
1892,1
1893,1
1894,1
1895,1
1896,3
1897,1
1898,4
1899,1
1900,2
1901,1
1902,1
1903,1
1904,1
1905,1
1906,1
1907,1
1908,1
1909,1
1910,1
1911,1
1912,1
1913,1
1914,1
1915,1
1916,1
1917,1
1918,2
1919,1
1920,1
1921,1
1922,1
1923,1
1924,1
1925,1
1926,3
1927,1
1928,4
1929,1
1930,1
1931,1
1932,1
1933,0
1934,1
1935,3
1936,1
1937,1
1938,1
1939,1
1940,1
1941,1
1942,1
1943,1
1944,1
1945,6
1946,1
1947,1
1948,1
1949,1
1950,1
1951,1
1952,1
1953,3
1954,1
1955,1
1956,1
1957,1
1958,1
1959,1
1960,5
1961,0
1962,0
1963,2
1964,0
1965,0
1966,2
1967,2
1968,0
1969,0
1970,0
1971,1
1972,0
1973,2
1974,0
1975,0
1976,2
1977,2
1978,0
1979,0
1980,0
1981,6
1982,2
1983,0
1984,1
1985,0
1986,2
1987,2
1988,0
1989,2
1990,0
1991,2
1992,2
1993,0
1994,2
1995,0
1996,0
1997,0
1998,0
1999,0
2000,2
2001,1
2002,2
2003,2
2004,0
2005,0
2006,2
2007,2
2008,0
2009,0
2010,0
2011,0
2012,2
2013,2
2014,0
2015,1
2016,1
2017,2
2018,2
2019,1
2020,0
2021,0
2022,0
2023,0
2024,1
2025,0
2026,2
2027,0
2028,0
2029,0
2030,0
2031,2
2032,1
2033,2
2034,1
2035,0
2036,0
2037,0
2038,0
2039,0
2040,0
2041,0
2042,2
2043,2
2044,0
2045,1
2046,0
2047,4
2048,2
2049,0
2050,2
2051,0
2052,0
2053,0
2054,0
2055,2
2056,0
2057,2
2058,0
2059,0
2060,0
2061,0
2062,5
2063,5
2064,0
2065,0
2066,0
2067,0
2068,0
2069,0
2070,0
2071,0
2072,5
2073,0
2074,0
2075,0
2076,0
2077,0
2078,0
2079,0
2080,0
2081,0
2082,0
2083,0
2084,0
2085,0
2086,5
2087,0
2088,5
2089,0
2090,0
2091,0
2092,0
2093,0
2094,0
2095,0
2096,0
2097,0
2098,0
2099,0
2100,0
2101,0
2102,0
2103,0
2104,0
2105,0
2106,5
2107,0
2108,0
2109,3
2110,0
2111,0
2112,0
2113,0
2114,0
2115,0
2116,0
2117,0
2118,5
2119,0
2120,2
2121,1
2122,1
2123,1
2124,1
2125,2
2126,1
2127,1
2128,1
2129,1
2130,1
2131,1
2132,1
2133,1
2134,1
2135,1
2136,1
2137,1
2138,1
2139,2
2140,2
2141,2
2142,2
2143,1
2144,6
2145,1
2146,1
2147,2
2148,1
2149,1
2150,1
2151,1
2152,1
2153,1
2154,1
2155,2
2156,1
2157,1
2158,1
2159,1
2160,1
2161,1
2162,1
2163,1
2164,1
2165,2
2166,1
2167,1
2168,1
2169,1
2170,1
2171,1
2172,2
2173,2
2174,1
2175,2
2176,2
2177,1
2178,1
2179,1
2180,2
2181,1
2182,2
2183,1
2184,2
2185,1
2186,1
2187,1
2188,2
2189,1
2190,2
2191,2
2192,1
2193,1
2194,1
2195,1
2196,1
2197,1
2198,0
2199,3
2200,1
2201,0
2202,2
2203,1
2204,1
2205,1
2206,1
2207,1
2208,2
2209,1
2210,1
2211,1
2212,1
2213,2
2214,1
2215,0
2216,1
2217,1
2218,1
2219,1
2220,1
2221,1
2222,1
2223,1
2224,1
2225,0
2226,1
2227,1
2228,1
2229,1
2230,1
2231,1
2232,1
2233,2
2234,1
2235,1
2236,1
2237,2
2238,1
2239,1
2240,1
2241,1
2242,1
2243,1
2244,1
2245,1
2246,1
2247,1
2248,1
2249,1
2250,1
2251,1
2252,1
2253,1
2254,1
2255,1
2256,1
2257,1
2258,4
2259,5
2260,0
2261,0
2262,0
2263,0
2264,0
2265,0
2266,4
2267,4
2268,0
2269,0
2270,4
2271,4
2272,0
2273,0
2274,5
2275,0
2276,0
2277,0
2278,0
2279,0
2280,0
2281,0
2282,0
2283,4
2284,0
2285,0
2286,0
2287,4
2288,0
2289,4
2290,4
2291,0
2292,0
2293,0
2294,0
2295,0
2296,4
2297,0
2298,0
2299,0
2300,0
2301,0
2302,0
2303,0
2304,0
2305,0
2306,1
2307,0
2308,2
2309,0
2310,0
2311,1
2312,0
2313,0
2314,0
2315,0
2316,0
2317,1
2318,0
2319,0
2320,1
2321,0
2322,1
2323,0
2324,0
2325,0
2326,1
2327,0
2328,0
2329,0
2330,0
2331,0
2332,0
2333,0
2334,1
2335,1
2336,1
2337,0
2338,0
2339,0
2340,0
2341,1
2342,0
2343,0
2344,0
2345,1
2346,1
2347,1
2348,1
2349,1
2350,0
2351,0
2352,0
2353,0
2354,0
2355,1
2356,1
2357,0
2358,5
2359,0
2360,0
2361,0
2362,0
2363,0
2364,0
2365,0
2366,0
2367,1
2368,0
2369,1
2370,1
2371,0
2372,1
2373,1
2374,0
2375,0
2376,1
2377,0
2378,0
2379,0
2380,0
2381,0
2382,0
2383,0
2384,1
2385,2
2386,1
2387,1
2388,0
2389,1
2390,6
2391,0
2392,0
2393,6
2394,0
2395,0
2396,0
2397,0
2398,1
2399,0
2400,0
2401,0
2402,0
2403,0
2404,2
2405,1
2406,0
2407,3
2408,0
2409,0
2410,0
2411,1
2412,0
2413,0
2414,0
2415,0
2416,0
2417,5
2418,1
2419,1
2420,0
2421,1
2422,0
2423,0
2424,0
2425,0
2426,0
2427,1
2428,0
2429,2
2430,0
2431,0
2432,1
2433,2
2434,0
2435,1
2436,0
2437,0
2438,0
2439,0
2440,0
2441,1
2442,0
2443,0
2444,0
2445,0
2446,1
2447,0
2448,0
2449,0
2450,1
2451,3
2452,2
2453,0
2454,1
2455,1
2456,0
2457,4
2458,1
2459,0
2460,0
2461,2
2462,0
2463,0
2464,0
2465,1
2466,0
2467,1
2468,0
2469,0
2470,0
2471,0
2472,0
2473,0
2474,0
2475,0
2476,1
2477,1
2478,0
2479,1
2480,0
2481,1
2482,0
2483,0
2484,1
2485,0
2486,1
2487,0
2488,0
2489,0
2490,1
2491,0
2492,2
2493,1
2494,0
2495,1
2496,0
2497,0
2498,1
2499,1
2500,1
2501,1
2502,0
2503,0
2504,0
2505,0
2506,0
2507,0
2508,2
2509,1
2510,2
2511,6
2512,1
2513,1
2514,2
2515,1
2516,1
2517,1
2518,1
2519,1
2520,1
2521,1
2522,2
2523,1
2524,2
2525,1
2526,1
2527,3
2528,1
2529,1
2530,2
2531,1
2532,1
2533,2
2534,1
2535,2
2536,1
2537,1
2538,1
2539,1
2540,6
2541,1
2542,2
2543,2
2544,2
2545,2
2546,1
2547,1
2548,2
2549,1
2550,2
2551,2
2552,2
2553,1
2554,2
2555,1
2556,1
2557,6
2558,2
2559,1
2560,1
2561,1
2562,1
2563,6
2564,1
2565,2
2566,1
2567,1
2568,2
2569,2
2570,2
2571,3
2572,1
2573,6
2574,1
2575,1
2576,1
2577,1
2578,1
2579,5
2580,5
2581,1
2582,1
2583,1
2584,1
2585,1
2586,2
2587,3
2588,2
2589,1
2590,2
2591,2
2592,2
2593,1
2594,2
2595,2
2596,2
2597,2
2598,3
2599,1
2600,1
2601,2
2602,2
2603,3
2604,1
2605,5
2606,1
2607,2
2608,2
2609,6
2610,1
2611,6
2612,1
2613,2
2614,1
2615,2
2616,2
2617,6
2618,5
2619,3
2620,1
2621,1
2622,5
2623,1
2624,1
2625,0
2626,1
2627,1
2628,1
2629,5
2630,3
2631,2
2632,2
2633,2
2634,0
2635,5
2636,1
2637,2
2638,2
2639,1
2640,1
2641,1
2642,2
2643,2
2644,1
2645,1
2646,1
2647,1
2648,1
2649,2
2650,1
2651,1
2652,1
2653,2
2654,1
2655,1
2656,2
2657,1
2658,2
2659,5
2660,1
2661,1
2662,3
2663,1
2664,2
2665,2
2666,1
2667,2
2668,2
2669,1
2670,2
2671,2
2672,2
2673,1
2674,1
2675,2
2676,2
2677,1
2678,2
2679,2
2680,1
2681,2
2682,2
2683,5
2684,2
2685,1
2686,5
2687,6
2688,2
2689,1
2690,1
2691,1
2692,1
2693,2
2694,5
2695,1
2696,2
2697,1
2698,0
2699,3
2700,6
2701,2
2702,2
2703,2
2704,1
2705,1
2706,1
2707,1
2708,0
2709,5
2710,1
2711,2
2712,2
2713,1
2714,1
2715,1
2716,1
2717,1
2718,1
2719,2
2720,2
2721,1
2722,2
2723,2
2724,2
2725,1
2726,1
2727,2
2728,1
2729,1
2730,1
2731,5
2732,1
2733,1
2734,1
2735,1
2736,2
2737,1
2738,5
2739,2
2740,2
2741,6
2742,2
2743,2
2744,2
2745,1
2746,3
2747,1
2748,2
2749,2
2750,6
2751,1
2752,6
2753,1
2754,2
2755,1
2756,5
2757,1
2758,0
2759,1
2760,2
2761,6
2762,1
2763,1
2764,1
2765,1
2766,6
2767,2
2768,2
2769,1
2770,2
2771,2
2772,1
2773,2
2774,2
2775,1
2776,1
2777,1
2778,1
2779,2
2780,1
2781,2
2782,1
2783,1
2784,2
2785,2
2786,0
2787,2
2788,1
2789,2
2790,2
2791,1
2792,3
2793,1
2794,1
2795,1
2796,0
2797,6
2798,1
2799,1
2800,0
2801,1
2802,1
2803,2
2804,1
2805,1
2806,1
2807,1
2808,2
2809,1
2810,5
2811,2
2812,1
2813,1
2814,2
2815,1
2816,6
2817,2
2818,1
2819,3
2820,1
2821,2
2822,2
2823,3
2824,2
2825,1
2826,2
2827,2
2828,5
2829,1
2830,1
2831,2
2832,0
2833,2
2834,6
2835,1
2836,6
2837,2
2838,2
2839,1
2840,2
2841,1
2842,1
2843,2
2844,1
2845,5
2846,2
2847,2
2848,0
2849,0
2850,0
2851,0
2852,0
2853,0
2854,0
2855,0
2856,0
2857,0
2858,0
2859,0
2860,0
2861,0
2862,0
2863,0
2864,0
2865,0
2866,0
2867,0
2868,0
2869,0
2870,0
2871,0
2872,0
2873,0
2874,0
2875,0
2876,0
2877,0
2878,0
2879,0
2880,0
2881,0
2882,0
2883,0
2884,0
2885,0
2886,0
2887,0
2888,0
2889,0
2890,0
2891,0
2892,0
2893,0
2894,0
2895,0
2896,0
2897,0
2898,0
2899,0
2900,0
2901,0
2902,0
2903,0
2904,0
2905,0
2906,0
2907,0
2908,0
2909,0
2910,0
2911,0
2912,0
2913,0
2914,0
2915,0
2916,0
2917,0
2918,0
2919,0
2920,0
2921,0
2922,0
2923,0
2924,0
2925,0
2926,0
2927,0
2928,0
2929,0
2930,0
2931,0
2932,0
2933,0
2934,0
2935,0
2936,0
2937,0
2938,0
2939,0
2940,0
2941,0
2942,0
2943,0
2944,0
2945,0
2946,0
2947,0
2948,0
2949,0
2950,0
2951,0
2952,0
2953,0
2954,0
2955,0
2956,0
2957,0
2958,0
2959,0
2960,2
2961,3
2962,1
2963,1
2964,1
2965,1
2966,1
2967,1
2968,1
2969,1
2970,2
2971,2
2972,2
2973,1
2974,3
2975,1
2976,1
2977,1
2978,2
2979,3
2980,1
2981,2
2982,1
2983,1
2984,1
2985,2
2986,1
2987,1
2988,1
2989,1
2990,2
2991,1
2992,1
2993,1
2994,2
2995,1
2996,1
2997,1
2998,1
2999,2
3000,1
3001,3
3002,1
3003,1
3004,1
3005,2
3006,1
3007,1
3008,2
3009,1
3010,1
3011,1
3012,1
3013,2
3014,2
3015,1
3016,1
3017,1
3018,1
3019,2
3020,1
3021,1
3022,1
3023,1
3024,1
3025,1
3026,1
3027,1
3028,2
3029,2
3030,1
3031,1
3032,1
3033,1
3034,1
3035,2
3036,1
3037,3
3038,2
3039,1
3040,2
3041,1
3042,1
3043,1
3044,1
3045,2
3046,1
3047,1
3048,1
3049,1
3050,1
3051,0
3052,1
3053,2
3054,1
3055,1
3056,1
3057,1
3058,2
3059,3
3060,1
3061,2
3062,1
3063,2
3064,1
3065,2
3066,1
3067,2
3068,3
3069,2
3070,2
3071,2
3072,1
3073,2
3074,1
3075,2
3076,1
3077,1
3078,1
3079,1
3080,1
3081,1
3082,1
3083,1
3084,1
3085,1
3086,1
3087,1
3088,1
3089,1
3090,1
3091,2
3092,1
3093,1
3094,2
3095,2
3096,1
3097,1
3098,1
3099,1
3100,3
3101,2
3102,1
3103,3
3104,2
3105,2
3106,3
3107,1
3108,2
3109,1
3110,3
3111,2
3112,1
3113,2
3114,2
3115,2
3116,2
3117,1
3118,1
3119,1
3120,2
3121,1
3122,1
3123,3
3124,2
3125,2
3126,3
3127,1
3128,1
3129,1
3130,1
3131,3
3132,2
3133,2
3134,1
3135,3
3136,2
3137,1
3138,1
3139,3
3140,2
3141,1
3142,1
3143,1
3144,2
3145,1
3146,2
3147,1
3148,1
3149,2
3150,1
3151,1
3152,1
3153,2
3154,1
3155,1
3156,1
3157,1
3158,1
3159,1
3160,1
3161,1
3162,1
3163,2
3164,1
3165,2
3166,2
3167,1
3168,2
3169,3
3170,2
3171,2
3172,2
3173,1
3174,2
3175,1
3176,1
3177,2
3178,3
3179,2
3180,1
3181,1
3182,2
3183,2
3184,1
3185,1
3186,1
3187,1
3188,1
3189,3
3190,1
3191,1
3192,2
3193,1
3194,1
3195,2
3196,2
3197,2
3198,1
3199,3
3200,2
3201,1
3202,1
3203,2
3204,1
3205,3
3206,3
3207,4
3208,1
3209,0
3210,0
3211,1
3212,0
3213,1
3214,1
3215,1
3216,2
3217,0
3218,0
3219,0
3220,1
3221,1
3222,0
3223,1
3224,2
3225,0
3226,0
3227,0
3228,0
3229,1
3230,0
3231,2
3232,0
3233,0
3234,0
3235,0
3236,0
3237,1
3238,1
3239,0
3240,0
3241,0
3242,1
3243,0
3244,0
3245,3
3246,0
3247,1
3248,2
3249,3
3250,1
3251,2
3252,1
3253,1
3254,1
3255,0
3256,0
3257,1
3258,0
3259,0
3260,1
3261,1
3262,1
3263,0
3264,1
3265,0
3266,0
3267,6
3268,1
3269,0
3270,2
3271,0
3272,0
3273,1
3274,0
3275,2
3276,0
3277,1
3278,2
3279,0
3280,2
3281,0
3282,2
3283,1
3284,1
3285,2
3286,0
3287,0
3288,2
3289,1
3290,1
3291,1
3292,0
3293,0
3294,1
3295,0
3296,0
3297,2
3298,0
3299,1
3300,1
3301,2
3302,0
3303,2
3304,1
3305,0
3306,1
3307,0
3308,0
3309,2
3310,1
3311,0
3312,0
3313,1
3314,2
3315,0
3316,0
3317,2
3318,0
3319,2
3320,1
3321,3
3322,0
3323,1
3324,1
3325,0
3326,1
3327,2
3328,1
3329,1
3330,1
3331,0
3332,1
3333,0
3334,3
3335,0
3336,1
3337,2
3338,0
3339,2
3340,1
3341,0
3342,2
3343,1
3344,0
3345,1
3346,1
3347,1
3348,0
3349,1
3350,0
3351,1
3352,2
3353,0
3354,0
3355,1
3356,1
3357,1
3358,0
3359,0
3360,0
3361,0
3362,1
3363,0
3364,1
3365,0
3366,3
3367,2
3368,1
3369,0
3370,1
3371,2
3372,1
3373,1
3374,1
3375,0
3376,0
3377,0
3378,0
3379,0
3380,1
3381,0
3382,1
3383,0
3384,1
3385,1
3386,2
3387,0
3388,1
3389,2
3390,1
3391,1
3392,0
3393,2
3394,0
3395,0
3396,0
3397,0
3398,1
3399,0
3400,1
3401,0
3402,0
3403,1
3404,0
3405,0
3406,0
3407,0
3408,1
3409,0
3410,0
3411,0
3412,1
3413,2
3414,2
3415,0
3416,1
3417,1
3418,2
3419,2
3420,1
3421,0
3422,1
3423,1
3424,2
3425,5
3426,0
3427,1
3428,2
3429,0
3430,1
3431,3
3432,1
3433,1
3434,5
3435,4
3436,1
3437,1
3438,1
3439,4
3440,1
3441,1
3442,1
3443,1
3444,1
3445,1
3446,1
3447,0
3448,1
3449,1
3450,4
3451,1
3452,0
3453,4
3454,1
3455,1
3456,2
3457,1
3458,1
3459,2
3460,2
3461,2
3462,1
3463,1
3464,1
3465,2
3466,2
3467,2
3468,1
3469,5
3470,1
3471,2
3472,1
3473,1
3474,1
3475,1
3476,1
3477,1
3478,2
3479,4
3480,1
3481,1
3482,5
3483,1
3484,1
3485,3
3486,1
3487,1
3488,1
3489,1
3490,2
3491,3
3492,1
3493,1
3494,1
3495,4
3496,1
3497,1
3498,2
3499,3
3500,2
3501,1
3502,1
3503,1
3504,1
3505,5
3506,1
3507,2
3508,1
3509,1
3510,5
3511,4
3512,1
3513,1
3514,1
3515,2
3516,1
3517,0
3518,5
3519,1
3520,1
3521,1
3522,1
3523,2
3524,1
3525,1
3526,1
3527,1
3528,1
3529,2
3530,2
3531,1
3532,1
3533,5
3534,4
3535,1
3536,2
3537,1
3538,1
3539,0
3540,1
3541,1
3542,1
3543,1
3544,2
3545,0
3546,1
3547,2
3548,1
3549,2
3550,1
3551,2
3552,1
3553,1
3554,1
3555,1
3556,2
3557,1
3558,2
3559,2
3560,1
3561,3
3562,2
3563,1
3564,5
3565,1
3566,1
3567,1
3568,2
3569,2
3570,1
3571,2
3572,2
3573,1
3574,1
3575,1
3576,2
3577,5
3578,1
3579,1
3580,1
3581,2
3582,2
3583,1
3584,2
3585,2
3586,4
3587,3
3588,1
3589,1
3590,1
3591,1
3592,2
3593,3
3594,1
3595,3
3596,0
3597,1
3598,3
3599,3
3600,1
3601,1
3602,3
3603,3
3604,3
3605,2
3606,3
3607,2
3608,2
3609,1
3610,1
3611,1
3612,3
3613,1
3614,1
3615,1
3616,1
3617,2
3618,1
3619,1
3620,1
3621,1
3622,1
3623,2
3624,1
3625,2
3626,2
3627,2
3628,1
3629,2
3630,1
3631,1
3632,1
3633,3
3634,1
3635,2
3636,1
3637,2
3638,1
3639,3
3640,1
3641,1
3642,1
3643,1
3644,1
3645,1
3646,3
3647,1
3648,1
3649,2
3650,2
3651,1
3652,2
3653,1
3654,1
3655,2
3656,1
3657,1
3658,2
3659,1
3660,3
3661,1
3662,1
3663,2
3664,3
3665,1
3666,1
3667,1
3668,1
3669,3
3670,2
3671,1
3672,5
3673,2
3674,1
3675,1
3676,2
3677,1
3678,3
3679,1
3680,1
3681,2
3682,1
3683,1
3684,1
3685,1
3686,1
3687,2
3688,1
3689,1
3690,2
3691,1
3692,1
3693,2
3694,2
3695,1
3696,2
3697,2
3698,3
3699,1
3700,2
3701,2
3702,2
3703,1
3704,1
3705,1
3706,3
3707,6
3708,2
3709,1
3710,1
3711,1
3712,1
3713,1
3714,1
3715,1
3716,1
3717,3
3718,2
3719,1
3720,5
3721,3
3722,6
3723,1
3724,1
3725,3
3726,3
3727,1
3728,1
3729,6
3730,1
3731,1
3732,1
3733,1
3734,1
3735,1
3736,1
3737,0
3738,1
3739,3
3740,1
3741,1
3742,6
3743,2
3744,1
3745,2
3746,1
3747,1
3748,1
3749,3
3750,2
3751,3
3752,3
3753,2
3754,3
3755,3
3756,3
3757,2
3758,2
3759,2
3760,1
3761,1
3762,1
3763,6
3764,4
3765,0
3766,3
3767,5
3768,3
3769,5
3770,2
3771,4
3772,3
3773,6
3774,0
3775,1
3776,1
3777,1
3778,6
3779,3
3780,6
3781,4
3782,5
3783,4
3784,1
3785,3
3786,3
3787,4
3788,3
3789,4
3790,1
3791,3
3792,3
3793,5
3794,3
3795,0
3796,3
3797,4
3798,3
3799,4
3800,0
3801,1
3802,4
3803,2
3804,3
3805,3
3806,1
3807,0
3808,3
3809,1
3810,4
3811,3
3812,3
3813,2
3814,5
3815,1
3816,1
3817,3
3818,5
3819,0
3820,0
3821,1
3822,2
3823,3
3824,3
3825,3
3826,3
3827,1
3828,1
3829,1
3830,1
3831,1
3832,1
3833,1
3834,1
3835,1
3836,1
3837,1
3838,1
3839,1
3840,1
3841,1
3842,1
3843,1
3844,1
3845,1
3846,1
3847,1
3848,1
3849,1
3850,1
3851,1
3852,1
3853,1
3854,1
3855,1
3856,1
3857,1
3858,1
3859,1
3860,1
3861,1
3862,1
3863,1
3864,1
3865,1
3866,1
3867,1
3868,1
3869,1
3870,1
3871,1
3872,1
3873,1
3874,1
3875,1
3876,1
3877,1
3878,1
3879,1
3880,1
3881,1
3882,1
3883,1
3884,1
3885,1
3886,1
3887,1
3888,1
3889,1
3890,1
3891,1
3892,1
3893,1
3894,1
3895,1
3896,1
3897,1
3898,1
3899,1
3900,1
3901,1
3902,1
3903,1
3904,1
3905,1
3906,1
3907,1
3908,1
3909,1
3910,1
3911,1
3912,1
3913,1
3914,1
3915,1
3916,1
3917,1
3918,1
3919,1
3920,1
3921,1
3922,1
3923,1
3924,1
3925,1
3926,1
3927,1
3928,1
3929,1
3930,1
3931,1
3932,1
3933,1
3934,1
3935,1
3936,1
3937,1
3938,1
3939,1
3940,1
3941,1
3942,1
3943,1
3944,1
3945,1
3946,1
3947,1
3948,1
3949,1
3950,1
3951,1
3952,1
3953,1
3954,1
3955,1
3956,1
3957,1
3958,1
3959,1
3960,1
3961,1
3962,1
3963,1
3964,1
3965,1
3966,1
3967,1
3968,1
3969,1
3970,1
3971,1
3972,1
3973,1
3974,1
3975,1
3976,1
3977,1
3978,1
3979,1
3980,1
3981,1
3982,1
3983,1
3984,1
3985,1
3986,1
3987,1
3988,1
3989,1
3990,1
3991,1
3992,1
3993,1
3994,1
3995,1
3996,1
3997,1
3998,1
3999,1
4000,1
4001,1
4002,1
4003,1
4004,1
4005,1
4006,1
4007,1
4008,1
4009,1
4010,1
4011,1
4012,1
4013,1
4014,1
4015,1
4016,1
4017,1
4018,1
4019,1
4020,1
4021,1
4022,1
4023,1
4024,1
4025,1
4026,1
4027,1
4028,1
4029,1
4030,1
4031,1
4032,1
4033,1
4034,1
4035,1
4036,1
4037,1
4038,1
4039,1
4040,1
4041,1
4042,1
4043,1
4044,1
4045,1
4046,1
4047,1
4048,1
4049,1
4050,1
4051,1
4052,1
4053,1
4054,1
4055,1
4056,1
4057,1
4058,1
4059,1
4060,1
4061,1
4062,1
4063,1
4064,1
4065,1
4066,1
4067,1
4068,1
4069,1
4070,1
4071,1
4072,1
4073,1
4074,1
4075,1
4076,1
4077,1
4078,1
4079,1
4080,1
4081,1
4082,1
4083,1
4084,1
4085,1
4086,1
4087,1
4088,1
4089,1
4090,1
4091,1
4092,1
4093,1
4094,1
4095,1
4096,1
4097,1
4098,1
4099,1
4100,1
4101,1
4102,1
4103,1
4104,1
4105,1
4106,1
4107,1
4108,1
4109,1
4110,1
4111,1
4112,1
4113,1
4114,1
4115,1
4116,1
4117,1
4118,1
4119,1
4120,1
4121,1
4122,1
4123,1
4124,1
4125,1
4126,1
4127,1
4128,1
4129,1
4130,1
4131,1
4132,1
4133,1
4134,1
4135,1
4136,1
4137,1
4138,1
4139,1
