ENSMUSP00000000127,ENSMUSP00000022906
ENSMUSP00000000127,ENSMUSP00000020329
ENSMUSP00000000127,ENSMUSP00000091463
ENSMUSP00000000127,ENSMUSP00000025856
ENSMUSP00000000127,ENSMUSP00000058629
ENSMUSP00000000127,ENSMUSP00000115325
ENSMUSP00000000127,ENSMUSP00000039660
ENSMUSP00000000127,ENSMUSP00000048171
ENSMUSP00000000127,ENSMUSP00000032322
ENSMUSP00000000127,ENSMUSP00000021918
ENSMUSP00000000127,ENSMUSP00000067783
ENSMUSP00000000127,ENSMUSP00000109884
ENSMUSP00000000128,ENSMUSP00000020329
ENSMUSP00000000128,ENSMUSP00000109884
ENSMUSP00000000128,ENSMUSP00000053551
ENSMUSP00000000128,ENSMUSP00000049852
ENSMUSP00000000186,ENSMUSP00000081041
ENSMUSP00000000186,ENSMUSP00000005452
ENSMUSP00000000186,ENSMUSP00000112430
ENSMUSP00000000186,ENSMUSP00000085122
ENSMUSP00000000186,ENSMUSP00000077899
ENSMUSP00000000187,ENSMUSP00000081041
ENSMUSP00000000187,ENSMUSP00000005452
ENSMUSP00000000187,ENSMUSP00000112430
ENSMUSP00000000187,ENSMUSP00000085122
ENSMUSP00000000193,ENSMUSP00000062677
ENSMUSP00000000193,ENSMUSP00000132453
ENSMUSP00000000193,ENSMUSP00000045134
ENSMUSP00000000193,ENSMUSP00000050119
ENSMUSP00000000194,ENSMUSP00000062677
ENSMUSP00000000194,ENSMUSP00000132453
ENSMUSP00000000312,ENSMUSP00000020329
ENSMUSP00000000312,ENSMUSP00000081041
ENSMUSP00000000312,ENSMUSP00000001327
ENSMUSP00000000312,ENSMUSP00000107121
ENSMUSP00000000312,ENSMUSP00000006101
ENSMUSP00000000312,ENSMUSP00000045603
ENSMUSP00000000312,ENSMUSP00000005671
ENSMUSP00000000312,ENSMUSP00000032207
ENSMUSP00000000342,ENSMUSP00000132453
ENSMUSP00000000342,ENSMUSP00000050119
ENSMUSP00000000342,ENSMUSP00000107069
ENSMUSP00000000342,ENSMUSP00000052444
ENSMUSP00000000342,ENSMUSP00000039107
ENSMUSP00000000342,ENSMUSP00000075507
ENSMUSP00000000500,ENSMUSP00000044004
ENSMUSP00000000500,ENSMUSP00000127173
ENSMUSP00000000500,ENSMUSP00000025522
ENSMUSP00000000834,ENSMUSP00000025691
ENSMUSP00000000889,ENSMUSP00000033004
ENSMUSP00000000889,ENSMUSP00000028111
ENSMUSP00000000889,ENSMUSP00000029623
ENSMUSP00000000889,ENSMUSP00000033664
ENSMUSP00000000889,ENSMUSP00000033418
ENSMUSP00000000889,ENSMUSP00000033646
ENSMUSP00000001008,ENSMUSP00000050119
ENSMUSP00000001008,ENSMUSP00000107069
ENSMUSP00000001008,ENSMUSP00000039107
ENSMUSP00000001008,ENSMUSP00000026911
ENSMUSP00000001040,ENSMUSP00000028499
ENSMUSP00000001040,ENSMUSP00000068468
ENSMUSP00000001046,ENSMUSP00000020329
ENSMUSP00000001046,ENSMUSP00000053897
ENSMUSP00000001055,ENSMUSP00000068468
ENSMUSP00000001055,ENSMUSP00000101913
ENSMUSP00000001055,ENSMUSP00000000299
ENSMUSP00000001319,ENSMUSP00000101472
ENSMUSP00000001319,ENSMUSP00000066554
ENSMUSP00000001319,ENSMUSP00000027451
ENSMUSP00000001319,ENSMUSP00000006112
ENSMUSP00000001319,ENSMUSP00000029964
ENSMUSP00000001319,ENSMUSP00000106684
ENSMUSP00000001319,ENSMUSP00000066734
ENSMUSP00000001319,ENSMUSP00000110380
ENSMUSP00000001319,ENSMUSP00000035129
ENSMUSP00000001534,ENSMUSP00000025856
ENSMUSP00000001534,ENSMUSP00000032322
ENSMUSP00000001547,ENSMUSP00000087457
ENSMUSP00000001547,ENSMUSP00000005218
ENSMUSP00000001547,ENSMUSP00000096876
ENSMUSP00000001792,ENSMUSP00000102164
ENSMUSP00000001792,ENSMUSP00000094075
ENSMUSP00000001792,ENSMUSP00000002848
ENSMUSP00000001792,ENSMUSP00000050680
ENSMUSP00000001792,ENSMUSP00000080257
ENSMUSP00000001792,ENSMUSP00000109493
ENSMUSP00000001792,ENSMUSP00000009875
ENSMUSP00000001792,ENSMUSP00000024044
ENSMUSP00000001792,ENSMUSP00000054356
ENSMUSP00000002360,ENSMUSP00000023243
ENSMUSP00000002457,ENSMUSP00000126108
ENSMUSP00000002457,ENSMUSP00000029948
ENSMUSP00000002457,ENSMUSP00000067305
ENSMUSP00000002457,ENSMUSP00000062333
ENSMUSP00000002457,ENSMUSP00000084701
ENSMUSP00000002457,ENSMUSP00000035900
ENSMUSP00000002678,ENSMUSP00000087457
ENSMUSP00000002678,ENSMUSP00000062333
ENSMUSP00000002678,ENSMUSP00000007757
ENSMUSP00000002678,ENSMUSP00000009705
ENSMUSP00000002678,ENSMUSP00000022871
ENSMUSP00000002678,ENSMUSP00000031224
ENSMUSP00000002678,ENSMUSP00000026360
ENSMUSP00000002678,ENSMUSP00000000542
ENSMUSP00000002708,ENSMUSP00000113977
ENSMUSP00000002708,ENSMUSP00000039205
ENSMUSP00000002708,ENSMUSP00000021921
ENSMUSP00000002708,ENSMUSP00000079752
ENSMUSP00000002708,ENSMUSP00000078047
ENSMUSP00000002708,ENSMUSP00000047199
ENSMUSP00000002708,ENSMUSP00000120362
ENSMUSP00000002708,ENSMUSP00000007799
ENSMUSP00000002708,ENSMUSP00000064555
ENSMUSP00000002708,ENSMUSP00000030443
ENSMUSP00000002708,ENSMUSP00000001812
ENSMUSP00000002740,ENSMUSP00000028787
ENSMUSP00000002740,ENSMUSP00000032201
ENSMUSP00000002979,ENSMUSP00000087457
ENSMUSP00000002979,ENSMUSP00000028522
ENSMUSP00000003154,ENSMUSP00000066554
ENSMUSP00000003154,ENSMUSP00000027451
ENSMUSP00000003154,ENSMUSP00000029964
ENSMUSP00000003154,ENSMUSP00000066734
ENSMUSP00000003154,ENSMUSP00000050810
ENSMUSP00000003154,ENSMUSP00000030420
ENSMUSP00000003154,ENSMUSP00000073099
ENSMUSP00000003154,ENSMUSP00000006614
ENSMUSP00000003154,ENSMUSP00000060646
ENSMUSP00000003274,ENSMUSP00000138836
ENSMUSP00000003274,ENSMUSP00000005601
ENSMUSP00000003659,ENSMUSP00000028499
ENSMUSP00000003659,ENSMUSP00000028288
ENSMUSP00000003659,ENSMUSP00000085016
ENSMUSP00000003659,ENSMUSP00000099853
ENSMUSP00000003659,ENSMUSP00000096712
ENSMUSP00000003659,ENSMUSP00000131832
ENSMUSP00000003687,ENSMUSP00000062333
ENSMUSP00000003687,ENSMUSP00000007757
ENSMUSP00000003687,ENSMUSP00000009705
ENSMUSP00000003687,ENSMUSP00000031224
ENSMUSP00000003687,ENSMUSP00000088453
ENSMUSP00000003808,ENSMUSP00000020329
ENSMUSP00000003808,ENSMUSP00000062333
ENSMUSP00000003808,ENSMUSP00000007757
ENSMUSP00000003808,ENSMUSP00000032201
ENSMUSP00000003808,ENSMUSP00000074421
ENSMUSP00000003912,ENSMUSP00000044004
ENSMUSP00000003912,ENSMUSP00000044248
ENSMUSP00000003912,ENSMUSP00000099732
ENSMUSP00000004036,ENSMUSP00000101472
ENSMUSP00000004036,ENSMUSP00000027451
ENSMUSP00000004036,ENSMUSP00000006112
ENSMUSP00000004036,ENSMUSP00000110380
ENSMUSP00000004036,ENSMUSP00000035129
ENSMUSP00000004480,ENSMUSP00000058040
ENSMUSP00000004480,ENSMUSP00000138101
ENSMUSP00000004480,ENSMUSP00000105588
ENSMUSP00000004480,ENSMUSP00000051085
ENSMUSP00000004480,ENSMUSP00000106299
ENSMUSP00000004913,ENSMUSP00000020329
ENSMUSP00000004913,ENSMUSP00000031653
ENSMUSP00000004913,ENSMUSP00000026917
ENSMUSP00000004913,ENSMUSP00000109794
ENSMUSP00000004936,ENSMUSP00000132453
ENSMUSP00000004936,ENSMUSP00000050119
ENSMUSP00000004936,ENSMUSP00000039107
ENSMUSP00000005073,ENSMUSP00000020329
ENSMUSP00000005073,ENSMUSP00000045443
ENSMUSP00000005334,ENSMUSP00000020062
ENSMUSP00000005406,ENSMUSP00000032322
ENSMUSP00000005406,ENSMUSP00000044004
ENSMUSP00000005406,ENSMUSP00000079752
ENSMUSP00000005406,ENSMUSP00000007799
ENSMUSP00000005406,ENSMUSP00000028288
ENSMUSP00000005406,ENSMUSP00000099853
ENSMUSP00000005406,ENSMUSP00000095171
ENSMUSP00000005406,ENSMUSP00000057965
ENSMUSP00000005406,ENSMUSP00000110593
ENSMUSP00000005406,ENSMUSP00000102343
ENSMUSP00000005406,ENSMUSP00000072472
ENSMUSP00000005406,ENSMUSP00000028689
ENSMUSP00000005406,ENSMUSP00000069080
ENSMUSP00000005406,ENSMUSP00000031678
ENSMUSP00000005406,ENSMUSP00000078741
ENSMUSP00000005406,ENSMUSP00000022782
ENSMUSP00000005406,ENSMUSP00000101531
ENSMUSP00000005406,ENSMUSP00000047029
ENSMUSP00000005406,ENSMUSP00000065799
ENSMUSP00000005406,ENSMUSP00000024708
ENSMUSP00000005406,ENSMUSP00000127329
ENSMUSP00000005406,ENSMUSP00000036203
ENSMUSP00000005406,ENSMUSP00000058613
ENSMUSP00000005406,ENSMUSP00000023390
ENSMUSP00000005406,ENSMUSP00000000122
ENSMUSP00000005406,ENSMUSP00000003550
ENSMUSP00000005849,ENSMUSP00000130497
ENSMUSP00000005849,ENSMUSP00000047358
ENSMUSP00000005849,ENSMUSP00000065877
ENSMUSP00000005976,ENSMUSP00000025691
ENSMUSP00000005976,ENSMUSP00000032489
ENSMUSP00000005976,ENSMUSP00000116757
ENSMUSP00000006046,ENSMUSP00000036320
ENSMUSP00000006660,ENSMUSP00000122219
ENSMUSP00000006662,ENSMUSP00000122219
ENSMUSP00000006664,ENSMUSP00000122219
ENSMUSP00000006718,ENSMUSP00000114114
ENSMUSP00000009143,ENSMUSP00000126108
ENSMUSP00000009143,ENSMUSP00000029948
ENSMUSP00000009143,ENSMUSP00000067305
ENSMUSP00000009143,ENSMUSP00000084701
ENSMUSP00000009143,ENSMUSP00000035900
ENSMUSP00000009143,ENSMUSP00000088453
ENSMUSP00000009143,ENSMUSP00000000542
ENSMUSP00000009329,ENSMUSP00000132453
ENSMUSP00000009329,ENSMUSP00000107069
ENSMUSP00000009329,ENSMUSP00000039107
ENSMUSP00000009329,ENSMUSP00000026911
ENSMUSP00000009329,ENSMUSP00000038473
ENSMUSP00000009425,ENSMUSP00000107519
ENSMUSP00000009530,ENSMUSP00000044004
ENSMUSP00000009530,ENSMUSP00000087457
ENSMUSP00000009530,ENSMUSP00000100862
ENSMUSP00000010044,ENSMUSP00000022906
ENSMUSP00000010044,ENSMUSP00000091463
ENSMUSP00000010044,ENSMUSP00000025856
ENSMUSP00000010044,ENSMUSP00000058629
ENSMUSP00000010044,ENSMUSP00000115325
ENSMUSP00000010044,ENSMUSP00000039660
ENSMUSP00000010044,ENSMUSP00000032322
ENSMUSP00000010044,ENSMUSP00000067783
ENSMUSP00000010044,ENSMUSP00000109884
ENSMUSP00000010044,ENSMUSP00000049852
ENSMUSP00000010044,ENSMUSP00000005671
ENSMUSP00000010044,ENSMUSP00000043703
ENSMUSP00000010044,ENSMUSP00000094302
ENSMUSP00000010753,ENSMUSP00000078741
ENSMUSP00000010941,ENSMUSP00000091463
ENSMUSP00000010941,ENSMUSP00000025856
ENSMUSP00000010941,ENSMUSP00000058629
ENSMUSP00000010941,ENSMUSP00000115325
ENSMUSP00000010941,ENSMUSP00000039660
ENSMUSP00000010941,ENSMUSP00000067783
ENSMUSP00000010941,ENSMUSP00000109884
ENSMUSP00000010941,ENSMUSP00000053551
ENSMUSP00000010941,ENSMUSP00000049852
ENSMUSP00000012281,ENSMUSP00000029948
ENSMUSP00000012281,ENSMUSP00000084701
ENSMUSP00000012281,ENSMUSP00000035900
ENSMUSP00000012426,ENSMUSP00000058629
ENSMUSP00000012426,ENSMUSP00000032322
ENSMUSP00000012426,ENSMUSP00000067783
ENSMUSP00000012426,ENSMUSP00000109884
ENSMUSP00000012426,ENSMUSP00000049852
ENSMUSP00000012426,ENSMUSP00000043703
ENSMUSP00000014578,ENSMUSP00000079752
ENSMUSP00000014578,ENSMUSP00000120466
ENSMUSP00000014578,ENSMUSP00000024599
ENSMUSP00000014578,ENSMUSP00000000299
ENSMUSP00000014578,ENSMUSP00000002284
ENSMUSP00000014743,ENSMUSP00000025523
ENSMUSP00000014743,ENSMUSP00000020617
ENSMUSP00000014830,ENSMUSP00000025936
ENSMUSP00000014830,ENSMUSP00000040262
ENSMUSP00000014917,ENSMUSP00000028288
ENSMUSP00000014917,ENSMUSP00000085016
ENSMUSP00000014917,ENSMUSP00000078741
ENSMUSP00000014917,ENSMUSP00000015612
ENSMUSP00000015394,ENSMUSP00000044004
ENSMUSP00000015791,ENSMUSP00000102068
ENSMUSP00000015791,ENSMUSP00000003061
ENSMUSP00000015800,ENSMUSP00000023752
ENSMUSP00000016638,ENSMUSP00000027871
ENSMUSP00000016640,ENSMUSP00000027507
ENSMUSP00000016640,ENSMUSP00000097404
ENSMUSP00000016664,ENSMUSP00000068123
ENSMUSP00000016664,ENSMUSP00000023572
ENSMUSP00000016673,ENSMUSP00000034594
ENSMUSP00000016673,ENSMUSP00000023691
ENSMUSP00000017208,ENSMUSP00000122219
ENSMUSP00000017455,ENSMUSP00000065157
ENSMUSP00000017455,ENSMUSP00000045530
ENSMUSP00000017455,ENSMUSP00000044050
ENSMUSP00000017460,ENSMUSP00000029633
ENSMUSP00000017488,ENSMUSP00000028499
ENSMUSP00000017488,ENSMUSP00000069416
ENSMUSP00000017488,ENSMUSP00000028106
ENSMUSP00000017488,ENSMUSP00000002284
ENSMUSP00000017637,ENSMUSP00000032322
ENSMUSP00000017841,ENSMUSP00000044050
ENSMUSP00000017841,ENSMUSP00000018644
ENSMUSP00000017841,ENSMUSP00000083656
ENSMUSP00000017881,ENSMUSP00000044004
ENSMUSP00000017881,ENSMUSP00000101472
ENSMUSP00000017881,ENSMUSP00000005218
ENSMUSP00000017881,ENSMUSP00000082207
ENSMUSP00000017881,ENSMUSP00000045770
ENSMUSP00000017881,ENSMUSP00000000299
ENSMUSP00000018066,ENSMUSP00000122219
ENSMUSP00000018313,ENSMUSP00000028288
ENSMUSP00000018382,ENSMUSP00000029948
ENSMUSP00000018382,ENSMUSP00000067305
ENSMUSP00000018382,ENSMUSP00000084701
ENSMUSP00000018382,ENSMUSP00000035900
ENSMUSP00000018382,ENSMUSP00000007757
ENSMUSP00000018382,ENSMUSP00000028178
ENSMUSP00000018382,ENSMUSP00000000544
ENSMUSP00000018630,ENSMUSP00000025856
ENSMUSP00000018630,ENSMUSP00000032322
ENSMUSP00000018630,ENSMUSP00000067783
ENSMUSP00000018896,ENSMUSP00000023140
ENSMUSP00000018896,ENSMUSP00000010286
ENSMUSP00000019058,ENSMUSP00000033004
ENSMUSP00000019058,ENSMUSP00000028111
ENSMUSP00000019058,ENSMUSP00000094083
ENSMUSP00000019058,ENSMUSP00000088079
ENSMUSP00000019060,ENSMUSP00000022871
ENSMUSP00000019060,ENSMUSP00000025523
ENSMUSP00000019060,ENSMUSP00000094082
ENSMUSP00000019060,ENSMUSP00000075423
ENSMUSP00000019060,ENSMUSP00000101768
ENSMUSP00000019064,ENSMUSP00000060776
ENSMUSP00000019071,ENSMUSP00000026911
ENSMUSP00000019074,ENSMUSP00000050119
ENSMUSP00000019074,ENSMUSP00000107069
ENSMUSP00000019074,ENSMUSP00000039107
ENSMUSP00000019074,ENSMUSP00000026911
ENSMUSP00000019074,ENSMUSP00000038473
ENSMUSP00000019266,ENSMUSP00000026911
ENSMUSP00000019514,ENSMUSP00000133957
ENSMUSP00000019514,ENSMUSP00000081845
ENSMUSP00000019514,ENSMUSP00000021056
ENSMUSP00000019514,ENSMUSP00000049063
ENSMUSP00000019514,ENSMUSP00000063380
ENSMUSP00000019514,ENSMUSP00000023007
ENSMUSP00000019514,ENSMUSP00000023538
ENSMUSP00000019616,ENSMUSP00000101913
ENSMUSP00000019616,ENSMUSP00000000299
ENSMUSP00000019633,ENSMUSP00000032486
ENSMUSP00000019791,ENSMUSP00000110748
ENSMUSP00000019791,ENSMUSP00000027952
ENSMUSP00000019906,ENSMUSP00000044050
ENSMUSP00000019906,ENSMUSP00000066737
ENSMUSP00000019906,ENSMUSP00000122072
ENSMUSP00000019906,ENSMUSP00000035115
ENSMUSP00000019906,ENSMUSP00000063784
ENSMUSP00000019906,ENSMUSP00000095253
ENSMUSP00000019906,ENSMUSP00000047518
ENSMUSP00000019906,ENSMUSP00000011315
ENSMUSP00000019992,ENSMUSP00000087457
ENSMUSP00000020040,ENSMUSP00000099692
ENSMUSP00000020040,ENSMUSP00000029084
ENSMUSP00000020040,ENSMUSP00000106693
ENSMUSP00000020040,ENSMUSP00000000122
ENSMUSP00000020171,ENSMUSP00000020329
ENSMUSP00000020171,ENSMUSP00000032322
ENSMUSP00000020171,ENSMUSP00000112430
ENSMUSP00000020171,ENSMUSP00000044004
ENSMUSP00000020171,ENSMUSP00000068468
ENSMUSP00000020171,ENSMUSP00000023128
ENSMUSP00000020171,ENSMUSP00000029712
ENSMUSP00000020238,ENSMUSP00000032322
ENSMUSP00000020238,ENSMUSP00000044004
ENSMUSP00000020238,ENSMUSP00000029623
ENSMUSP00000020238,ENSMUSP00000082207
ENSMUSP00000020238,ENSMUSP00000045770
ENSMUSP00000020238,ENSMUSP00000000450
ENSMUSP00000020507,ENSMUSP00000081041
ENSMUSP00000020507,ENSMUSP00000005452
ENSMUSP00000020507,ENSMUSP00000112430
ENSMUSP00000020507,ENSMUSP00000085122
ENSMUSP00000020554,ENSMUSP00000001327
ENSMUSP00000020554,ENSMUSP00000099718
ENSMUSP00000020577,ENSMUSP00000081041
ENSMUSP00000020577,ENSMUSP00000112430
ENSMUSP00000020650,ENSMUSP00000033004
ENSMUSP00000020650,ENSMUSP00000033418
ENSMUSP00000020650,ENSMUSP00000033646
ENSMUSP00000020990,ENSMUSP00000130497
ENSMUSP00000020990,ENSMUSP00000047358
ENSMUSP00000020990,ENSMUSP00000058691
ENSMUSP00000020990,ENSMUSP00000054776
ENSMUSP00000020990,ENSMUSP00000101236
ENSMUSP00000020990,ENSMUSP00000095929
ENSMUSP00000020990,ENSMUSP00000050077
ENSMUSP00000021011,ENSMUSP00000132453
ENSMUSP00000021011,ENSMUSP00000107069
ENSMUSP00000021011,ENSMUSP00000052444
ENSMUSP00000021011,ENSMUSP00000039107
ENSMUSP00000021011,ENSMUSP00000026911
ENSMUSP00000021011,ENSMUSP00000062588
ENSMUSP00000021242,ENSMUSP00000032122
ENSMUSP00000021734,ENSMUSP00000097108
ENSMUSP00000021776,ENSMUSP00000122219
ENSMUSP00000021778,ENSMUSP00000122219
ENSMUSP00000021779,ENSMUSP00000122219
ENSMUSP00000021796,ENSMUSP00000126057
ENSMUSP00000021796,ENSMUSP00000031899
ENSMUSP00000021796,ENSMUSP00000034029
ENSMUSP00000021900,ENSMUSP00000053897
ENSMUSP00000021900,ENSMUSP00000027952
ENSMUSP00000021900,ENSMUSP00000030179
ENSMUSP00000021900,ENSMUSP00000071966
ENSMUSP00000021900,ENSMUSP00000111103
ENSMUSP00000021900,ENSMUSP00000051731
ENSMUSP00000021970,ENSMUSP00000053489
ENSMUSP00000022019,ENSMUSP00000119557
ENSMUSP00000022213,ENSMUSP00000028288
ENSMUSP00000022246,ENSMUSP00000081041
ENSMUSP00000022246,ENSMUSP00000112430
ENSMUSP00000022246,ENSMUSP00000085122
ENSMUSP00000022340,ENSMUSP00000101094
ENSMUSP00000022368,ENSMUSP00000044004
ENSMUSP00000022368,ENSMUSP00000079752
ENSMUSP00000022368,ENSMUSP00000024599
ENSMUSP00000022368,ENSMUSP00000097909
ENSMUSP00000022368,ENSMUSP00000000299
ENSMUSP00000022368,ENSMUSP00000002284
ENSMUSP00000022369,ENSMUSP00000083840
ENSMUSP00000022429,ENSMUSP00000079752
ENSMUSP00000022545,ENSMUSP00000081041
ENSMUSP00000022545,ENSMUSP00000005452
ENSMUSP00000022545,ENSMUSP00000112430
ENSMUSP00000022545,ENSMUSP00000085122
ENSMUSP00000022592,ENSMUSP00000047325
ENSMUSP00000022592,ENSMUSP00000078705
ENSMUSP00000022592,ENSMUSP00000099375
ENSMUSP00000022592,ENSMUSP00000027559
ENSMUSP00000022616,ENSMUSP00000079752
ENSMUSP00000022616,ENSMUSP00000102343
ENSMUSP00000022616,ENSMUSP00000127329
ENSMUSP00000022618,ENSMUSP00000001327
ENSMUSP00000022618,ENSMUSP00000087457
ENSMUSP00000022618,ENSMUSP00000028522
ENSMUSP00000022618,ENSMUSP00000032492
ENSMUSP00000022618,ENSMUSP00000044227
ENSMUSP00000022697,ENSMUSP00000081041
ENSMUSP00000022697,ENSMUSP00000005452
ENSMUSP00000022697,ENSMUSP00000112430
ENSMUSP00000022697,ENSMUSP00000085122
ENSMUSP00000022744,ENSMUSP00000028787
ENSMUSP00000022744,ENSMUSP00000032201
ENSMUSP00000022744,ENSMUSP00000058613
ENSMUSP00000022744,ENSMUSP00000065877
ENSMUSP00000022744,ENSMUSP00000025224
ENSMUSP00000022744,ENSMUSP00000026076
ENSMUSP00000022744,ENSMUSP00000022699
ENSMUSP00000022921,ENSMUSP00000023128
ENSMUSP00000022921,ENSMUSP00000099862
ENSMUSP00000023123,ENSMUSP00000028499
ENSMUSP00000023123,ENSMUSP00000099375
ENSMUSP00000023123,ENSMUSP00000053891
ENSMUSP00000023123,ENSMUSP00000077132
ENSMUSP00000023123,ENSMUSP00000139881
ENSMUSP00000023364,ENSMUSP00000108144
ENSMUSP00000023583,ENSMUSP00000088837
ENSMUSP00000023590,ENSMUSP00000053897
ENSMUSP00000023590,ENSMUSP00000080716
ENSMUSP00000023593,ENSMUSP00000107856
ENSMUSP00000023593,ENSMUSP00000032272
ENSMUSP00000023602,ENSMUSP00000122219
ENSMUSP00000023629,ENSMUSP00000028763
ENSMUSP00000023629,ENSMUSP00000002677
ENSMUSP00000023629,ENSMUSP00000014505
ENSMUSP00000023732,ENSMUSP00000022906
ENSMUSP00000023732,ENSMUSP00000039660
ENSMUSP00000023732,ENSMUSP00000032322
ENSMUSP00000023732,ENSMUSP00000067783
ENSMUSP00000023732,ENSMUSP00000109884
ENSMUSP00000023732,ENSMUSP00000049852
ENSMUSP00000023734,ENSMUSP00000022906
ENSMUSP00000023734,ENSMUSP00000025856
ENSMUSP00000023734,ENSMUSP00000058629
ENSMUSP00000023734,ENSMUSP00000039660
ENSMUSP00000023734,ENSMUSP00000032322
ENSMUSP00000023734,ENSMUSP00000067783
ENSMUSP00000023734,ENSMUSP00000109884
ENSMUSP00000023734,ENSMUSP00000053551
ENSMUSP00000023734,ENSMUSP00000114114
ENSMUSP00000023814,ENSMUSP00000040033
ENSMUSP00000023814,ENSMUSP00000020287
ENSMUSP00000023840,ENSMUSP00000052444
ENSMUSP00000023840,ENSMUSP00000075507
ENSMUSP00000023840,ENSMUSP00000137518
ENSMUSP00000024004,ENSMUSP00000050119
ENSMUSP00000024004,ENSMUSP00000075507
ENSMUSP00000024004,ENSMUSP00000127024
ENSMUSP00000024015,ENSMUSP00000032338
ENSMUSP00000024049,ENSMUSP00000029948
ENSMUSP00000024049,ENSMUSP00000084701
ENSMUSP00000024049,ENSMUSP00000035900
ENSMUSP00000024049,ENSMUSP00000007757
ENSMUSP00000024049,ENSMUSP00000028178
ENSMUSP00000024049,ENSMUSP00000000544
ENSMUSP00000024206,ENSMUSP00000097108
ENSMUSP00000024724,ENSMUSP00000045430
ENSMUSP00000024826,ENSMUSP00000140483
ENSMUSP00000024931,ENSMUSP00000110593
ENSMUSP00000024931,ENSMUSP00000063656
ENSMUSP00000024988,ENSMUSP00000044004
ENSMUSP00000024988,ENSMUSP00000068468
ENSMUSP00000024988,ENSMUSP00000123931
ENSMUSP00000024988,ENSMUSP00000027650
ENSMUSP00000024988,ENSMUSP00000048092
ENSMUSP00000024988,ENSMUSP00000044261
ENSMUSP00000024988,ENSMUSP00000133056
ENSMUSP00000024988,ENSMUSP00000032968
ENSMUSP00000024988,ENSMUSP00000043768
ENSMUSP00000024988,ENSMUSP00000000299
ENSMUSP00000025237,ENSMUSP00000036326
ENSMUSP00000025237,ENSMUSP00000003981
ENSMUSP00000025249,ENSMUSP00000079752
ENSMUSP00000025262,ENSMUSP00000032489
ENSMUSP00000025262,ENSMUSP00000032491
ENSMUSP00000025262,ENSMUSP00000017799
ENSMUSP00000025263,ENSMUSP00000032491
ENSMUSP00000025263,ENSMUSP00000099317
ENSMUSP00000025263,ENSMUSP00000030336
ENSMUSP00000025263,ENSMUSP00000017799
ENSMUSP00000025266,ENSMUSP00000032489
ENSMUSP00000025266,ENSMUSP00000116757
ENSMUSP00000025266,ENSMUSP00000032491
ENSMUSP00000025266,ENSMUSP00000030336
ENSMUSP00000025363,ENSMUSP00000020329
ENSMUSP00000025363,ENSMUSP00000053897
ENSMUSP00000025363,ENSMUSP00000032492
ENSMUSP00000025363,ENSMUSP00000080716
ENSMUSP00000025363,ENSMUSP00000114123
ENSMUSP00000025554,ENSMUSP00000079752
ENSMUSP00000025561,ENSMUSP00000065799
ENSMUSP00000025561,ENSMUSP00000052894
ENSMUSP00000025561,ENSMUSP00000080579
ENSMUSP00000025724,ENSMUSP00000095379
ENSMUSP00000025724,ENSMUSP00000093843
ENSMUSP00000025724,ENSMUSP00000005815
ENSMUSP00000025803,ENSMUSP00000025856
ENSMUSP00000025803,ENSMUSP00000032322
ENSMUSP00000025803,ENSMUSP00000046369
ENSMUSP00000025803,ENSMUSP00000020662
ENSMUSP00000025842,ENSMUSP00000058887
ENSMUSP00000025842,ENSMUSP00000066381
ENSMUSP00000025842,ENSMUSP00000054062
ENSMUSP00000025914,ENSMUSP00000031653
ENSMUSP00000025914,ENSMUSP00000026917
ENSMUSP00000025951,ENSMUSP00000034880
ENSMUSP00000025993,ENSMUSP00000047199
ENSMUSP00000025993,ENSMUSP00000112776
ENSMUSP00000025993,ENSMUSP00000131840
ENSMUSP00000025993,ENSMUSP00000053399
ENSMUSP00000025993,ENSMUSP00000023600
ENSMUSP00000026225,ENSMUSP00000051731
ENSMUSP00000026241,ENSMUSP00000081041
ENSMUSP00000026241,ENSMUSP00000005452
ENSMUSP00000026241,ENSMUSP00000112430
ENSMUSP00000026241,ENSMUSP00000085122
ENSMUSP00000026241,ENSMUSP00000013633
ENSMUSP00000026408,ENSMUSP00000126108
ENSMUSP00000026408,ENSMUSP00000067305
ENSMUSP00000026408,ENSMUSP00000007757
ENSMUSP00000026408,ENSMUSP00000028178
ENSMUSP00000026408,ENSMUSP00000000544
ENSMUSP00000026449,ENSMUSP00000113342
ENSMUSP00000026449,ENSMUSP00000000808
ENSMUSP00000026472,ENSMUSP00000126108
ENSMUSP00000026472,ENSMUSP00000067305
ENSMUSP00000026572,ENSMUSP00000029623
ENSMUSP00000026572,ENSMUSP00000002848
ENSMUSP00000026572,ENSMUSP00000007799
ENSMUSP00000026572,ENSMUSP00000082207
ENSMUSP00000026698,ENSMUSP00000027871
ENSMUSP00000026817,ENSMUSP00000033464
ENSMUSP00000026817,ENSMUSP00000020015
ENSMUSP00000026845,ENSMUSP00000020329
ENSMUSP00000026845,ENSMUSP00000138836
ENSMUSP00000026845,ENSMUSP00000029559
ENSMUSP00000027061,ENSMUSP00000036076
ENSMUSP00000027061,ENSMUSP00000055343
ENSMUSP00000027061,ENSMUSP00000002976
ENSMUSP00000027164,ENSMUSP00000097404
ENSMUSP00000027269,ENSMUSP00000126108
ENSMUSP00000027269,ENSMUSP00000067305
ENSMUSP00000027269,ENSMUSP00000007757
ENSMUSP00000027269,ENSMUSP00000000544
ENSMUSP00000027449,ENSMUSP00000066737
ENSMUSP00000027449,ENSMUSP00000029540
ENSMUSP00000027449,ENSMUSP00000030191
ENSMUSP00000027673,ENSMUSP00000096057
ENSMUSP00000027673,ENSMUSP00000099605
ENSMUSP00000027673,ENSMUSP00000020185
ENSMUSP00000027753,ENSMUSP00000087457
ENSMUSP00000027753,ENSMUSP00000028522
ENSMUSP00000027753,ENSMUSP00000102068
ENSMUSP00000027753,ENSMUSP00000001548
ENSMUSP00000027860,ENSMUSP00000138255
ENSMUSP00000027885,ENSMUSP00000099862
ENSMUSP00000028024,ENSMUSP00000028311
ENSMUSP00000028024,ENSMUSP00000030952
ENSMUSP00000028161,ENSMUSP00000053489
ENSMUSP00000028233,ENSMUSP00000133056
ENSMUSP00000028233,ENSMUSP00000129972
ENSMUSP00000028361,ENSMUSP00000093843
ENSMUSP00000028361,ENSMUSP00000092630
ENSMUSP00000028363,ENSMUSP00000093843
ENSMUSP00000028363,ENSMUSP00000092630
ENSMUSP00000028363,ENSMUSP00000028360
ENSMUSP00000028533,ENSMUSP00000040477
ENSMUSP00000028583,ENSMUSP00000030010
ENSMUSP00000028583,ENSMUSP00000043936
ENSMUSP00000028672,ENSMUSP00000032322
ENSMUSP00000028672,ENSMUSP00000044004
ENSMUSP00000028672,ENSMUSP00000087457
ENSMUSP00000028672,ENSMUSP00000083840
ENSMUSP00000028672,ENSMUSP00000088056
ENSMUSP00000028681,ENSMUSP00000099375
ENSMUSP00000028681,ENSMUSP00000096877
ENSMUSP00000028681,ENSMUSP00000022182
ENSMUSP00000028681,ENSMUSP00000022185
ENSMUSP00000028735,ENSMUSP00000028288
ENSMUSP00000028735,ENSMUSP00000085016
ENSMUSP00000028735,ENSMUSP00000078741
ENSMUSP00000028735,ENSMUSP00000015612
ENSMUSP00000028764,ENSMUSP00000033765
ENSMUSP00000028764,ENSMUSP00000051132
ENSMUSP00000028783,ENSMUSP00000034478
ENSMUSP00000028836,ENSMUSP00000126108
ENSMUSP00000028836,ENSMUSP00000029948
ENSMUSP00000028836,ENSMUSP00000067305
ENSMUSP00000028836,ENSMUSP00000084701
ENSMUSP00000028836,ENSMUSP00000035900
ENSMUSP00000028836,ENSMUSP00000031224
ENSMUSP00000028836,ENSMUSP00000088453
ENSMUSP00000028836,ENSMUSP00000046659
ENSMUSP00000028881,ENSMUSP00000093843
ENSMUSP00000028881,ENSMUSP00000027241
ENSMUSP00000028881,ENSMUSP00000027243
ENSMUSP00000028882,ENSMUSP00000093843
ENSMUSP00000028882,ENSMUSP00000027241
ENSMUSP00000028882,ENSMUSP00000027243
ENSMUSP00000028938,ENSMUSP00000079752
ENSMUSP00000028955,ENSMUSP00000099862
ENSMUSP00000029030,ENSMUSP00000126057
ENSMUSP00000029030,ENSMUSP00000031899
ENSMUSP00000029030,ENSMUSP00000034029
ENSMUSP00000029123,ENSMUSP00000095929
ENSMUSP00000029123,ENSMUSP00000028781
ENSMUSP00000029172,ENSMUSP00000035115
ENSMUSP00000029172,ENSMUSP00000068120
ENSMUSP00000029273,ENSMUSP00000033664
ENSMUSP00000029273,ENSMUSP00000033000
ENSMUSP00000029275,ENSMUSP00000028111
ENSMUSP00000029275,ENSMUSP00000033664
ENSMUSP00000029275,ENSMUSP00000086820
ENSMUSP00000029275,ENSMUSP00000000122
ENSMUSP00000029429,ENSMUSP00000049852
ENSMUSP00000029566,ENSMUSP00000066554
ENSMUSP00000029566,ENSMUSP00000027451
ENSMUSP00000029566,ENSMUSP00000029964
ENSMUSP00000029566,ENSMUSP00000066734
ENSMUSP00000029566,ENSMUSP00000050810
ENSMUSP00000029566,ENSMUSP00000030420
ENSMUSP00000029566,ENSMUSP00000073099
ENSMUSP00000029566,ENSMUSP00000006614
ENSMUSP00000029566,ENSMUSP00000060646
ENSMUSP00000029574,ENSMUSP00000001327
ENSMUSP00000029574,ENSMUSP00000087457
ENSMUSP00000029574,ENSMUSP00000099718
ENSMUSP00000029574,ENSMUSP00000044227
ENSMUSP00000029574,ENSMUSP00000000299
ENSMUSP00000029625,ENSMUSP00000067783
ENSMUSP00000029652,ENSMUSP00000127173
ENSMUSP00000029652,ENSMUSP00000025522
ENSMUSP00000029652,ENSMUSP00000020617
ENSMUSP00000029653,ENSMUSP00000020329
ENSMUSP00000029653,ENSMUSP00000053897
ENSMUSP00000029653,ENSMUSP00000005218
ENSMUSP00000029653,ENSMUSP00000007799
ENSMUSP00000029653,ENSMUSP00000026917
ENSMUSP00000029653,ENSMUSP00000080716
ENSMUSP00000029653,ENSMUSP00000114123
ENSMUSP00000029665,ENSMUSP00000032322
ENSMUSP00000029673,ENSMUSP00000053897
ENSMUSP00000029673,ENSMUSP00000066554
ENSMUSP00000029673,ENSMUSP00000027451
ENSMUSP00000029673,ENSMUSP00000029964
ENSMUSP00000029673,ENSMUSP00000066734
ENSMUSP00000029673,ENSMUSP00000035129
ENSMUSP00000029673,ENSMUSP00000050810
ENSMUSP00000029673,ENSMUSP00000030420
ENSMUSP00000029673,ENSMUSP00000073099
ENSMUSP00000029673,ENSMUSP00000006614
ENSMUSP00000029673,ENSMUSP00000060646
ENSMUSP00000029674,ENSMUSP00000066554
ENSMUSP00000029674,ENSMUSP00000027451
ENSMUSP00000029674,ENSMUSP00000029964
ENSMUSP00000029674,ENSMUSP00000066734
ENSMUSP00000029674,ENSMUSP00000050810
ENSMUSP00000029674,ENSMUSP00000030420
ENSMUSP00000029674,ENSMUSP00000073099
ENSMUSP00000029674,ENSMUSP00000006614
ENSMUSP00000029674,ENSMUSP00000060646
ENSMUSP00000029676,ENSMUSP00000028499
ENSMUSP00000029676,ENSMUSP00000087457
ENSMUSP00000029676,ENSMUSP00000044227
ENSMUSP00000029700,ENSMUSP00000026917
ENSMUSP00000029700,ENSMUSP00000071966
ENSMUSP00000029700,ENSMUSP00000051731
ENSMUSP00000029700,ENSMUSP00000015511
ENSMUSP00000029846,ENSMUSP00000029623
ENSMUSP00000029846,ENSMUSP00000028499
ENSMUSP00000029846,ENSMUSP00000068468
ENSMUSP00000029846,ENSMUSP00000000299
ENSMUSP00000030047,ENSMUSP00000030339
ENSMUSP00000030187,ENSMUSP00000101913
ENSMUSP00000030187,ENSMUSP00000087457
ENSMUSP00000030187,ENSMUSP00000000299
ENSMUSP00000030372,ENSMUSP00000139881
ENSMUSP00000030384,ENSMUSP00000126057
ENSMUSP00000030384,ENSMUSP00000031899
ENSMUSP00000030384,ENSMUSP00000034029
ENSMUSP00000030568,ENSMUSP00000026917
ENSMUSP00000030568,ENSMUSP00000109794
ENSMUSP00000030568,ENSMUSP00000110748
ENSMUSP00000030568,ENSMUSP00000071966
ENSMUSP00000030568,ENSMUSP00000015511
ENSMUSP00000030683,ENSMUSP00000087457
ENSMUSP00000030683,ENSMUSP00000005218
ENSMUSP00000030683,ENSMUSP00000022871
ENSMUSP00000030683,ENSMUSP00000026917
ENSMUSP00000030683,ENSMUSP00000109794
ENSMUSP00000030683,ENSMUSP00000071966
ENSMUSP00000030683,ENSMUSP00000111103
ENSMUSP00000030687,ENSMUSP00000032322
ENSMUSP00000030687,ENSMUSP00000047325
ENSMUSP00000030687,ENSMUSP00000035444
ENSMUSP00000030687,ENSMUSP00000105493
ENSMUSP00000030687,ENSMUSP00000020350
ENSMUSP00000030714,ENSMUSP00000026917
ENSMUSP00000030714,ENSMUSP00000109794
ENSMUSP00000030714,ENSMUSP00000110748
ENSMUSP00000030714,ENSMUSP00000027952
ENSMUSP00000030714,ENSMUSP00000131840
ENSMUSP00000030803,ENSMUSP00000046920
ENSMUSP00000030815,ENSMUSP00000058040
ENSMUSP00000030815,ENSMUSP00000138101
ENSMUSP00000030815,ENSMUSP00000105588
ENSMUSP00000030815,ENSMUSP00000051085
ENSMUSP00000030815,ENSMUSP00000106299
ENSMUSP00000030815,ENSMUSP00000061153
ENSMUSP00000030862,ENSMUSP00000110593
ENSMUSP00000030940,ENSMUSP00000097108
ENSMUSP00000031146,ENSMUSP00000044718
ENSMUSP00000031146,ENSMUSP00000027440
ENSMUSP00000031278,ENSMUSP00000126108
ENSMUSP00000031278,ENSMUSP00000067305
ENSMUSP00000031280,ENSMUSP00000081041
ENSMUSP00000031280,ENSMUSP00000005452
ENSMUSP00000031280,ENSMUSP00000112430
ENSMUSP00000031280,ENSMUSP00000085122
ENSMUSP00000031318,ENSMUSP00000045134
ENSMUSP00000031318,ENSMUSP00000102512
ENSMUSP00000031319,ENSMUSP00000102512
ENSMUSP00000031319,ENSMUSP00000139555
ENSMUSP00000031320,ENSMUSP00000112430
ENSMUSP00000031320,ENSMUSP00000052444
ENSMUSP00000031320,ENSMUSP00000044004
ENSMUSP00000031320,ENSMUSP00000026911
ENSMUSP00000031320,ENSMUSP00000096877
ENSMUSP00000031320,ENSMUSP00000029140
ENSMUSP00000031325,ENSMUSP00000020329
ENSMUSP00000031325,ENSMUSP00000005671
ENSMUSP00000031325,ENSMUSP00000053897
ENSMUSP00000031325,ENSMUSP00000080716
ENSMUSP00000031325,ENSMUSP00000114123
ENSMUSP00000031326,ENSMUSP00000052444
ENSMUSP00000031326,ENSMUSP00000102512
ENSMUSP00000031327,ENSMUSP00000045134
ENSMUSP00000031327,ENSMUSP00000102512
ENSMUSP00000031327,ENSMUSP00000139555
ENSMUSP00000031389,ENSMUSP00000058045
ENSMUSP00000031389,ENSMUSP00000022746
ENSMUSP00000031495,ENSMUSP00000108144
ENSMUSP00000031668,ENSMUSP00000087457
ENSMUSP00000031668,ENSMUSP00000005218
ENSMUSP00000031668,ENSMUSP00000096876
ENSMUSP00000031668,ENSMUSP00000053891
ENSMUSP00000031670,ENSMUSP00000097108
ENSMUSP00000031723,ENSMUSP00000099732
ENSMUSP00000031723,ENSMUSP00000006397
ENSMUSP00000031726,ENSMUSP00000097108
ENSMUSP00000031843,ENSMUSP00000065157
ENSMUSP00000031843,ENSMUSP00000045530
ENSMUSP00000031843,ENSMUSP00000044050
ENSMUSP00000031843,ENSMUSP00000029633
ENSMUSP00000031843,ENSMUSP00000056576
ENSMUSP00000031843,ENSMUSP00000040797
ENSMUSP00000031843,ENSMUSP00000099793
ENSMUSP00000031853,ENSMUSP00000040033
ENSMUSP00000031853,ENSMUSP00000020287
ENSMUSP00000032066,ENSMUSP00000020329
ENSMUSP00000032066,ENSMUSP00000053897
ENSMUSP00000032066,ENSMUSP00000080716
ENSMUSP00000032066,ENSMUSP00000114123
ENSMUSP00000032125,ENSMUSP00000029948
ENSMUSP00000032125,ENSMUSP00000084701
ENSMUSP00000032125,ENSMUSP00000035900
ENSMUSP00000032125,ENSMUSP00000007757
ENSMUSP00000032125,ENSMUSP00000009705
ENSMUSP00000032125,ENSMUSP00000088453
ENSMUSP00000032125,ENSMUSP00000083840
ENSMUSP00000032125,ENSMUSP00000000542
ENSMUSP00000032152,ENSMUSP00000056659
ENSMUSP00000032152,ENSMUSP00000059034
ENSMUSP00000032180,ENSMUSP00000025856
ENSMUSP00000032180,ENSMUSP00000058629
ENSMUSP00000032180,ENSMUSP00000115325
ENSMUSP00000032180,ENSMUSP00000032322
ENSMUSP00000032180,ENSMUSP00000067783
ENSMUSP00000032180,ENSMUSP00000109884
ENSMUSP00000032180,ENSMUSP00000053551
ENSMUSP00000032180,ENSMUSP00000049852
ENSMUSP00000032180,ENSMUSP00000028689
ENSMUSP00000032180,ENSMUSP00000033876
ENSMUSP00000032180,ENSMUSP00000024238
ENSMUSP00000032180,ENSMUSP00000030198
ENSMUSP00000032211,ENSMUSP00000126108
ENSMUSP00000032211,ENSMUSP00000067305
ENSMUSP00000032211,ENSMUSP00000007757
ENSMUSP00000032211,ENSMUSP00000028178
ENSMUSP00000032211,ENSMUSP00000000544
ENSMUSP00000032260,ENSMUSP00000032472
ENSMUSP00000032559,ENSMUSP00000062924
ENSMUSP00000032561,ENSMUSP00000099718
ENSMUSP00000032825,ENSMUSP00000025522
ENSMUSP00000032825,ENSMUSP00000028499
ENSMUSP00000032825,ENSMUSP00000087457
ENSMUSP00000032825,ENSMUSP00000069416
ENSMUSP00000032825,ENSMUSP00000021028
ENSMUSP00000032907,ENSMUSP00000073875
ENSMUSP00000032907,ENSMUSP00000075070
ENSMUSP00000033099,ENSMUSP00000081041
ENSMUSP00000033099,ENSMUSP00000112430
ENSMUSP00000033099,ENSMUSP00000085122
ENSMUSP00000033099,ENSMUSP00000031096
ENSMUSP00000033100,ENSMUSP00000032492
ENSMUSP00000033100,ENSMUSP00000034409
ENSMUSP00000033185,ENSMUSP00000044004
ENSMUSP00000033389,ENSMUSP00000081041
ENSMUSP00000033389,ENSMUSP00000005452
ENSMUSP00000033389,ENSMUSP00000112430
ENSMUSP00000033389,ENSMUSP00000085122
ENSMUSP00000033389,ENSMUSP00000031096
ENSMUSP00000033394,ENSMUSP00000025691
ENSMUSP00000033394,ENSMUSP00000032491
ENSMUSP00000033394,ENSMUSP00000034359
ENSMUSP00000033394,ENSMUSP00000022663
ENSMUSP00000033466,ENSMUSP00000028311
ENSMUSP00000033466,ENSMUSP00000130759
ENSMUSP00000033466,ENSMUSP00000017799
ENSMUSP00000033466,ENSMUSP00000021706
ENSMUSP00000033473,ENSMUSP00000081041
ENSMUSP00000033473,ENSMUSP00000005452
ENSMUSP00000033473,ENSMUSP00000112430
ENSMUSP00000033473,ENSMUSP00000085122
ENSMUSP00000033473,ENSMUSP00000112838
ENSMUSP00000033477,ENSMUSP00000044004
ENSMUSP00000033539,ENSMUSP00000044004
ENSMUSP00000033539,ENSMUSP00000034713
ENSMUSP00000033581,ENSMUSP00000081041
ENSMUSP00000033581,ENSMUSP00000005452
ENSMUSP00000033581,ENSMUSP00000112430
ENSMUSP00000033581,ENSMUSP00000085122
ENSMUSP00000033741,ENSMUSP00000029623
ENSMUSP00000033741,ENSMUSP00000005218
ENSMUSP00000033741,ENSMUSP00000045770
ENSMUSP00000033741,ENSMUSP00000098303
ENSMUSP00000033741,ENSMUSP00000031429
ENSMUSP00000033751,ENSMUSP00000112430
ENSMUSP00000033751,ENSMUSP00000109794
ENSMUSP00000033751,ENSMUSP00000020617
ENSMUSP00000033751,ENSMUSP00000044227
ENSMUSP00000033751,ENSMUSP00000109144
ENSMUSP00000033846,ENSMUSP00000028499
ENSMUSP00000033846,ENSMUSP00000087457
ENSMUSP00000033846,ENSMUSP00000023128
ENSMUSP00000033846,ENSMUSP00000099862
ENSMUSP00000033846,ENSMUSP00000000299
ENSMUSP00000033892,ENSMUSP00000023140
ENSMUSP00000033892,ENSMUSP00000105161
ENSMUSP00000033892,ENSMUSP00000010286
ENSMUSP00000033898,ENSMUSP00000087457
ENSMUSP00000033898,ENSMUSP00000096876
ENSMUSP00000033899,ENSMUSP00000087457
ENSMUSP00000033899,ENSMUSP00000096876
ENSMUSP00000033919,ENSMUSP00000087457
ENSMUSP00000033919,ENSMUSP00000109794
ENSMUSP00000033919,ENSMUSP00000020617
ENSMUSP00000033919,ENSMUSP00000044227
ENSMUSP00000033919,ENSMUSP00000109144
ENSMUSP00000033919,ENSMUSP00000117636
ENSMUSP00000033941,ENSMUSP00000044004
ENSMUSP00000033941,ENSMUSP00000068468
ENSMUSP00000033952,ENSMUSP00000091463
ENSMUSP00000034014,ENSMUSP00000081041
ENSMUSP00000034014,ENSMUSP00000005452
ENSMUSP00000034014,ENSMUSP00000112430
ENSMUSP00000034014,ENSMUSP00000085122
ENSMUSP00000034148,ENSMUSP00000028111
ENSMUSP00000034148,ENSMUSP00000033664
ENSMUSP00000034148,ENSMUSP00000086820
ENSMUSP00000034148,ENSMUSP00000077878
ENSMUSP00000034148,ENSMUSP00000095736
ENSMUSP00000034187,ENSMUSP00000028499
ENSMUSP00000034187,ENSMUSP00000087457
ENSMUSP00000034187,ENSMUSP00000022871
ENSMUSP00000034187,ENSMUSP00000021028
ENSMUSP00000034230,ENSMUSP00000028499
ENSMUSP00000034230,ENSMUSP00000087457
ENSMUSP00000034230,ENSMUSP00000099718
ENSMUSP00000034230,ENSMUSP00000063986
ENSMUSP00000034230,ENSMUSP00000021028
ENSMUSP00000034231,ENSMUSP00000062677
ENSMUSP00000034231,ENSMUSP00000050119
ENSMUSP00000034231,ENSMUSP00000044050
ENSMUSP00000034232,ENSMUSP00000062677
ENSMUSP00000034232,ENSMUSP00000045134
ENSMUSP00000034232,ENSMUSP00000050119
ENSMUSP00000034232,ENSMUSP00000038473
ENSMUSP00000034261,ENSMUSP00000067897
ENSMUSP00000034261,ENSMUSP00000077611
ENSMUSP00000034472,ENSMUSP00000068468
ENSMUSP00000034472,ENSMUSP00000101913
ENSMUSP00000034472,ENSMUSP00000087457
ENSMUSP00000034472,ENSMUSP00000099718
ENSMUSP00000034472,ENSMUSP00000000299
ENSMUSP00000034586,ENSMUSP00000044004
ENSMUSP00000034586,ENSMUSP00000023243
ENSMUSP00000034586,ENSMUSP00000034713
ENSMUSP00000034588,ENSMUSP00000079752
ENSMUSP00000034588,ENSMUSP00000030010
ENSMUSP00000034731,ENSMUSP00000044004
ENSMUSP00000034731,ENSMUSP00000034713
ENSMUSP00000034731,ENSMUSP00000083242
ENSMUSP00000035065,ENSMUSP00000048736
ENSMUSP00000035065,ENSMUSP00000043302
ENSMUSP00000035065,ENSMUSP00000038483
ENSMUSP00000035065,ENSMUSP00000019608
ENSMUSP00000035075,ENSMUSP00000025856
ENSMUSP00000035075,ENSMUSP00000032322
ENSMUSP00000035075,ENSMUSP00000109884
ENSMUSP00000035075,ENSMUSP00000126108
ENSMUSP00000035075,ENSMUSP00000067305
ENSMUSP00000035075,ENSMUSP00000007757
ENSMUSP00000035075,ENSMUSP00000047199
ENSMUSP00000035075,ENSMUSP00000028178
ENSMUSP00000035075,ENSMUSP00000000544
ENSMUSP00000035321,ENSMUSP00000091455
ENSMUSP00000035321,ENSMUSP00000003568
ENSMUSP00000035468,ENSMUSP00000131795
ENSMUSP00000035468,ENSMUSP00000062158
ENSMUSP00000035551,ENSMUSP00000033765
ENSMUSP00000035551,ENSMUSP00000051132
ENSMUSP00000035551,ENSMUSP00000020323
ENSMUSP00000035551,ENSMUSP00000027690
ENSMUSP00000035579,ENSMUSP00000087457
ENSMUSP00000036044,ENSMUSP00000032322
ENSMUSP00000036044,ENSMUSP00000044004
ENSMUSP00000036044,ENSMUSP00000079752
ENSMUSP00000036044,ENSMUSP00000131832
ENSMUSP00000036044,ENSMUSP00000045770
ENSMUSP00000036044,ENSMUSP00000034713
ENSMUSP00000036044,ENSMUSP00000083242
ENSMUSP00000036044,ENSMUSP00000042028
ENSMUSP00000036044,ENSMUSP00000096179
ENSMUSP00000036044,ENSMUSP00000001279
ENSMUSP00000036580,ENSMUSP00000022906
ENSMUSP00000036580,ENSMUSP00000091463
ENSMUSP00000036580,ENSMUSP00000058629
ENSMUSP00000036580,ENSMUSP00000039660
ENSMUSP00000036580,ENSMUSP00000032322
ENSMUSP00000036580,ENSMUSP00000067783
ENSMUSP00000036580,ENSMUSP00000109884
ENSMUSP00000036580,ENSMUSP00000049852
ENSMUSP00000036580,ENSMUSP00000114114
ENSMUSP00000036580,ENSMUSP00000081625
ENSMUSP00000037018,ENSMUSP00000028499
ENSMUSP00000037018,ENSMUSP00000023128
ENSMUSP00000037018,ENSMUSP00000099375
ENSMUSP00000037018,ENSMUSP00000000299
ENSMUSP00000037408,ENSMUSP00000066381
ENSMUSP00000037408,ENSMUSP00000054062
ENSMUSP00000037694,ENSMUSP00000081041
ENSMUSP00000037694,ENSMUSP00000005452
ENSMUSP00000037694,ENSMUSP00000112430
ENSMUSP00000037694,ENSMUSP00000085122
ENSMUSP00000037694,ENSMUSP00000028499
ENSMUSP00000037694,ENSMUSP00000005218
ENSMUSP00000037694,ENSMUSP00000022871
ENSMUSP00000037694,ENSMUSP00000028288
ENSMUSP00000037694,ENSMUSP00000026917
ENSMUSP00000037694,ENSMUSP00000065877
ENSMUSP00000037694,ENSMUSP00000088056
ENSMUSP00000037694,ENSMUSP00000005815
ENSMUSP00000037694,ENSMUSP00000013633
ENSMUSP00000037694,ENSMUSP00000017153
ENSMUSP00000037694,ENSMUSP00000020911
ENSMUSP00000037694,ENSMUSP00000021028
ENSMUSP00000037694,ENSMUSP00000033050
ENSMUSP00000037694,ENSMUSP00000033450
ENSMUSP00000037762,ENSMUSP00000025523
ENSMUSP00000037762,ENSMUSP00000101768
ENSMUSP00000037779,ENSMUSP00000126108
ENSMUSP00000037779,ENSMUSP00000067305
ENSMUSP00000037779,ENSMUSP00000062333
ENSMUSP00000037779,ENSMUSP00000084701
ENSMUSP00000037779,ENSMUSP00000035900
ENSMUSP00000037779,ENSMUSP00000007757
ENSMUSP00000038301,ENSMUSP00000029948
ENSMUSP00000038301,ENSMUSP00000067305
ENSMUSP00000038301,ENSMUSP00000084701
ENSMUSP00000038301,ENSMUSP00000035900
ENSMUSP00000039586,ENSMUSP00000044004
ENSMUSP00000039586,ENSMUSP00000079752
ENSMUSP00000039586,ENSMUSP00000127329
ENSMUSP00000039586,ENSMUSP00000054275
ENSMUSP00000039586,ENSMUSP00000002284
ENSMUSP00000039600,ENSMUSP00000062677
ENSMUSP00000039600,ENSMUSP00000045134
ENSMUSP00000039600,ENSMUSP00000050119
ENSMUSP00000039600,ENSMUSP00000107069
ENSMUSP00000039600,ENSMUSP00000039107
ENSMUSP00000039600,ENSMUSP00000075507
ENSMUSP00000039600,ENSMUSP00000026911
ENSMUSP00000039600,ENSMUSP00000107519
ENSMUSP00000039600,ENSMUSP00000105057
ENSMUSP00000039653,ENSMUSP00000126108
ENSMUSP00000039653,ENSMUSP00000067305
ENSMUSP00000039653,ENSMUSP00000028178
ENSMUSP00000039653,ENSMUSP00000000544
ENSMUSP00000040071,ENSMUSP00000087457
ENSMUSP00000040071,ENSMUSP00000028106
ENSMUSP00000040140,ENSMUSP00000121820
ENSMUSP00000040271,ENSMUSP00000078705
ENSMUSP00000040271,ENSMUSP00000022663
ENSMUSP00000040310,ENSMUSP00000067305
ENSMUSP00000040412,ENSMUSP00000028311
ENSMUSP00000040412,ENSMUSP00000130759
ENSMUSP00000040412,ENSMUSP00000030808
ENSMUSP00000040412,ENSMUSP00000032844
ENSMUSP00000041047,ENSMUSP00000095253
ENSMUSP00000041047,ENSMUSP00000027083
ENSMUSP00000041149,ENSMUSP00000005218
ENSMUSP00000041149,ENSMUSP00000095171
ENSMUSP00000041149,ENSMUSP00000053489
ENSMUSP00000041149,ENSMUSP00000102512
ENSMUSP00000041149,ENSMUSP00000069114
ENSMUSP00000041157,ENSMUSP00000102343
ENSMUSP00000041427,ENSMUSP00000126108
ENSMUSP00000041427,ENSMUSP00000067305
ENSMUSP00000041427,ENSMUSP00000088453
ENSMUSP00000041427,ENSMUSP00000000544
ENSMUSP00000041519,ENSMUSP00000072660
ENSMUSP00000041519,ENSMUSP00000011315
ENSMUSP00000041578,ENSMUSP00000047325
ENSMUSP00000041578,ENSMUSP00000035444
ENSMUSP00000041578,ENSMUSP00000020350
ENSMUSP00000042211,ENSMUSP00000087457
ENSMUSP00000042705,ENSMUSP00000097108
ENSMUSP00000042867,ENSMUSP00000032322
ENSMUSP00000042867,ENSMUSP00000109884
ENSMUSP00000042867,ENSMUSP00000114114
ENSMUSP00000042867,ENSMUSP00000043703
ENSMUSP00000043153,ENSMUSP00000035900
ENSMUSP00000043153,ENSMUSP00000088453
ENSMUSP00000043153,ENSMUSP00000023809
ENSMUSP00000043369,ENSMUSP00000094082
ENSMUSP00000043369,ENSMUSP00000129781
ENSMUSP00000043849,ENSMUSP00000062333
ENSMUSP00000043849,ENSMUSP00000007757
ENSMUSP00000043849,ENSMUSP00000031224
ENSMUSP00000043956,ENSMUSP00000047518
ENSMUSP00000043956,ENSMUSP00000075070
ENSMUSP00000043957,ENSMUSP00000087457
ENSMUSP00000043957,ENSMUSP00000096712
ENSMUSP00000043957,ENSMUSP00000102068
ENSMUSP00000043957,ENSMUSP00000053891
ENSMUSP00000043957,ENSMUSP00000077132
ENSMUSP00000044352,ENSMUSP00000126191
ENSMUSP00000044665,ENSMUSP00000045770
ENSMUSP00000044665,ENSMUSP00000029748
ENSMUSP00000044665,ENSMUSP00000032265
ENSMUSP00000044903,ENSMUSP00000107121
ENSMUSP00000044903,ENSMUSP00000044004
ENSMUSP00000044903,ENSMUSP00000028499
ENSMUSP00000044903,ENSMUSP00000087457
ENSMUSP00000044903,ENSMUSP00000026360
ENSMUSP00000044903,ENSMUSP00000099853
ENSMUSP00000044903,ENSMUSP00000131832
ENSMUSP00000044903,ENSMUSP00000127329
ENSMUSP00000044903,ENSMUSP00000023128
ENSMUSP00000044903,ENSMUSP00000053891
ENSMUSP00000044903,ENSMUSP00000077132
ENSMUSP00000044903,ENSMUSP00000001548
ENSMUSP00000044903,ENSMUSP00000020911
ENSMUSP00000044903,ENSMUSP00000021028
ENSMUSP00000044903,ENSMUSP00000028348
ENSMUSP00000044903,ENSMUSP00000031377
ENSMUSP00000044918,ENSMUSP00000126108
ENSMUSP00000044918,ENSMUSP00000067305
ENSMUSP00000044918,ENSMUSP00000028178
ENSMUSP00000045562,ENSMUSP00000138836
ENSMUSP00000045562,ENSMUSP00000100026
ENSMUSP00000045562,ENSMUSP00000008032
ENSMUSP00000045710,ENSMUSP00000081041
ENSMUSP00000045710,ENSMUSP00000005452
ENSMUSP00000045710,ENSMUSP00000112430
ENSMUSP00000045710,ENSMUSP00000085122
ENSMUSP00000045710,ENSMUSP00000005218
ENSMUSP00000045710,ENSMUSP00000026917
ENSMUSP00000046012,ENSMUSP00000053638
ENSMUSP00000046340,ENSMUSP00000099692
ENSMUSP00000046340,ENSMUSP00000032491
ENSMUSP00000046340,ENSMUSP00000030336
ENSMUSP00000046512,ENSMUSP00000032201
ENSMUSP00000046512,ENSMUSP00000065877
ENSMUSP00000046512,ENSMUSP00000025224
ENSMUSP00000046512,ENSMUSP00000026076
ENSMUSP00000046512,ENSMUSP00000022699
ENSMUSP00000046522,ENSMUSP00000122219
ENSMUSP00000046636,ENSMUSP00000079752
ENSMUSP00000046960,ENSMUSP00000055343
ENSMUSP00000046960,ENSMUSP00000002976
ENSMUSP00000047646,ENSMUSP00000052444
ENSMUSP00000047646,ENSMUSP00000044050
ENSMUSP00000047646,ENSMUSP00000045770
ENSMUSP00000047646,ENSMUSP00000053489
ENSMUSP00000047646,ENSMUSP00000017153
ENSMUSP00000047680,ENSMUSP00000122219
ENSMUSP00000047844,ENSMUSP00000087457
ENSMUSP00000047844,ENSMUSP00000053891
ENSMUSP00000047894,ENSMUSP00000126108
ENSMUSP00000047894,ENSMUSP00000067305
ENSMUSP00000047894,ENSMUSP00000007757
ENSMUSP00000047894,ENSMUSP00000031224
ENSMUSP00000047894,ENSMUSP00000028178
ENSMUSP00000047894,ENSMUSP00000000544
ENSMUSP00000047968,ENSMUSP00000081041
ENSMUSP00000047968,ENSMUSP00000023312
ENSMUSP00000048079,ENSMUSP00000021918
ENSMUSP00000048079,ENSMUSP00000126108
ENSMUSP00000048079,ENSMUSP00000029948
ENSMUSP00000048079,ENSMUSP00000067305
ENSMUSP00000048079,ENSMUSP00000084701
ENSMUSP00000048079,ENSMUSP00000088453
ENSMUSP00000048836,ENSMUSP00000096876
ENSMUSP00000048857,ENSMUSP00000133957
ENSMUSP00000048857,ENSMUSP00000081845
ENSMUSP00000048857,ENSMUSP00000021056
ENSMUSP00000048857,ENSMUSP00000049063
ENSMUSP00000048857,ENSMUSP00000063380
ENSMUSP00000048857,ENSMUSP00000023007
ENSMUSP00000048857,ENSMUSP00000023538
ENSMUSP00000048857,ENSMUSP00000108413
ENSMUSP00000049161,ENSMUSP00000138836
ENSMUSP00000049678,ENSMUSP00000023691
ENSMUSP00000049678,ENSMUSP00000091455
ENSMUSP00000049678,ENSMUSP00000003568
ENSMUSP00000050716,ENSMUSP00000020329
ENSMUSP00000050716,ENSMUSP00000101472
ENSMUSP00000050716,ENSMUSP00000027451
ENSMUSP00000050716,ENSMUSP00000006112
ENSMUSP00000050716,ENSMUSP00000029964
ENSMUSP00000050716,ENSMUSP00000106684
ENSMUSP00000050716,ENSMUSP00000066734
ENSMUSP00000050716,ENSMUSP00000110380
ENSMUSP00000050716,ENSMUSP00000035129
ENSMUSP00000050716,ENSMUSP00000060646
ENSMUSP00000051392,ENSMUSP00000067897
ENSMUSP00000051392,ENSMUSP00000077611
ENSMUSP00000051392,ENSMUSP00000058732
ENSMUSP00000051392,ENSMUSP00000062741
ENSMUSP00000051579,ENSMUSP00000139881
ENSMUSP00000053097,ENSMUSP00000134402
ENSMUSP00000053097,ENSMUSP00000129678
ENSMUSP00000053097,ENSMUSP00000109089
ENSMUSP00000053391,ENSMUSP00000093843
ENSMUSP00000053391,ENSMUSP00000092630
ENSMUSP00000053446,ENSMUSP00000122219
ENSMUSP00000053962,ENSMUSP00000079752
ENSMUSP00000053962,ENSMUSP00000049676
ENSMUSP00000053977,ENSMUSP00000126108
ENSMUSP00000053977,ENSMUSP00000067305
ENSMUSP00000054210,ENSMUSP00000071513
ENSMUSP00000054499,ENSMUSP00000001327
ENSMUSP00000054499,ENSMUSP00000087457
ENSMUSP00000054499,ENSMUSP00000005218
ENSMUSP00000054499,ENSMUSP00000023128
ENSMUSP00000054499,ENSMUSP00000101094
ENSMUSP00000054499,ENSMUSP00000099375
ENSMUSP00000054499,ENSMUSP00000062171
ENSMUSP00000054499,ENSMUSP00000001548
ENSMUSP00000054499,ENSMUSP00000003469
ENSMUSP00000054583,ENSMUSP00000087457
ENSMUSP00000054591,ENSMUSP00000103679
ENSMUSP00000054591,ENSMUSP00000091685
ENSMUSP00000054591,ENSMUSP00000027237
ENSMUSP00000054637,ENSMUSP00000138836
ENSMUSP00000054637,ENSMUSP00000005601
ENSMUSP00000055746,ENSMUSP00000088768
ENSMUSP00000055757,ENSMUSP00000044004
ENSMUSP00000055757,ENSMUSP00000102343
ENSMUSP00000055757,ENSMUSP00000127329
ENSMUSP00000055757,ENSMUSP00000099692
ENSMUSP00000055757,ENSMUSP00000034713
ENSMUSP00000055757,ENSMUSP00000072428
ENSMUSP00000055862,ENSMUSP00000113810
ENSMUSP00000056008,ENSMUSP00000062103
ENSMUSP00000056040,ENSMUSP00000110593
ENSMUSP00000056668,ENSMUSP00000005671
ENSMUSP00000056668,ENSMUSP00000028499
ENSMUSP00000056668,ENSMUSP00000088837
ENSMUSP00000056668,ENSMUSP00000021028
ENSMUSP00000056669,ENSMUSP00000029623
ENSMUSP00000056669,ENSMUSP00000087457
ENSMUSP00000056669,ENSMUSP00000082207
ENSMUSP00000056669,ENSMUSP00000045770
ENSMUSP00000056669,ENSMUSP00000099718
ENSMUSP00000056669,ENSMUSP00000027650
ENSMUSP00000056669,ENSMUSP00000048092
ENSMUSP00000056669,ENSMUSP00000000299
ENSMUSP00000056669,ENSMUSP00000026881
ENSMUSP00000056669,ENSMUSP00000034056
ENSMUSP00000056752,ENSMUSP00000081041
ENSMUSP00000056752,ENSMUSP00000005452
ENSMUSP00000056752,ENSMUSP00000112430
ENSMUSP00000056752,ENSMUSP00000085122
ENSMUSP00000056752,ENSMUSP00000026917
ENSMUSP00000057543,ENSMUSP00000005671
ENSMUSP00000057543,ENSMUSP00000007799
ENSMUSP00000057543,ENSMUSP00000050077
ENSMUSP00000057543,ENSMUSP00000129972
ENSMUSP00000057543,ENSMUSP00000071798
ENSMUSP00000057543,ENSMUSP00000075170
ENSMUSP00000057543,ENSMUSP00000024916
ENSMUSP00000057543,ENSMUSP00000053086
ENSMUSP00000057543,ENSMUSP00000055797
ENSMUSP00000057578,ENSMUSP00000058230
ENSMUSP00000057578,ENSMUSP00000112630
ENSMUSP00000057983,ENSMUSP00000123924
ENSMUSP00000057989,ENSMUSP00000099692
ENSMUSP00000057989,ENSMUSP00000029712
ENSMUSP00000057989,ENSMUSP00000078757
ENSMUSP00000057989,ENSMUSP00000063039
ENSMUSP00000057989,ENSMUSP00000000122
ENSMUSP00000057989,ENSMUSP00000029711
ENSMUSP00000057989,ENSMUSP00000037909
ENSMUSP00000057989,ENSMUSP00000041828
ENSMUSP00000058237,ENSMUSP00000045770
ENSMUSP00000058237,ENSMUSP00000137123
ENSMUSP00000058237,ENSMUSP00000021750
ENSMUSP00000058254,ENSMUSP00000134402
ENSMUSP00000058254,ENSMUSP00000129678
ENSMUSP00000058254,ENSMUSP00000109089
ENSMUSP00000060405,ENSMUSP00000023691
ENSMUSP00000060405,ENSMUSP00000091455
ENSMUSP00000060405,ENSMUSP00000003568
ENSMUSP00000061185,ENSMUSP00000091455
ENSMUSP00000061185,ENSMUSP00000003568
ENSMUSP00000061836,ENSMUSP00000077574
ENSMUSP00000062884,ENSMUSP00000029948
ENSMUSP00000062884,ENSMUSP00000067305
ENSMUSP00000062884,ENSMUSP00000084701
ENSMUSP00000062884,ENSMUSP00000035900
ENSMUSP00000063839,ENSMUSP00000044004
ENSMUSP00000063839,ENSMUSP00000028499
ENSMUSP00000063839,ENSMUSP00000053897
ENSMUSP00000063839,ENSMUSP00000066554
ENSMUSP00000063839,ENSMUSP00000028288
ENSMUSP00000063839,ENSMUSP00000085016
ENSMUSP00000063839,ENSMUSP00000047029
ENSMUSP00000063839,ENSMUSP00000029559
ENSMUSP00000063839,ENSMUSP00000083073
ENSMUSP00000063839,ENSMUSP00000002677
ENSMUSP00000063839,ENSMUSP00000005678
ENSMUSP00000063839,ENSMUSP00000026993
ENSMUSP00000063839,ENSMUSP00000029800
ENSMUSP00000063839,ENSMUSP00000031840
ENSMUSP00000063839,ENSMUSP00000035263
ENSMUSP00000063839,ENSMUSP00000041883
ENSMUSP00000064521,ENSMUSP00000032201
ENSMUSP00000064521,ENSMUSP00000065877
ENSMUSP00000064521,ENSMUSP00000025224
ENSMUSP00000064521,ENSMUSP00000026076
ENSMUSP00000064521,ENSMUSP00000022699
ENSMUSP00000064761,ENSMUSP00000047518
ENSMUSP00000064761,ENSMUSP00000073875
ENSMUSP00000064878,ENSMUSP00000022906
ENSMUSP00000064878,ENSMUSP00000091463
ENSMUSP00000064878,ENSMUSP00000025856
ENSMUSP00000064878,ENSMUSP00000058629
ENSMUSP00000064878,ENSMUSP00000115325
ENSMUSP00000064878,ENSMUSP00000039660
ENSMUSP00000064878,ENSMUSP00000048171
ENSMUSP00000064878,ENSMUSP00000032322
ENSMUSP00000064878,ENSMUSP00000021918
ENSMUSP00000064878,ENSMUSP00000067783
ENSMUSP00000064878,ENSMUSP00000109884
ENSMUSP00000064878,ENSMUSP00000053551
ENSMUSP00000064878,ENSMUSP00000049852
ENSMUSP00000064878,ENSMUSP00000028288
ENSMUSP00000064878,ENSMUSP00000135858
ENSMUSP00000065213,ENSMUSP00000087457
ENSMUSP00000065213,ENSMUSP00000062333
ENSMUSP00000065213,ENSMUSP00000073099
ENSMUSP00000065213,ENSMUSP00000044227
ENSMUSP00000065213,ENSMUSP00000017153
ENSMUSP00000065966,ENSMUSP00000100862
ENSMUSP00000065966,ENSMUSP00000033824
ENSMUSP00000066304,ENSMUSP00000134402
ENSMUSP00000066304,ENSMUSP00000129678
ENSMUSP00000066304,ENSMUSP00000109089
ENSMUSP00000066488,ENSMUSP00000079752
ENSMUSP00000066488,ENSMUSP00000070958
ENSMUSP00000066488,ENSMUSP00000068298
ENSMUSP00000066488,ENSMUSP00000086592
ENSMUSP00000066488,ENSMUSP00000086409
ENSMUSP00000066857,ENSMUSP00000112776
ENSMUSP00000066857,ENSMUSP00000131840
ENSMUSP00000066857,ENSMUSP00000110690
ENSMUSP00000066857,ENSMUSP00000023600
ENSMUSP00000067046,ENSMUSP00000079752
ENSMUSP00000067046,ENSMUSP00000030254
ENSMUSP00000067046,ENSMUSP00000037385
ENSMUSP00000067057,ENSMUSP00000044050
ENSMUSP00000067057,ENSMUSP00000122072
ENSMUSP00000067057,ENSMUSP00000035115
ENSMUSP00000067057,ENSMUSP00000063784
ENSMUSP00000067057,ENSMUSP00000047518
ENSMUSP00000067057,ENSMUSP00000080162
ENSMUSP00000067057,ENSMUSP00000011315
ENSMUSP00000067066,ENSMUSP00000138836
ENSMUSP00000067066,ENSMUSP00000126137
ENSMUSP00000067325,ENSMUSP00000047325
ENSMUSP00000067325,ENSMUSP00000035444
ENSMUSP00000067325,ENSMUSP00000105493
ENSMUSP00000067325,ENSMUSP00000020350
ENSMUSP00000067953,ENSMUSP00000087457
ENSMUSP00000067953,ENSMUSP00000028522
ENSMUSP00000067953,ENSMUSP00000028288
ENSMUSP00000067953,ENSMUSP00000078741
ENSMUSP00000067953,ENSMUSP00000023128
ENSMUSP00000067953,ENSMUSP00000032492
ENSMUSP00000067953,ENSMUSP00000032491
ENSMUSP00000067953,ENSMUSP00000099317
ENSMUSP00000067953,ENSMUSP00000030336
ENSMUSP00000067953,ENSMUSP00000114123
ENSMUSP00000067953,ENSMUSP00000072428
ENSMUSP00000067953,ENSMUSP00000069457
ENSMUSP00000067953,ENSMUSP00000006578
ENSMUSP00000067953,ENSMUSP00000017799
ENSMUSP00000067953,ENSMUSP00000028348
ENSMUSP00000068053,ENSMUSP00000078863
ENSMUSP00000069024,ENSMUSP00000111103
ENSMUSP00000069024,ENSMUSP00000131840
ENSMUSP00000069024,ENSMUSP00000002079
ENSMUSP00000069681,ENSMUSP00000081041
ENSMUSP00000069681,ENSMUSP00000112430
ENSMUSP00000069681,ENSMUSP00000085122
ENSMUSP00000069681,ENSMUSP00000026917
ENSMUSP00000070018,ENSMUSP00000022906
ENSMUSP00000070018,ENSMUSP00000115325
ENSMUSP00000070018,ENSMUSP00000067783
ENSMUSP00000070037,ENSMUSP00000083840
ENSMUSP00000070239,ENSMUSP00000079752
ENSMUSP00000072397,ENSMUSP00000131795
ENSMUSP00000072712,ENSMUSP00000122219
ENSMUSP00000072773,ENSMUSP00000020329
ENSMUSP00000072773,ENSMUSP00000028499
ENSMUSP00000072773,ENSMUSP00000087457
ENSMUSP00000072773,ENSMUSP00000023128
ENSMUSP00000072773,ENSMUSP00000021028
ENSMUSP00000072800,ENSMUSP00000028499
ENSMUSP00000072800,ENSMUSP00000087457
ENSMUSP00000072800,ENSMUSP00000044050
ENSMUSP00000072800,ENSMUSP00000023128
ENSMUSP00000072800,ENSMUSP00000099718
ENSMUSP00000072800,ENSMUSP00000101236
ENSMUSP00000072800,ENSMUSP00000050077
ENSMUSP00000072800,ENSMUSP00000053489
ENSMUSP00000072800,ENSMUSP00000069114
ENSMUSP00000072800,ENSMUSP00000070958
ENSMUSP00000072800,ENSMUSP00000020323
ENSMUSP00000072800,ENSMUSP00000021028
ENSMUSP00000072800,ENSMUSP00000036316
ENSMUSP00000072800,ENSMUSP00000063670
ENSMUSP00000073286,ENSMUSP00000122219
ENSMUSP00000073546,ENSMUSP00000020329
ENSMUSP00000073546,ENSMUSP00000053897
ENSMUSP00000073546,ENSMUSP00000080716
ENSMUSP00000073546,ENSMUSP00000114123
ENSMUSP00000073612,ENSMUSP00000026917
ENSMUSP00000073612,ENSMUSP00000131840
ENSMUSP00000073612,ENSMUSP00000015511
ENSMUSP00000073687,ENSMUSP00000126914
ENSMUSP00000073720,ENSMUSP00000029948
ENSMUSP00000073720,ENSMUSP00000067305
ENSMUSP00000073720,ENSMUSP00000084701
ENSMUSP00000073720,ENSMUSP00000035900
ENSMUSP00000073720,ENSMUSP00000046659
ENSMUSP00000073720,ENSMUSP00000081625
ENSMUSP00000074565,ENSMUSP00000134402
ENSMUSP00000074565,ENSMUSP00000129678
ENSMUSP00000074565,ENSMUSP00000109089
ENSMUSP00000074708,ENSMUSP00000020329
ENSMUSP00000074708,ENSMUSP00000138836
ENSMUSP00000074708,ENSMUSP00000095736
ENSMUSP00000074708,ENSMUSP00000126137
ENSMUSP00000074708,ENSMUSP00000022746
ENSMUSP00000074885,ENSMUSP00000045134
ENSMUSP00000074885,ENSMUSP00000102512
ENSMUSP00000075224,ENSMUSP00000028288
ENSMUSP00000075224,ENSMUSP00000085016
ENSMUSP00000075224,ENSMUSP00000078741
ENSMUSP00000075224,ENSMUSP00000015612
ENSMUSP00000075463,ENSMUSP00000127173
ENSMUSP00000075463,ENSMUSP00000025522
ENSMUSP00000075609,ENSMUSP00000087457
ENSMUSP00000076115,ENSMUSP00000101472
ENSMUSP00000076115,ENSMUSP00000066554
ENSMUSP00000076115,ENSMUSP00000027451
ENSMUSP00000076115,ENSMUSP00000029964
ENSMUSP00000076115,ENSMUSP00000066734
ENSMUSP00000076115,ENSMUSP00000050810
ENSMUSP00000076115,ENSMUSP00000030420
ENSMUSP00000076115,ENSMUSP00000073099
ENSMUSP00000076115,ENSMUSP00000006614
ENSMUSP00000076115,ENSMUSP00000060646
ENSMUSP00000076155,ENSMUSP00000097108
ENSMUSP00000076383,ENSMUSP00000045770
ENSMUSP00000076383,ENSMUSP00000099491
ENSMUSP00000076383,ENSMUSP00000026881
ENSMUSP00000077314,ENSMUSP00000097108
ENSMUSP00000078723,ENSMUSP00000032322
ENSMUSP00000078723,ENSMUSP00000095253
ENSMUSP00000078723,ENSMUSP00000006005
ENSMUSP00000078723,ENSMUSP00000027083
ENSMUSP00000079341,ENSMUSP00000093653
ENSMUSP00000079341,ENSMUSP00000101428
ENSMUSP00000079341,ENSMUSP00000006005
ENSMUSP00000079341,ENSMUSP00000024916
ENSMUSP00000079341,ENSMUSP00000026119
ENSMUSP00000079400,ENSMUSP00000026917
ENSMUSP00000079400,ENSMUSP00000109794
ENSMUSP00000079400,ENSMUSP00000004326
ENSMUSP00000079431,ENSMUSP00000122219
ENSMUSP00000079579,ENSMUSP00000122219
ENSMUSP00000080731,ENSMUSP00000122219
ENSMUSP00000081048,ENSMUSP00000028499
ENSMUSP00000081048,ENSMUSP00000087457
ENSMUSP00000081048,ENSMUSP00000028522
ENSMUSP00000081048,ENSMUSP00000069416
ENSMUSP00000082682,ENSMUSP00000029623
ENSMUSP00000082682,ENSMUSP00000028499
ENSMUSP00000082682,ENSMUSP00000068468
ENSMUSP00000082682,ENSMUSP00000082207
ENSMUSP00000082682,ENSMUSP00000045770
ENSMUSP00000082682,ENSMUSP00000053489
ENSMUSP00000082682,ENSMUSP00000096877
ENSMUSP00000082682,ENSMUSP00000015596
ENSMUSP00000082682,ENSMUSP00000020668
ENSMUSP00000082682,ENSMUSP00000021028
ENSMUSP00000082682,ENSMUSP00000026881
ENSMUSP00000082682,ENSMUSP00000060793
ENSMUSP00000082952,ENSMUSP00000126108
ENSMUSP00000082952,ENSMUSP00000067305
ENSMUSP00000082952,ENSMUSP00000000544
ENSMUSP00000083251,ENSMUSP00000099462
ENSMUSP00000083587,ENSMUSP00000028499
ENSMUSP00000083587,ENSMUSP00000068468
ENSMUSP00000083587,ENSMUSP00000101913
ENSMUSP00000083587,ENSMUSP00000112137
ENSMUSP00000083587,ENSMUSP00000000299
ENSMUSP00000083587,ENSMUSP00000041963
ENSMUSP00000083587,ENSMUSP00000049534
ENSMUSP00000084282,ENSMUSP00000087457
ENSMUSP00000084282,ENSMUSP00000096876
ENSMUSP00000085192,ENSMUSP00000087457
ENSMUSP00000085192,ENSMUSP00000139881
ENSMUSP00000085192,ENSMUSP00000129624
ENSMUSP00000087485,ENSMUSP00000097108
ENSMUSP00000087643,ENSMUSP00000109794
ENSMUSP00000087643,ENSMUSP00000110748
ENSMUSP00000089269,ENSMUSP00000122219
ENSMUSP00000089703,ENSMUSP00000102068
ENSMUSP00000090304,ENSMUSP00000087457
ENSMUSP00000090304,ENSMUSP00000096712
ENSMUSP00000090304,ENSMUSP00000102068
ENSMUSP00000090304,ENSMUSP00000053891
ENSMUSP00000091779,ENSMUSP00000132453
ENSMUSP00000091779,ENSMUSP00000039107
ENSMUSP00000091779,ENSMUSP00000063986
ENSMUSP00000092492,ENSMUSP00000138836
ENSMUSP00000092492,ENSMUSP00000095736
ENSMUSP00000092732,ENSMUSP00000050119
ENSMUSP00000092732,ENSMUSP00000052444
ENSMUSP00000092732,ENSMUSP00000099423
ENSMUSP00000093185,ENSMUSP00000081041
ENSMUSP00000093185,ENSMUSP00000005452
ENSMUSP00000093185,ENSMUSP00000112430
ENSMUSP00000093185,ENSMUSP00000085122
ENSMUSP00000093614,ENSMUSP00000122219
ENSMUSP00000093978,ENSMUSP00000097108
ENSMUSP00000094449,ENSMUSP00000099605
ENSMUSP00000094449,ENSMUSP00000042642
ENSMUSP00000095732,ENSMUSP00000052444
ENSMUSP00000095732,ENSMUSP00000099423
ENSMUSP00000097061,ENSMUSP00000097108
ENSMUSP00000097393,ENSMUSP00000122219
ENSMUSP00000097547,ENSMUSP00000110489
ENSMUSP00000097547,ENSMUSP00000004829
ENSMUSP00000097547,ENSMUSP00000049534
ENSMUSP00000097601,ENSMUSP00000081041
ENSMUSP00000097601,ENSMUSP00000005452
ENSMUSP00000097601,ENSMUSP00000112430
ENSMUSP00000097601,ENSMUSP00000085122
ENSMUSP00000098436,ENSMUSP00000027871
ENSMUSP00000098436,ENSMUSP00000102512
ENSMUSP00000098436,ENSMUSP00000123924
ENSMUSP00000098436,ENSMUSP00000020301
ENSMUSP00000098436,ENSMUSP00000027874
ENSMUSP00000098786,ENSMUSP00000101472
ENSMUSP00000098786,ENSMUSP00000028288
ENSMUSP00000098786,ENSMUSP00000085016
ENSMUSP00000098786,ENSMUSP00000078741
ENSMUSP00000098786,ENSMUSP00000015612
ENSMUSP00000098786,ENSMUSP00000114123
ENSMUSP00000098786,ENSMUSP00000003550
ENSMUSP00000098786,ENSMUSP00000034510
ENSMUSP00000099529,ENSMUSP00000110748
ENSMUSP00000099529,ENSMUSP00000131840
ENSMUSP00000099529,ENSMUSP00000109144
ENSMUSP00000099529,ENSMUSP00000020939
ENSMUSP00000099529,ENSMUSP00000024791
ENSMUSP00000099529,ENSMUSP00000032800
ENSMUSP00000099569,ENSMUSP00000108144
ENSMUSP00000099591,ENSMUSP00000026917
ENSMUSP00000099591,ENSMUSP00000109794
ENSMUSP00000099591,ENSMUSP00000131840
ENSMUSP00000099645,ENSMUSP00000081041
ENSMUSP00000099645,ENSMUSP00000005452
ENSMUSP00000099645,ENSMUSP00000112430
ENSMUSP00000099645,ENSMUSP00000085122
ENSMUSP00000099794,ENSMUSP00000044050
ENSMUSP00000099794,ENSMUSP00000110221
ENSMUSP00000099794,ENSMUSP00000026119
ENSMUSP00000099794,ENSMUSP00000061560
ENSMUSP00000099866,ENSMUSP00000116757
ENSMUSP00000099907,ENSMUSP00000062924
ENSMUSP00000099907,ENSMUSP00000118362
ENSMUSP00000099907,ENSMUSP00000000122
ENSMUSP00000099907,ENSMUSP00000053394
ENSMUSP00000099907,ENSMUSP00000059050
ENSMUSP00000099907,ENSMUSP00000099398
ENSMUSP00000100009,ENSMUSP00000134402
ENSMUSP00000100019,ENSMUSP00000122219
ENSMUSP00000101518,ENSMUSP00000081041
ENSMUSP00000101518,ENSMUSP00000112430
ENSMUSP00000101518,ENSMUSP00000085122
ENSMUSP00000102689,ENSMUSP00000116757
ENSMUSP00000102835,ENSMUSP00000131840
ENSMUSP00000103903,ENSMUSP00000107707
ENSMUSP00000103903,ENSMUSP00000017799
ENSMUSP00000103903,ENSMUSP00000020668
ENSMUSP00000104091,ENSMUSP00000127329
ENSMUSP00000104314,ENSMUSP00000110593
ENSMUSP00000104314,ENSMUSP00000018644
ENSMUSP00000104314,ENSMUSP00000063656
ENSMUSP00000104314,ENSMUSP00000110690
ENSMUSP00000104314,ENSMUSP00000128521
ENSMUSP00000104314,ENSMUSP00000026994
ENSMUSP00000104314,ENSMUSP00000034650
ENSMUSP00000104314,ENSMUSP00000077080
ENSMUSP00000104314,ENSMUSP00000101843
ENSMUSP00000105051,ENSMUSP00000025856
ENSMUSP00000105051,ENSMUSP00000058629
ENSMUSP00000105051,ENSMUSP00000115325
ENSMUSP00000105051,ENSMUSP00000109884
ENSMUSP00000105051,ENSMUSP00000049852
ENSMUSP00000105051,ENSMUSP00000114114
ENSMUSP00000105051,ENSMUSP00000033876
ENSMUSP00000105051,ENSMUSP00000024238
ENSMUSP00000105173,ENSMUSP00000020329
ENSMUSP00000105173,ENSMUSP00000029623
ENSMUSP00000105173,ENSMUSP00000005218
ENSMUSP00000105173,ENSMUSP00000123924
ENSMUSP00000105709,ENSMUSP00000025691
ENSMUSP00000105709,ENSMUSP00000027871
ENSMUSP00000105709,ENSMUSP00000081845
ENSMUSP00000105709,ENSMUSP00000021056
ENSMUSP00000105709,ENSMUSP00000049063
ENSMUSP00000105709,ENSMUSP00000063380
ENSMUSP00000105709,ENSMUSP00000023007
ENSMUSP00000105709,ENSMUSP00000023538
ENSMUSP00000105709,ENSMUSP00000101236
ENSMUSP00000105709,ENSMUSP00000108413
ENSMUSP00000105709,ENSMUSP00000133065
ENSMUSP00000105709,ENSMUSP00000112578
ENSMUSP00000105709,ENSMUSP00000006020
ENSMUSP00000105709,ENSMUSP00000009689
ENSMUSP00000105709,ENSMUSP00000026455
ENSMUSP00000105979,ENSMUSP00000122219
ENSMUSP00000105984,ENSMUSP00000122219
ENSMUSP00000105998,ENSMUSP00000122219
ENSMUSP00000106224,ENSMUSP00000122219
ENSMUSP00000108555,ENSMUSP00000138836
ENSMUSP00000108555,ENSMUSP00000100026
ENSMUSP00000109409,ENSMUSP00000109463
ENSMUSP00000109409,ENSMUSP00000003312
ENSMUSP00000111378,ENSMUSP00000080716
ENSMUSP00000111378,ENSMUSP00000114123
ENSMUSP00000112765,ENSMUSP00000020329
ENSMUSP00000112765,ENSMUSP00000053897
ENSMUSP00000112765,ENSMUSP00000114123
ENSMUSP00000114350,ENSMUSP00000033646
ENSMUSP00000114350,ENSMUSP00000087457
ENSMUSP00000114350,ENSMUSP00000102068
ENSMUSP00000114350,ENSMUSP00000139881
ENSMUSP00000114350,ENSMUSP00000001548
ENSMUSP00000114350,ENSMUSP00000014505
ENSMUSP00000114350,ENSMUSP00000021028
ENSMUSP00000118318,ENSMUSP00000129678
ENSMUSP00000118318,ENSMUSP00000006578
ENSMUSP00000118318,ENSMUSP00000023334
ENSMUSP00000118318,ENSMUSP00000034510
ENSMUSP00000118318,ENSMUSP00000074898
ENSMUSP00000124052,ENSMUSP00000087457
ENSMUSP00000124052,ENSMUSP00000028288
ENSMUSP00000124052,ENSMUSP00000102343
ENSMUSP00000124052,ENSMUSP00000127329
ENSMUSP00000124052,ENSMUSP00000023128
ENSMUSP00000124052,ENSMUSP00000099375
ENSMUSP00000124052,ENSMUSP00000001548
ENSMUSP00000124052,ENSMUSP00000021028
ENSMUSP00000125274,ENSMUSP00000134402
ENSMUSP00000125274,ENSMUSP00000129678
ENSMUSP00000125274,ENSMUSP00000109089
ENSMUSP00000125469,ENSMUSP00000134402
ENSMUSP00000127615,ENSMUSP00000112776
ENSMUSP00000127615,ENSMUSP00000131840
ENSMUSP00000127615,ENSMUSP00000110690
ENSMUSP00000127615,ENSMUSP00000023600
ENSMUSP00000127615,ENSMUSP00000099959
ENSMUSP00000128718,ENSMUSP00000139881
ENSMUSP00000132166,ENSMUSP00000109884
ENSMUSP00000132166,ENSMUSP00000081625
ENSMUSP00000132166,ENSMUSP00000135858
ENSMUSP00000083707,ENSMUSP00000026917
ENSMUSP00000083707,ENSMUSP00000000109
ENSMUSP00000099935,ENSMUSP00000028499
ENSMUSP00000099935,ENSMUSP00000053897
ENSMUSP00000099935,ENSMUSP00000087457
ENSMUSP00000099935,ENSMUSP00000026917
ENSMUSP00000099935,ENSMUSP00000023128
ENSMUSP00000099935,ENSMUSP00000080716
ENSMUSP00000099935,ENSMUSP00000000109
ENSMUSP00000099935,ENSMUSP00000021028
ENSMUSP00000102538,ENSMUSP00000099692
ENSMUSP00000102538,ENSMUSP00000029712
ENSMUSP00000102538,ENSMUSP00000000122
ENSMUSP00000102538,ENSMUSP00000037909
ENSMUSP00000102538,ENSMUSP00000041828
ENSMUSP00000102538,ENSMUSP00000077919
ENSMUSP00000102538,ENSMUSP00000099585
ENSMUSP00000107863,ENSMUSP00000029712
ENSMUSP00000107863,ENSMUSP00000078757
ENSMUSP00000107863,ENSMUSP00000000122
ENSMUSP00000107863,ENSMUSP00000037909
ENSMUSP00000132918,ENSMUSP00000062924
ENSMUSP00000132918,ENSMUSP00000000122
ENSMUSP00000132918,ENSMUSP00000059050
ENSMUSP00000132918,ENSMUSP00000099572
ENSMUSP00000057916,ENSMUSP00000029712
ENSMUSP00000057916,ENSMUSP00000000122
ENSMUSP00000070751,ENSMUSP00000005218
ENSMUSP00000070751,ENSMUSP00000007799
ENSMUSP00000070751,ENSMUSP00000000299
ENSMUSP00000070751,ENSMUSP00000027874
ENSMUSP00000070751,ENSMUSP00000045216
ENSMUSP00000070751,ENSMUSP00000049534
ENSMUSP00000070751,ENSMUSP00000065433
ENSMUSP00000133117,ENSMUSP00000087457
ENSMUSP00000133117,ENSMUSP00000045770
ENSMUSP00000133117,ENSMUSP00000023128
ENSMUSP00000133117,ENSMUSP00000099375
ENSMUSP00000133117,ENSMUSP00000000299
ENSMUSP00000133117,ENSMUSP00000021028
ENSMUSP00000042701,ENSMUSP00000000299
ENSMUSP00000098286,ENSMUSP00000084701
ENSMUSP00000098286,ENSMUSP00000088453
ENSMUSP00000098286,ENSMUSP00000083840
ENSMUSP00000098286,ENSMUSP00000000542
ENSMUSP00000029345,ENSMUSP00000000808
ENSMUSP00000097408,ENSMUSP00000001548
ENSMUSP00000128056,ENSMUSP00000113977
ENSMUSP00000128056,ENSMUSP00000021921
ENSMUSP00000128056,ENSMUSP00000078047
ENSMUSP00000128056,ENSMUSP00000047199
ENSMUSP00000128056,ENSMUSP00000030443
ENSMUSP00000128056,ENSMUSP00000001812
ENSMUSP00000027467,ENSMUSP00000002284
ENSMUSP00000108929,ENSMUSP00000002284
ENSMUSP00000096266,ENSMUSP00000002284
ENSMUSP00000096266,ENSMUSP00000017153
ENSMUSP00000005950,ENSMUSP00000002284
ENSMUSP00000115883,ENSMUSP00000028499
ENSMUSP00000115883,ENSMUSP00000022871
ENSMUSP00000115883,ENSMUSP00000047199
ENSMUSP00000115883,ENSMUSP00000031653
ENSMUSP00000115883,ENSMUSP00000026917
ENSMUSP00000115883,ENSMUSP00000109794
ENSMUSP00000115883,ENSMUSP00000029540
ENSMUSP00000115883,ENSMUSP00000088056
ENSMUSP00000115883,ENSMUSP00000109144
ENSMUSP00000115883,ENSMUSP00000002677
ENSMUSP00000115883,ENSMUSP00000021028
ENSMUSP00000115883,ENSMUSP00000089805
ENSMUSP00000033828,ENSMUSP00000028763
ENSMUSP00000033828,ENSMUSP00000002677
ENSMUSP00000033828,ENSMUSP00000014505
ENSMUSP00000126219,ENSMUSP00000033664
ENSMUSP00000126219,ENSMUSP00000003981
ENSMUSP00000028062,ENSMUSP00000005218
ENSMUSP00000018767,ENSMUSP00000005218
ENSMUSP00000034756,ENSMUSP00000005218
ENSMUSP00000062212,ENSMUSP00000005218
ENSMUSP00000062212,ENSMUSP00000020579
ENSMUSP00000108367,ENSMUSP00000028499
ENSMUSP00000108367,ENSMUSP00000087457
ENSMUSP00000108367,ENSMUSP00000005218
ENSMUSP00000108367,ENSMUSP00000069416
ENSMUSP00000108367,ENSMUSP00000028106
ENSMUSP00000108367,ENSMUSP00000099718
ENSMUSP00000108367,ENSMUSP00000044227
ENSMUSP00000108367,ENSMUSP00000021028
ENSMUSP00000128943,ENSMUSP00000005218
ENSMUSP00000101556,ENSMUSP00000005671
ENSMUSP00000101556,ENSMUSP00000024599
ENSMUSP00000101556,ENSMUSP00000088837
ENSMUSP00000064131,ENSMUSP00000005671
ENSMUSP00000064131,ENSMUSP00000043768
ENSMUSP00000100920,ENSMUSP00000005815
ENSMUSP00000100920,ENSMUSP00000006397
ENSMUSP00000051433,ENSMUSP00000006005
ENSMUSP00000027377,ENSMUSP00000007799
ENSMUSP00000076880,ENSMUSP00000009689
ENSMUSP00000112843,ENSMUSP00000045770
ENSMUSP00000112843,ENSMUSP00000015596
ENSMUSP00000099575,ENSMUSP00000028288
ENSMUSP00000099575,ENSMUSP00000085016
ENSMUSP00000099575,ENSMUSP00000078741
ENSMUSP00000099575,ENSMUSP00000015612
ENSMUSP00000103951,ENSMUSP00000028288
ENSMUSP00000103951,ENSMUSP00000085016
ENSMUSP00000103951,ENSMUSP00000078741
ENSMUSP00000103951,ENSMUSP00000015612
ENSMUSP00000039641,ENSMUSP00000016110
ENSMUSP00000025471,ENSMUSP00000016110
ENSMUSP00000133302,ENSMUSP00000025856
ENSMUSP00000133302,ENSMUSP00000032322
ENSMUSP00000133302,ENSMUSP00000044004
ENSMUSP00000133302,ENSMUSP00000079752
ENSMUSP00000133302,ENSMUSP00000102343
ENSMUSP00000133302,ENSMUSP00000127329
ENSMUSP00000133302,ENSMUSP00000058613
ENSMUSP00000133302,ENSMUSP00000030010
ENSMUSP00000133302,ENSMUSP00000034713
ENSMUSP00000133302,ENSMUSP00000083242
ENSMUSP00000133302,ENSMUSP00000017153
ENSMUSP00000133302,ENSMUSP00000020911
ENSMUSP00000133302,ENSMUSP00000024791
ENSMUSP00000099073,ENSMUSP00000022871
ENSMUSP00000099073,ENSMUSP00000026917
ENSMUSP00000099073,ENSMUSP00000083840
ENSMUSP00000099073,ENSMUSP00000088056
ENSMUSP00000099073,ENSMUSP00000017153
ENSMUSP00000099073,ENSMUSP00000020911
ENSMUSP00000099073,ENSMUSP00000089805
ENSMUSP00000090287,ENSMUSP00000039660
ENSMUSP00000090287,ENSMUSP00000032322
ENSMUSP00000090287,ENSMUSP00000047325
ENSMUSP00000090287,ENSMUSP00000035444
ENSMUSP00000090287,ENSMUSP00000017153
ENSMUSP00000090287,ENSMUSP00000020350
ENSMUSP00000102995,ENSMUSP00000020329
ENSMUSP00000102995,ENSMUSP00000028499
ENSMUSP00000102995,ENSMUSP00000087457
ENSMUSP00000102995,ENSMUSP00000096712
ENSMUSP00000102995,ENSMUSP00000028106
ENSMUSP00000102995,ENSMUSP00000045770
ENSMUSP00000102995,ENSMUSP00000044227
ENSMUSP00000102995,ENSMUSP00000053891
ENSMUSP00000102995,ENSMUSP00000017153
ENSMUSP00000102995,ENSMUSP00000021028
ENSMUSP00000102995,ENSMUSP00000028348
ENSMUSP00000099411,ENSMUSP00000017153
ENSMUSP00000087073,ENSMUSP00000017799
ENSMUSP00000129124,ENSMUSP00000019248
ENSMUSP00000129124,ENSMUSP00000020045
ENSMUSP00000023601,ENSMUSP00000019248
ENSMUSP00000133437,ENSMUSP00000020015
ENSMUSP00000133437,ENSMUSP00000033730
ENSMUSP00000098333,ENSMUSP00000020045
ENSMUSP00000108084,ENSMUSP00000096057
ENSMUSP00000108084,ENSMUSP00000020185
ENSMUSP00000113064,ENSMUSP00000096057
ENSMUSP00000113064,ENSMUSP00000099605
ENSMUSP00000113064,ENSMUSP00000020185
ENSMUSP00000063800,ENSMUSP00000020188
ENSMUSP00000063800,ENSMUSP00000023687
ENSMUSP00000139347,ENSMUSP00000032122
ENSMUSP00000139347,ENSMUSP00000020278
ENSMUSP00000139347,ENSMUSP00000029822
ENSMUSP00000139347,ENSMUSP00000033730
ENSMUSP00000136622,ENSMUSP00000032122
ENSMUSP00000136622,ENSMUSP00000020278
ENSMUSP00000136622,ENSMUSP00000029822
ENSMUSP00000067434,ENSMUSP00000020329
ENSMUSP00000137972,ENSMUSP00000020329
ENSMUSP00000137972,ENSMUSP00000024698
ENSMUSP00000137972,ENSMUSP00000047823
ENSMUSP00000031324,ENSMUSP00000020329
ENSMUSP00000025381,ENSMUSP00000020329
ENSMUSP00000091921,ENSMUSP00000020329
ENSMUSP00000091921,ENSMUSP00000085122
ENSMUSP00000091921,ENSMUSP00000044004
ENSMUSP00000091921,ENSMUSP00000049228
ENSMUSP00000098686,ENSMUSP00000020329
ENSMUSP00000046987,ENSMUSP00000020329
ENSMUSP00000030865,ENSMUSP00000020640
ENSMUSP00000033036,ENSMUSP00000020662
ENSMUSP00000033936,ENSMUSP00000032322
ENSMUSP00000033936,ENSMUSP00000020662
ENSMUSP00000079543,ENSMUSP00000020898
ENSMUSP00000107873,ENSMUSP00000044004
ENSMUSP00000107873,ENSMUSP00000028499
ENSMUSP00000107873,ENSMUSP00000099718
ENSMUSP00000107873,ENSMUSP00000078705
ENSMUSP00000107873,ENSMUSP00000099375
ENSMUSP00000107873,ENSMUSP00000053891
ENSMUSP00000107873,ENSMUSP00000021028
ENSMUSP00000107873,ENSMUSP00000032133
ENSMUSP00000107873,ENSMUSP00000048309
ENSMUSP00000107873,ENSMUSP00000051895
ENSMUSP00000107873,ENSMUSP00000057563
ENSMUSP00000107873,ENSMUSP00000059270
ENSMUSP00000030280,ENSMUSP00000028499
ENSMUSP00000030280,ENSMUSP00000023128
ENSMUSP00000030280,ENSMUSP00000021028
ENSMUSP00000033820,ENSMUSP00000022185
ENSMUSP00000033820,ENSMUSP00000029771
ENSMUSP00000071687,ENSMUSP00000023057
ENSMUSP00000026670,ENSMUSP00000023057
ENSMUSP00000039472,ENSMUSP00000023128
ENSMUSP00000058951,ENSMUSP00000023243
ENSMUSP00000079172,ENSMUSP00000023312
ENSMUSP00000035158,ENSMUSP00000023486
ENSMUSP00000035158,ENSMUSP00000031729
ENSMUSP00000056720,ENSMUSP00000023689
ENSMUSP00000056720,ENSMUSP00000023693
ENSMUSP00000072276,ENSMUSP00000024916
ENSMUSP00000128388,ENSMUSP00000127173
ENSMUSP00000128388,ENSMUSP00000025522
ENSMUSP00000076120,ENSMUSP00000025523
ENSMUSP00000071130,ENSMUSP00000026795
ENSMUSP00000064385,ENSMUSP00000045770
ENSMUSP00000064385,ENSMUSP00000026881
ENSMUSP00000030868,ENSMUSP00000026917
ENSMUSP00000028883,ENSMUSP00000027038
ENSMUSP00000088857,ENSMUSP00000027137
ENSMUSP00000087047,ENSMUSP00000027165
ENSMUSP00000101032,ENSMUSP00000027165
ENSMUSP00000101032,ENSMUSP00000099891
ENSMUSP00000110126,ENSMUSP00000092630
ENSMUSP00000110126,ENSMUSP00000027241
ENSMUSP00000110126,ENSMUSP00000027243
ENSMUSP00000085346,ENSMUSP00000044718
ENSMUSP00000085346,ENSMUSP00000027440
ENSMUSP00000108195,ENSMUSP00000027507
ENSMUSP00000108195,ENSMUSP00000052523
ENSMUSP00000101105,ENSMUSP00000044004
ENSMUSP00000101105,ENSMUSP00000027682
ENSMUSP00000101105,ENSMUSP00000052185
ENSMUSP00000040417,ENSMUSP00000027871
ENSMUSP00000107607,ENSMUSP00000068468
ENSMUSP00000107607,ENSMUSP00000027871
ENSMUSP00000086623,ENSMUSP00000028288
ENSMUSP00000040249,ENSMUSP00000028288
ENSMUSP00000054389,ENSMUSP00000028288
ENSMUSP00000058470,ENSMUSP00000028288
ENSMUSP00000105470,ENSMUSP00000028288
ENSMUSP00000105470,ENSMUSP00000085016
ENSMUSP00000105470,ENSMUSP00000078741
ENSMUSP00000128741,ENSMUSP00000028499
ENSMUSP00000128741,ENSMUSP00000028288
ENSMUSP00000128741,ENSMUSP00000085016
ENSMUSP00000128741,ENSMUSP00000078741
ENSMUSP00000071868,ENSMUSP00000028288
ENSMUSP00000122863,ENSMUSP00000028288
ENSMUSP00000108391,ENSMUSP00000028499
ENSMUSP00000108391,ENSMUSP00000028348
ENSMUSP00000028633,ENSMUSP00000028499
ENSMUSP00000137931,ENSMUSP00000028689
ENSMUSP00000137931,ENSMUSP00000081625
ENSMUSP00000137931,ENSMUSP00000099922
ENSMUSP00000132226,ENSMUSP00000029140
ENSMUSP00000099521,ENSMUSP00000066737
ENSMUSP00000099521,ENSMUSP00000029540
ENSMUSP00000099521,ENSMUSP00000030191
ENSMUSP00000099520,ENSMUSP00000066737
ENSMUSP00000099520,ENSMUSP00000029540
ENSMUSP00000099520,ENSMUSP00000030191
ENSMUSP00000107347,ENSMUSP00000029771
ENSMUSP00000128621,ENSMUSP00000029948
ENSMUSP00000128621,ENSMUSP00000035900
ENSMUSP00000128621,ENSMUSP00000088453
ENSMUSP00000126999,ENSMUSP00000126108
ENSMUSP00000126999,ENSMUSP00000029948
ENSMUSP00000126999,ENSMUSP00000084701
ENSMUSP00000126999,ENSMUSP00000035900
ENSMUSP00000126999,ENSMUSP00000088453
ENSMUSP00000126999,ENSMUSP00000046659
ENSMUSP00000061519,ENSMUSP00000030010
ENSMUSP00000035120,ENSMUSP00000031093
ENSMUSP00000035120,ENSMUSP00000033189
ENSMUSP00000106724,ENSMUSP00000031172
ENSMUSP00000087119,ENSMUSP00000031653
ENSMUSP00000036949,ENSMUSP00000031901
ENSMUSP00000036949,ENSMUSP00000031902
ENSMUSP00000104932,ENSMUSP00000032201
ENSMUSP00000040230,ENSMUSP00000032322
ENSMUSP00000112448,ENSMUSP00000032322
ENSMUSP00000043203,ENSMUSP00000032338
ENSMUSP00000033958,ENSMUSP00000032492
ENSMUSP00000141013,ENSMUSP00000032738
ENSMUSP00000059574,ENSMUSP00000032800
ENSMUSP00000101049,ENSMUSP00000047199
ENSMUSP00000101049,ENSMUSP00000069416
ENSMUSP00000101049,ENSMUSP00000033450
ENSMUSP00000110464,ENSMUSP00000034654
ENSMUSP00000104992,ENSMUSP00000034941
ENSMUSP00000105801,ENSMUSP00000035105
ENSMUSP00000044188,ENSMUSP00000035115
ENSMUSP00000035211,ENSMUSP00000035203
ENSMUSP00000103824,ENSMUSP00000038473
ENSMUSP00000123506,ENSMUSP00000039041
ENSMUSP00000108716,ENSMUSP00000052444
ENSMUSP00000108716,ENSMUSP00000039107
ENSMUSP00000108716,ENSMUSP00000044050
ENSMUSP00000096847,ENSMUSP00000050119
ENSMUSP00000096847,ENSMUSP00000039107
ENSMUSP00000096847,ENSMUSP00000062588
ENSMUSP00000121203,ENSMUSP00000044004
ENSMUSP00000133815,ENSMUSP00000044004
ENSMUSP00000099446,ENSMUSP00000044050
ENSMUSP00000099446,ENSMUSP00000092384
ENSMUSP00000133024,ENSMUSP00000045770
ENSMUSP00000101801,ENSMUSP00000046233
ENSMUSP00000093200,ENSMUSP00000046233
ENSMUSP00000070840,ENSMUSP00000051085
ENSMUSP00000070840,ENSMUSP00000046920
ENSMUSP00000062670,ENSMUSP00000047774
ENSMUSP00000050144,ENSMUSP00000047823
ENSMUSP00000103672,ENSMUSP00000050119
ENSMUSP00000103672,ENSMUSP00000062588
ENSMUSP00000110643,ENSMUSP00000051731
ENSMUSP00000109064,ENSMUSP00000052444
ENSMUSP00000109064,ENSMUSP00000095029
ENSMUSP00000100022,ENSMUSP00000052444
ENSMUSP00000100022,ENSMUSP00000075507
ENSMUSP00000100022,ENSMUSP00000099423
ENSMUSP00000137149,ENSMUSP00000052444
ENSMUSP00000137149,ENSMUSP00000099423
ENSMUSP00000062310,ENSMUSP00000052581
ENSMUSP00000140510,ENSMUSP00000053638
ENSMUSP00000130518,ENSMUSP00000053822
ENSMUSP00000130518,ENSMUSP00000099869
ENSMUSP00000109084,ENSMUSP00000087457
ENSMUSP00000109084,ENSMUSP00000053891
ENSMUSP00000086745,ENSMUSP00000053891
ENSMUSP00000086745,ENSMUSP00000077132
ENSMUSP00000095597,ENSMUSP00000056432
ENSMUSP00000060617,ENSMUSP00000056659
ENSMUSP00000060617,ENSMUSP00000059034
ENSMUSP00000081416,ENSMUSP00000058732
ENSMUSP00000069567,ENSMUSP00000061153
ENSMUSP00000137284,ENSMUSP00000062588
ENSMUSP00000065810,ENSMUSP00000062924
ENSMUSP00000130768,ENSMUSP00000063114
ENSMUSP00000105992,ENSMUSP00000063562
ENSMUSP00000126177,ENSMUSP00000063656
ENSMUSP00000091870,ENSMUSP00000063656
ENSMUSP00000131316,ENSMUSP00000087457
ENSMUSP00000131316,ENSMUSP00000101094
ENSMUSP00000131316,ENSMUSP00000064048
ENSMUSP00000067539,ENSMUSP00000066737
ENSMUSP00000074436,ENSMUSP00000068468
ENSMUSP00000099360,ENSMUSP00000069457
ENSMUSP00000124305,ENSMUSP00000079752
ENSMUSP00000124305,ENSMUSP00000102343
ENSMUSP00000105620,ENSMUSP00000079752
ENSMUSP00000089009,ENSMUSP00000079752
ENSMUSP00000136884,ENSMUSP00000080716
ENSMUSP00000136884,ENSMUSP00000114123
ENSMUSP00000130668,ENSMUSP00000081041
ENSMUSP00000107658,ENSMUSP00000081625
ENSMUSP00000137420,ENSMUSP00000083840
ENSMUSP00000128308,ENSMUSP00000085016
ENSMUSP00000098765,ENSMUSP00000087457
ENSMUSP00000098765,ENSMUSP00000096876
ENSMUSP00000108553,ENSMUSP00000087457
ENSMUSP00000109833,ENSMUSP00000087457
ENSMUSP00000109833,ENSMUSP00000099718
ENSMUSP00000131648,ENSMUSP00000097108
ENSMUSP00000125697,ENSMUSP00000097108
ENSMUSP00000109863,ENSMUSP00000097108
ENSMUSP00000121127,ENSMUSP00000097108
ENSMUSP00000107653,ENSMUSP00000098303
ENSMUSP00000129696,ENSMUSP00000099491
ENSMUSP00000111097,ENSMUSP00000099732
ENSMUSP00000107367,ENSMUSP00000103928
ENSMUSP00000130985,ENSMUSP00000110748
ENSMUSP00000130929,ENSMUSP00000114123
ENSMUSP00000132219,ENSMUSP00000117636
