A0N0L5,P05231
A0N0L5,P40189
A0N0P2,P08138
A0N0P2,P10747
A0N0P2,P42081-3
A0N0Q0,O00585
A0N0Q0,O00626
A0N0Q0,Q6IBD6
A0N0Q1,A0N0R1
A0N0Q1,D0EI67
A0N0Q1,P25098
A0N0Q3,O00590
A0N0R1,O00590
A0N0R2,D0EI67
A0PJM9,O43612
A3KLL5,P00533
A3KLL5,P05362
A3KLL5,P06702
A3KLL5,Q13740
A3KPE2,A5PL27
A3KPE2,P02654
A3KPE2,E9KL26
A3KPE2,E9KL36
A3KPE2,L7RT22
A3KPE2,O75829
A3KPE2,O75829-2
A3KPE2,P00734
A3KPE2,P00746
A3KPE2,P00751
A3KPE2,P01034
A3KPE2,P02647
A3KPE2,P02649
A3KPE2,P02652
A3KPE2,P02655
A3KPE2,P02671
A3KPE2,P02745
A3KPE2,P02747
A3KPE2,P02751
A3KPE2,P02765
A3KPE2,P02768
A3KPE2,P02775
A3KPE2,P02790
A3KPE2,P04264
A3KPE2,P06396
A3KPE2,P07288
A3KPE2,P07477
A3KPE2,P07711
A3KPE2,P08603
A3KPE2,P08709
A3KPE2,P08709-2
A3KPE2,P0C0L4
A3KPE2,P10720
A3KPE2,P10909
A3KPE2,P17301
A3KPE2,P19827
A3KPE2,P35030
A3KPE2,P35368
A3KPE2,P43146
A3KPE2,P47893
A3KPE2,P81605
A3KPE2,Q15758
A3KPE2,Q15758-3
A3KPE2,Q8NHC8
A3KPE2,Q92484
A3KPE2,Q92736
A3KPE2,Q9GZM6
A3QNQ0,A5YM40
A3QNQ0,O43294
A3QNQ0,O43294-2
A3QNQ0,P01137
A3QNQ0,P02750
A3QNQ0,P07200
A3QNQ0,P10909
A3QNQ0,P16070
A3QNQ0,P16070-19
A3QNQ0,P16234
A3QNQ0,P17813
A3QNQ0,P17813-2
A3QNQ0,P36897
A3QNQ0,P36897-3
A3QNQ0,P37023
A3QNQ0,P61812
A3QNQ0,Q03167
A3QNQ0,Q8IX30
A4D0S4,P78539
A4D0Y8,I3WAC9
A4D0Y8,P01023
A4D0Y8,P02741
A4D0Y8,P10909
A4D0Y8,P20138
A4D0Y8,P48357
A4D0Y8,P55089
A4D0Y8,Q9UBU3
A4D158,P10082
A4D158,P20382
A4D158,P25929
A4D158,P32245
A4D158,P49146
A4D158,P55055
A4D158,Q15761
A4D1B1,E9KL23
A4D1B1,O15031
A4D1B1,O15230
A4D1B1,O75718
A4D1B1,P01023
A4D1B1,P01833
A4D1B1,P02452
A4D1B1,P02458-1
A4D1B1,P02462
A4D1B1,P02786
A4D1B1,P05556
A4D1B1,P06756
A4D1B1,P07339
A4D1B1,P07602
A4D1B1,P07996
A4D1B1,P08123
A4D1B1,P08236
A4D1B1,P08514-2
A4D1B1,P08572
A4D1B1,P08648
A4D1B1,P10909
A4D1B1,P11047
A4D1B1,P11717
A4D1B1,P12109
A4D1B1,P15328
A4D1B1,P16070
A4D1B1,P20645
A4D1B1,P20908
A4D1B1,P26006
A4D1B1,P32004
A4D1B1,P35555
A4D1B1,P35613
A4D1B1,P43251
A4D1B1,P48723
A4D1B1,P50897
A4D1B1,P54709
A4D1B1,Q08380
A4D1B1,Q32P28
A4D1B1,Q5T2D2
A4D1B1,Q5ZPR3
A4D1B1,Q8WTV0
A4D1B1,Q8WU66
A4D1B1,Q9HAT2
A4D1B1,Q9UHG3
A4D1B1,Q9UHL4
A4D1B1,Q9Y4L1
P30988,P11226
Q99835,O00555
Q99835,O14495
Q99835,O15197
Q99835,P28908
Q99835,Q13635
Q99835,Q99677
Q99835,Q9HBW0
Q99835,Q9UBV4
Q99835,Q9Y6C5
A4D1U7,O43914-2
A4D1W7,D3DPA4
A4D1W7,P05111
A4D1W7,P09529
A4D1W7,P27037
A4D1W7,P36896
A4D1W7,P55103
A4D1W7,Q03167
A4D1W7,Q13705
A4D1W7,Q16270
A4D1W7,Q6WN34
A4D2L1,O15218
A4D2L1,O60895
A4D2L1,P35318
A5PL27,P02654
A5PL27,E9KL36
A5PL27,O75829
A5PL27,O75829-2
A5PL27,P00747
A5PL27,P02647
A5PL27,P02671
A5PL27,P02745
A5PL27,P02747
A5PL27,P02751
A5PL27,P02768
A5PL27,P04264
A5PL27,P05546
A5PL27,P07288
A5PL27,P07711
A5PL27,P10909
A5PL27,P11362
A5PL27,P15502
A5PL27,P28039
A5PL27,P35368
A5PL27,P35542
A5PL27,P49221
A5PL27,Q13219
A5PL27,Q14773
A5PL27,Q8N2S1
A5PL27,Q92484
A5PL27,Q9GZM6
A5YM40,P06756
A5YM40,P18564
A5YM40,P31431
A5YM40,P36897
A5YM40,P61812
A5YM40,Q03167
A5YM40,Q9NS15
A5YM40,Q9NS15-2
A6NNA4,O15232
P47869,P14867
P47869,P18505
P47869,P18507
P47869,P28472-2
P47869,P34903
P47869,P47870-1
P47869,P48169
P47869,Q16445
P47869,Q8N1C3
P47869,Q99928
A8K1P5,P05452
A8K2H7,P0C0L4
A8K3F7,P40189-2
A8K3F7,Q14626-2
A8K3H3,F1D8Q5
A8K3H3,P28702
A8K3H3,Q13007
A8K3H3,Q86X29
A8K571,Q13253
A8K660,P02745
A8K660,P55290
A8K660,Q86V24
A8K7I4,P02652
A8K7I4,P07602
A8K7I4,P12830
A8K7I4,P28799
A8K7I4,P34925
A8K881,P08758
A8K8M6,P26715
A8K8M6,P27797
A8K8M6,P30511-2
A8K8M6,Q13241-3
A8K8M6,Q31611
A8MVV6,P05556-2
A8MVV6,P15529-15
A8MVV6,P23229-2
A8MVV6,P26006
B0YIY5,P07766
B0ZBE0,P35348-3
B0ZBE2,P30556
B0ZBE2,P50052
B0ZBF6,K9JA46
B1A4G6,P07355
B1A4G6,P10912
B1A4G6,P16471
Q9Y5C1,P08648
B1AM27,O75718
B1AM27,Q32P28
P15169,P01042-3
B1PKY1,Q8N423
B1PKY1,E5FQ95
B1PKY1,O14656
B1PKY1,O43852
B1PKY1,P01130
B1PKY1,P04626-3
B1PKY1,P05067
B1PKY1,P05107
B1PKY1,P07237
B1PKY1,P11836
B1PKY1,P13612
B1PKY1,P14625
B1PKY1,P27797
B1PKY1,P43630
B1PKY1,P48723
B1PKY1,Q12805
B1PKY1,Q15165
B1PKY1,Q6IBU4
B1PKY1,Q8NHL6
B1PKY1,Q9BRK5
B1PKY1,Q9BS26
B1PKY1,Q9HCN8
B1PKY1,Q9Y4L1
B2R4C5,G4XH65
B2R4C5,G8H6I3
B2R4C5,P02788
B2R4C5,P04083
B2R4C5,P08246
B2R4C5,P08311
B2R4C5,P12273
B2R4C5,P12838
B2R4C5,P24158
B2R4C5,P59665
B2R4C5,P59666
B2R4C5,Q13093
B2R4C5,Q7LCB3
B2R4C5,Q9H293
B2R4C5,Q9UGM3
P15907,P14625
P02654,E9KL26
P02654,E9KL36
P02654,L7RT22
P02654,O75829
P02654,O75829-2
P02654,P00734
P02654,P00738
P02654,P00746
P02654,P00747
P02654,P00751
P02654,P01034
P02654,P02647
P02654,P02649
P02654,P02652
P02654,P02655
P02654,P02671
P02654,P02745
P02654,P02747
P02654,P02751
P02654,P02765
P02654,P02768
P02654,P02775
P02654,P02787
P02654,P02790
P02654,P04264
P02654,P05546
P02654,P06396
P02654,P07288
P02654,P07477
P02654,P07711
P02654,P08603
P02654,P08709
P02654,P08709-2
P02654,P0C0L4
P02654,P10720
P02654,P10909
P02654,P11362
P02654,P15502
P02654,P17301
P02654,P19827
P02654,P28039
P02654,P35030
P02654,P35368
P02654,P35542
P02654,P43146
P02654,P47893
P02654,P49221
P02654,P55107
P02654,P81605
P02654,Q13219
P02654,Q14773
P02654,Q15758
P02654,Q15758-3
P02654,Q8N2S1
P02654,Q8NHC8
P02654,Q92484
P02654,Q92736
P02654,Q9GZM6
P02654,Q9UBS5
B2R8C0,Q6IBD6
B2R9L7,P01178
B2R9L7,P01185
B2RNB2,P01135
B2RNB2,P05067
B2RNB2,P05556
B2RNB2,P29323
B2RNB2,P35625
B2RNB2,P46531
B2RNB2,P78504
B2RNB2,Q12959
B2RNB2,Q12959-2
B2RNB2,Q15303-3
B4DIP2,P04626-3
B4DIP2,P19022
B4DN26,P05121
B4DN26,P25391
B4DN26,Q9NZR2
B4DXD3,F1D8S3
B6ZGS9,F1D8Q5
B6ZGS9,F1D8Q7
B6ZGS9,F1T097
B6ZGS9,G4XH65
B7ZLY3,O00555
B9EG76,O00555
C6SUN5,P32245
C6SUN5,P33032
C6SUN5,P41968
O15520,P01189
O15520,P21802
O15520,P21802-14
O15520,P21802-3
O15520,Q14512
C8C060,P08493
C8C060,P12644
C8C060,P36894
C8C060,P61812
C8C060,Q13253
C8C060,Q13705
C8C060,Q13873
C8C060,Q6WN34
C8C060,Q6WN34-2
C8C060,Q9GZX9
C8C060,Q9H772
Q8N423,O19617
D0E2W4,Q969D9
D0EI67,O00590
D0EI67,P01833
D0EI67,P10145
D0EI67,P13611
D0EI67,P19875
D0EI67,P31431
D0EI67,P32246
D0EI67,P42830
D0EI67,P51677
D0EI67,P51681
D0EI67,Q16270
D0PNI2,K9JA46
D0PNI2,O15123
D0PNI2,O43852
D0PNI2,O75487
D0PNI2,O76061
D0PNI2,O95967
D0PNI2,P02768
D0PNI2,P04075
D0PNI2,P05121
D0PNI2,P07355
D0PNI2,P07996
D0PNI2,P15502
D0PNI2,P20916
D0PNI2,P21757
D0PNI2,P35555
D0PNI2,P81605
D0PNI2,Q7Z5J8
D0PNI2,Q9H0B8
D0PNI2,Q9UBX5
D0PNI2,Q9UKX5
D2CGD1,P05230
D2KUA6,F1D8Q5
D2KUA6,P28702
D3DPA4,A0A024R2I8
D3DPA4,F1D8Q5
D3DPA4,P22004
D3DPA4,P27037
D3DPA4,P36896
D3DPA4,P36896-2
D3DPA4,P36897
D3DPA4,P36897-3
D3DPA4,Q13705
D3DPA4,Q8N6C5
D3DSM4,P08253-3
D3DSM4,P08648
D3DSM4,P35052
D3DSM4,P35968
D3DSM4,P98095
D4HNR6,P24394
D4HNR6,P31785
D4HNR6,P35225
D4HNR6,P78552
D4HNR6,Q14627
D7RIH8,P01903
D7RIH8,P04233
D9ZGF2,P05106
D9ZGF2,P05556
D9ZGF2,P08648
D9ZGF2,P12109
D9ZGF2,P12110
D9ZGF2,P17301
D9ZGF2,P56199
D9ZGG2,L7RT22
D9ZGG2,O00300
D9ZGG2,P00734
D9ZGG2,P00749
D9ZGG2,P01008
D9ZGG2,P01042
D9ZGG2,P01042-3
D9ZGG2,P01133
D9ZGG2,P01137
D9ZGG2,P01189
D9ZGG2,P01344
D9ZGG2,P02679
D9ZGG2,P02679-2
D9ZGG2,P05019-3
D9ZGG2,P05106
D9ZGG2,P05121
D9ZGG2,P05546
D9ZGG2,P06756
D9ZGG2,P07204
D9ZGG2,P07996
D9ZGG2,P09038
D9ZGG2,P09382
D9ZGG2,P09486
D9ZGG2,P14210
D9ZGG2,P14210-6
D9ZGG2,P15151
D9ZGG2,P15692
D9ZGG2,P15692-2
D9ZGG2,P17936
D9ZGG2,P18564
D9ZGG2,P20963
D9ZGG2,P24593
D9ZGG2,P26012
D9ZGG2,P61812
D9ZGG2,Q03405
D9ZGG2,Q03405-3
D9ZGG2,Q07021
D9ZGG2,Q13162
D9ZGG2,Q9BRK5
D9ZGG2,Q9GZZ8
E5FQ95,P01732
E5FQ95,P27797
E5FQ95,P43629
E5FQ95,P61769
E5FQ95,Q13241
E5FQ95,Q13241-3
E5FQ95,Q14943
E5FQ95,Q8NHL6
O15455,Q7L0X0
P16112,O60882
P16112,P03956
P16112,P07858
P16112,P08253-3
P16112,P10915
P16112,P22894
P16112,P50281
P16112,P98095
P16112,Q92752
P16112,Q99542-3
P16112,Q9UNA0
P07359,P13224
E9KL23,F1D8T1
E9KL23,O15031
E9KL23,O15230
E9KL23,O75718
E9KL23,P00738
E9KL23,P01023
E9KL23,P01833
E9KL23,P02647
E9KL23,P02671
E9KL23,P02675
E9KL23,P02768
E9KL23,P02786
E9KL23,P02787
E9KL23,P05109
E9KL23,P05556
E9KL23,P06756
E9KL23,P07288
E9KL23,P07339
E9KL23,P07602
E9KL23,P08236
E9KL23,P08648
E9KL23,P08709
E9KL23,P10909
E9KL23,P11047
E9KL23,P11717
E9KL23,P15328
E9KL23,P16070
E9KL23,P20645
E9KL23,P20908
E9KL23,P26006
E9KL23,P32004
E9KL23,P35555
E9KL23,P35613
E9KL23,P43251
E9KL23,P48723
E9KL23,P50897
E9KL23,P54709
E9KL23,Q07954
E9KL23,Q08380
E9KL23,Q15517
E9KL23,Q32P28
E9KL23,Q5T2D2
E9KL23,Q5ZPR3
E9KL23,Q8WTV0
E9KL23,Q8WU66
E9KL23,Q9HAT2
E9KL23,Q9NRE1
E9KL23,Q9UHG3
E9KL23,Q9UHL4
E9KL23,Q9Y4L1
E9KL26,E9KL36
E9KL26,L7RT22
E9KL26,P00734
E9KL26,P00746
E9KL26,P00747
E9KL26,P00750
E9KL26,P00751
E9KL26,P01034
E9KL26,P02647
E9KL26,P02649
E9KL26,P02652
E9KL26,P02655
E9KL26,P02751
E9KL26,P02765
E9KL26,P02768
E9KL26,P02775
E9KL26,P02790
E9KL26,P04264
E9KL26,P07288
E9KL26,P07711
E9KL26,P08709-2
E9KL26,P10720
E9KL26,P16581
E9KL26,P19827
E9KL26,P22736
E9KL26,P35368
E9KL26,P47893
E9KL26,P48740
E9KL26,P81605
E9KL26,Q15758-3
E9KL26,Q8NHC8
E9KL26,Q92736
E9KL26,Q9GZM6
E9KL36,L7RT22
E9KL36,O75829
E9KL36,O75829-2
E9KL36,P00734
E9KL36,P00738
E9KL36,P00746
E9KL36,P00747
E9KL36,P00751
E9KL36,P01034
E9KL36,P02647
E9KL36,P02649
E9KL36,P02652
E9KL36,P02655
E9KL36,P02671
E9KL36,P02745
E9KL36,P02747
E9KL36,P02751
E9KL36,P02753
E9KL36,P02765
E9KL36,P02768
E9KL36,P02775
E9KL36,P02787
E9KL36,P02790
E9KL36,P04264
E9KL36,P05546
E9KL36,P06396
E9KL36,P07288
E9KL36,P07711
E9KL36,P08138
E9KL36,P08603
E9KL36,P08709
E9KL36,P08709-2
E9KL36,P0C0L4
E9KL36,P10720
E9KL36,P10909
E9KL36,P11362
E9KL36,P15502
E9KL36,P19827
E9KL36,P21817
E9KL36,P21817-2
E9KL36,P28039
E9KL36,P35030
E9KL36,P35368
E9KL36,P35542
E9KL36,P47893
E9KL36,P49221
E9KL36,P55107
E9KL36,P81605
E9KL36,Q08345
E9KL36,Q13219
E9KL36,Q14773
E9KL36,Q15109-2
E9KL36,Q15758-3
E9KL36,Q8N2S1
E9KL36,Q8NHC8
E9KL36,Q92484
E9KL36,Q92736
E9KL36,Q9BRK5
E9KL36,Q9GZM6
E9KL36,Q9UBS5
E9PHR9,Q9H3D5
F1D8N1,F1D8Q5
F1D8N1,F1T097
F1D8N3,P01178
F1D8N4,F1D8R3
F1D8N4,K9JA46
F1D8N4,O43294
F1D8N4,P01730
F1D8N4,P03956
F1D8N4,P04141
F1D8N4,P05113
F1D8N4,P08235
F1D8N4,P08833
F1D8N4,P10145
F1D8N4,P10909
F1D8N4,P12544
F1D8N4,P13500
F1D8N4,P14735
F1D8N4,P22736
F1D8N4,P27797
F1D8N4,P45452
F1D8N4,P51671
F1D8N4,P80098
F1D8N4,Q16620
F1D8N4,Q92932
F1D8N4,Q9Y3R0
F1D8N5,F1D8P4
F1D8N5,F2YGU2
F1D8N5,G4XH65
F1D8N5,H9NIM3
F1D8N5,K9JA46
F1D8N5,O43294-2
F1D8N5,P00533
F1D8N5,P09429
F1D8N5,P14735
F1D8N5,P20151-3
F1D8N5,P27797
F1D8N5,P35869
F1D8N5,P40189-2
F1D8N5,Q01196-3
F1D8N5,Q9BQE5
F1D8N5,Q9Y3R0-3
F1D8N6,F1D8Q5
F1D8N6,P28702
A0A024R2I8,F1D8Q5
A0A024R2I8,F1D8R3
A0A024R2I8,F1T097
A0A024R2I8,P10276
A0A024R2I8,P28702
F1D8P1,F1D8Q5
F1D8P1,F1T097
F1D8P1,P28702
F1D8P4,P11474-2
F1D8P4,P35398-4
F1D8P7,F1T097
F1D8P8,F1D8Q5
F1D8P8,F1D8Q7
F1D8P8,F1T097
F1D8P8,P28702
F1D8P8,Q15466
F1D8P8,Q9H8L6
F1D8Q4,Q15466
F1D8Q5,O18924
F1D8Q5,O75469-5
F1D8Q5,P10276
F1D8Q5,P10827
F1D8Q5,P17936
F1D8Q5,P36896
F1D8Q5,Q14994-2
F1D8Q5,Q14994-7
F1D8Q7,F1D8S6
F1D8Q7,O75469-5
F1D8Q7,P10276
F1D8Q7,P22736
F1D8Q7,P55055
F1D8Q9,F1D8S3
F1D8Q9,P10276
F1D8Q9,P28702
F1D8R0,F1D8R3
F1D8S4,K9JA46
F1D8S4,Q6P3U7
F1D8S6,P28702
F1D8S7,F1T097
F1D8S7,P28702
P16473,P27797
Q8WTV0,P02647
Q8WTV0,P02649
P22455,K9JA46
P22455,O00170
P22455,P05230
P22455,P09038
P22455,P10767
P22455,P50281
G3XAK1,Q04912
G4XH65,H9NIM3
G4XH65,K9JA46
G4XH65,P00533
G4XH65,P04626-3
G4XH65,P05090
G4XH65,P06396
G4XH65,P06401
G4XH65,P07942
G4XH65,P08069
G4XH65,P10276
G4XH65,P10589
G4XH65,P11474-2
G4XH65,P12273
G4XH65,P23560
G4XH65,P37235
G4XH65,P41235-7
G4XH65,Q02383
G4XH65,Q13093
G4XH65,Q7LCB3
G4XH65,Q92956
G4XH65,Q96RI1
G4XH65,Q9H293
G4XH65,Q9Y3R0
G4XH65,Q9Y3R0-3
G8H6I3,P04083
G8H6I3,P12273
G9JKG7,P19235
H6UYS5,Q92876-2
I3WAC9,P01906
I3WAC9,P06213
I3WAC9,P07858
I3WAC9,P14735
I3WAC9,Q16270
I3WAC9,Q5SU54
I4AY87,K9JA46
I4AY87,P02649
I4AY87,P02786
I4AY87,P04075
I4AY87,P04233
I4AY87,P04233-2
I4AY87,P04233-3
I4AY87,P04264
I4AY87,P05109
I4AY87,P05556
I4AY87,P06744
I4AY87,P07339
I4AY87,P07355
I4AY87,P08648
I4AY87,P08865
I4AY87,P09429
I4AY87,P09668
I4AY87,P11717
I4AY87,P13612
I4AY87,P14618
I4AY87,P15531
I4AY87,P19320
I4AY87,P26583
I4AY87,P27797
I4AY87,P31151
I4AY87,P50897
I4AY87,Q07021
I4AY87,Q92956
I4AY87,Q96CW1
I4AY87,Q9Y2I1
I6QTG3,P01344
I6QTG3,P09038
I6QTG3,P56704
I6QTG3,P56706
Q9NPR2,O43157
Q14954,O19617
K7R1S5,O19617
K7R1S5,O43914
K7R1S5,O43914-2
K9JA46,O00170
K9JA46,O00515
K9JA46,O14656
K9JA46,O15123
K9JA46,O43852
K9JA46,O75487
K9JA46,P00533
K9JA46,P01024
K9JA46,P01730
K9JA46,P02765
K9JA46,P02768
K9JA46,P02786
K9JA46,P04075
K9JA46,P04083
K9JA46,P04264
K9JA46,P04626
K9JA46,P04626-3
K9JA46,P05067
K9JA46,P05067-10
K9JA46,P05109
K9JA46,P05556
K9JA46,P07237
K9JA46,P07339
K9JA46,P07355
K9JA46,P07996
K9JA46,P08253
K9JA46,P08758
K9JA46,P08865
K9JA46,P09758
K9JA46,P10909
K9JA46,P12544
K9JA46,P12830
K9JA46,P14618
K9JA46,P14625
K9JA46,P16070
K9JA46,P16144
K9JA46,P17301
K9JA46,P20645
K9JA46,P20916
K9JA46,P21757
K9JA46,P21860
K9JA46,P25098
K9JA46,P26447
K9JA46,P27797
K9JA46,P28799
K9JA46,P29320
K9JA46,P30044
K9JA46,P35613
K9JA46,P35869
K9JA46,P40222
K9JA46,P48058
K9JA46,P48740
K9JA46,P52272
K9JA46,P54709
K9JA46,P55072
K9JA46,P61769
K9JA46,P81605
K9JA46,Q02108-2
K9JA46,Q07021
K9JA46,Q08380
K9JA46,Q12933
K9JA46,Q13162
K9JA46,Q13201
K9JA46,Q15165
K9JA46,Q15758
K9JA46,Q32P28
K9JA46,Q53GQ0
K9JA46,Q6UWF7
K9JA46,Q7L0J3
K9JA46,Q7Z5J8
K9JA46,Q86X29
K9JA46,Q8IW75
K9JA46,Q8N6U8
K9JA46,Q8NCW5
K9JA46,Q969H8
K9JA46,Q96CW1
K9JA46,Q9BRK5
K9JA46,Q9H0B8
K9JA46,Q9HCY8
K9JA46,Q9UBB9
K9JA46,Q9UHG3
K9JA46,Q9UJZ1
K9JA46,Q9UKX5
K9JA46,Q9Y2I1
K9JA46,Q9Y4L1
L0N195,P17181
L0N195,P20023
L0N195,P48551
L0N195,P60568
L7RSL3,O14786
L7RSL3,P15692
L7RSL3,P15692-13
L7RSL3,P15692-2
L7RSL3,P23467
L7RSL3,P35968
L7RSL3,P49763
L7RSL3,P49763-3
L7RSL3,P49765
L7RSL3,Q12913
L7RT22,O00622
L7RT22,P00734
L7RT22,P00746
L7RT22,P00751
L7RT22,P01034
L7RT22,P02647
L7RT22,P02649
L7RT22,P02652
L7RT22,P02655
L7RT22,P02751
L7RT22,P02765
L7RT22,P02768
L7RT22,P02775
L7RT22,P02790
L7RT22,P04264
L7RT22,P05556
L7RT22,P05556-2
L7RT22,P06756
L7RT22,P07288
L7RT22,P07711
L7RT22,P08648
L7RT22,P08709-2
L7RT22,P08758
L7RT22,P10451
L7RT22,P10720
L7RT22,P19827
L7RT22,P35368
L7RT22,P41231
L7RT22,P43146
L7RT22,P47893
L7RT22,P81605
L7RT22,Q03405
L7RT22,Q03405-3
L7RT22,Q13443
L7RT22,Q13443-2
L7RT22,Q14766
L7RT22,Q14773
L7RT22,Q14773-2
L7RT22,Q15758-3
L7RT22,Q8NHC8
L7RT22,Q92736
L7RT22,Q9BY76
L7RT22,Q9GZM6
L7RT22,Q9NS15
L7RT22,Q9NS15-2
M1LAK4,Q99972
M9VUD0,P19883-2
M9VUD0,Q13253
M9VUD0,Q6WN34-2
O00144,O00755
O00170,P00533
O00170,P35869
O00170,Q9NTX5
O00175,P51677
O00187,P06681
O00187,P0C0L4
O00187,P11226
O00187,P48740
O00187,Q15485
O00187-2,O00602
O00187-2,O75636-2
O00187-2,P11226
O00187-2,P48740-3
O00206,P00533
O00206,P08571
O00206,P14625
O00206,P55085
O00206,Q15399
O00206,Q9Y6Y9
O00220,O14763
O00220,O14763-2
O00220,P50591
O00230,P32745
O00230,P35346
O00230,Q96LB1
O00238,O60383
O00238,O95972
O00238,P12644
O00238,P22004
O00238,P27037
O00238,P36894
O00238,P36897
O00238,P36897-3
O00238,Q13873
O00238,Q16671
O00238,Q6KF10
O00254,P00734
O00254,P08311
O00254,P33151
O00254,Q9BX67-2
O00258,O60706-2
O00258,Q07869-2
O00300,O14788
O00300,O43508
O00300,O75888-2
O00300,P07996
O00300,P50591
O00339,P02452
O00339,P14543
O00339-2,P02452
O00339-2,P02462
O00339-2,P14543
O00339-2,P25391
O00339-2,P29400
O00339-2,P35556
O00339-2,Q01955-5
O00339-2,Q14031-2
O00468,O00555
O00482,Q15466
O00515,Q86X29
O00515,Q9UMD9
O00548,O00587
O00548,O14672
O00548,P46531
O00548,Q04721
O00548,Q9NR61
O00548,Q9NYJ7
O00548,Q9UM47
O00555,O14495
O00555,O15197
O00555,P04275
O00555,P28908
O00555,P46531
O00555,Q99677
O00555,Q9BXJ1
O00555,Q9HBW0
O00555,Q9UBV4
O00559,O43852
O00559,P22736
O00559,P26583
O00559,P37231
O00559,P61328
O00585,O00590
O00585,Q16270
O00587,P46531
O00590,P80098
O00590,Q16627
O00602,P01137
O00602,P15502
O00602,P15502-7
O00602,P48740
O00602,P48740-3
O00622,O43852
O00622,O94813
O00622,P05556
O00622,P06756
O00622,P23229
O00622,P50897
O00622,Q07021
O00626,P19320
O00626,P19320-2
O00626,P27487
O00626,Q6IBD6
O00634,Q92859
O14493,P04278
O14495,O15197
O14495,P05106
O14495,P05556
O14495,P05556-2
O14495,P06756
O14495,P08648
O14495,P28908
O14495,Q99677
O14495,Q9HBW0
O14495,Q9UBV4
O14511-6,P21860
O14511-6,Q15303-3
O14594,P21246
O14594,P32004
O14625,P27487
O14625,P49682
O14625,P51677
O14656,O43852
O14656,P01130
O14656,P04075
O14656,P05107
O14656,P07237
O14656,P07339
O14656,P07355
O14656,P08758
O14656,P10909
O14656,P13612
O14656,P14618
O14656,P14625
O14656,P26447
O14656,P27797
O14656,P37840
O14656,P48723
O14656,Q08380
O14656,Q12805
O14656,Q13162
O14656,Q32P28
O14656,Q6IBU4
O14656,Q8NCW5
O14656,Q9BRK5
O14656,Q9BS26
O14656,Q9HCN8
O14656,Q9Y4L1
O14672,P02786
O14672,P05556
O14672,P20827-2
O14672,P21926
O14672,P23229
O14672,Q8NG11
O14718,P36897
O14745,P00533
O14745,P07550
O14745,P09619
O14745,P16234
O14745,P22888
O14745,P41145
O14745,P41231
O14745,P47900
O14745,Q03431
O14745,Q9HBW0
O14745,Q9ULV1
O14763,O43852
O14763,O75718
O14763,P06734
O14763,P08758
O14763,P50591
O14763,Q12841
O14763,Q14242
O14764,O15162
O14786,O43157
O14786,O75051
O14786,O75487
O14786,P15692
O14786,P35968
O14786,P49151
O14786,P49767
O14786,P51805
O14786,Q13275
O14786,Q14563
O14786,Q8NFY4
O14786,Q99985
O14786,Q9HAH7
O14786,Q9HCM2
O14786,Q9UIW2
O14786,Q9Y4D7
O14788-2,P03956
O14788-2,P08254
O14788-2,P09237
O14788-2,Q9Y6Q6
O14798,P02647
O14798,P50591
O14817,P15529
O14836,O43508
O14836,Q12933
O14836,Q9Y275
O14936,P02768
O14936,P08709
O14936,Q12959
O14936,Q9BS26
O14936-2,Q12959-2
O14936-3,P31431
O14936-3,Q12959
O14936-3,Q9BY67-5
O14936-3,Q9P2S2-2
O14936-3,Q9ULB1-2
O14944,Q15303-3
O15031,O15230
O15031,O75718
O15031,P01023
O15031,P01833
O15031,P02786
O15031,P05556
O15031,P06756
O15031,P07339
O15031,P07602
O15031,P08236
O15031,P08648
O15031,P10909
O15031,P11047
O15031,P11717
O15031,P15328
O15031,P16070
O15031,P20645
O15031,P20908
O15031,P26006
O15031,P32004
O15031,P35555
O15031,P35613
O15031,P43251
O15031,P48723
O15031,P50897
O15031,P54709
O15031,Q08380
O15031,Q32P28
O15031,Q5T2D2
O15031,Q5ZPR3
O15031,Q8WTV0
O15031,Q8WU66
O15031,Q9HAT2
O15031,Q9UHG3
O15031,Q9UHL4
O15031,Q9Y4L1
O15123,O43852
O15123,O75487
O15123,P02768
O15123,P04075
O15123,P07355
O15123,P07996
O15123,P20916
O15123,P21757
O15123,P81605
O15123,Q7Z5J8
O15123,Q9H0B8
O15123,Q9UKX5
O15130,Q9GZQ6
O15146,Q9Y215-7
O15162,O76062
O15162,P00533
O15162,P04196
O15162,P19876
O15162,P23142
O15162,P55072
O15162,P61916
O15162,Q13162
O15162,Q92692
O15162,Q9NRQ2
O15162,Q9NYU2
O15162,Q9UJZ1
O15197,P28908
O15197,P52799
O15197,P54762
O15197,Q99677
O15197,Q9HBW0
O15197,Q9UBV4
O15218,P35318
O15230,O75718
O15230,P01023
O15230,P01833
O15230,P02786
O15230,P05556
O15230,P06756
O15230,P07339
O15230,P07602
O15230,P07942
O15230,P08236
O15230,P08648
O15230,P10909
O15230,P11047
O15230,P11717
O15230,P15328
O15230,P16070
O15230,P16144
O15230,P16144-2
O15230,P20645
O15230,P20908
O15230,P23229
O15230,P23229-2
O15230,P26006
O15230,P32004
O15230,P35555
O15230,P35613
O15230,P43251
O15230,P48723
O15230,P50895
O15230,P50897
O15230,P54709
O15230,P55268
O15230,Q08380
O15230,Q13753
O15230,Q32P28
O15230,Q5T2D2
O15230,Q5ZPR3
O15230,Q7L0J3
O15230,Q8WTV0
O15230,Q8WU66
O15230,Q9HAT2
O15230,Q9UHG3
O15230,Q9UHL4
O15230,Q9Y4L1
O15230,Q9Y6N6
O15263,P09237
O15263,P41597
O15263,P51684
O15335,P05556
O15335,P05556-2
O15335,P17301
O15399,P19022
O15399,Q14005-2
O15442,P10589
O15442,P20073
O15444,P46092
O15444,P51686
O15444,P51686-2
O15467,P32246
O15467,P41597
O15467,P41597-2
O15467,P51681
O15467,P51685
O15496,Q13018
O15496,Q13018-2
O18738,P24043
O18738,Q16363
O43155,Q9NZU1
O43193,P12872-3
O43294,P05556
O43294,P13612
O43294,P31431
O43294,Q9NZ20
O43294,Q9UIB8
O43294-2,P31431
O43405,P02452
O43424,Q16478
O43469,O43914-2
O43508,Q02223
O43508,Q12933
O43508,Q92956
O43557,O95407
O43557,Q06643
O43557,Q92956
O43557-2,Q06643
O43557-2,Q12933
O43557-2,Q92956
O43603,P22466
O43612,P01909
O43612,P01920
O43612,Q5SU54
O43613,P21554
O43852,O75487
O43852,O75718
O43852,P01130
O43852,P02765
O43852,P02768
O43852,P02786
O43852,P04075
O43852,P04083
O43852,P05107
O43852,P05556
O43852,P06702
O43852,P06734
O43852,P07237
O43852,P07355
O43852,P07996
O43852,P08758
O43852,P09758
O43852,P13612
O43852,P14618
O43852,P14625
O43852,P16070
O43852,P16144
O43852,P17301
O43852,P20916
O43852,P21757
O43852,P22736
O43852,P26583
O43852,P27797
O43852,P30044
O43852,P31151
O43852,P35613
O43852,P37231
O43852,P48723
O43852,P61328
O43852,P81605
O43852,Q01196
O43852,Q07021
O43852,Q12805
O43852,Q12841
O43852,Q14242
O43852,Q53GQ0
O43852,Q6IBU4
O43852,Q7Z5J8
O43852,Q969H8
O43852,Q9BRK5
O43852,Q9BS26
O43852,Q9H0B8
O43852,Q9HCN8
O43852,Q9UBB9
O43852,Q9UKX5
O43852,Q9UQE7
O43852,Q9Y4L1
O43914,O95944
O43914,Q5TCX1
O43914-2,O95944
O43914-2,Q13241-3
O43915,O60462
O43915,P05556
O43915,P05556-2
O43915,P35916
O43915,P35916-1
O43915,P35968
O43915,Q13797
O43921,P29320-2
O43921,P43629
O43921,P54764
O43927,P09038
O43927,P32302-2
O43927,P46092
O43927,P49682
O43927,Q6IBD6
O60258,P11362-18
O60258,P21802-14
O60383,O95972
O60383,P20073
O60383,P27037
O60383,Q13873
O60391,Q12879-2
O60462,P35916
O60462,P49763
O60462,P49767
O60462,Q13275
O60462,Q9UIW2
O60486,O75326
O60494,P02768
O60494,P02774-2
O60494,P11684
O60494,P27352
O60494,Q07954
O60542,P07949-2
O60542,Q9GZZ7-3
O60595,P10145
O60595,P29460
O60595,P42701
O60595,Q14213
O60595,Q99665
O60603,P00533
O60603,P08571
O60603,P09429
O60603,P14625
O60603,P61073
O60603,Q15399
O60603,Q8IWL2
O60603,Q9Y2C9
O60603,Q9Y6Y9
O60687,Q03405-3
O60706-2,Q07869-2
O60749,P00533
O60749,P02786
O60749,P06213
O60749,P08581
O60749,P16234
O60749,P36896-2
O60749,P48357
O60749,Q13705
O60888,O95994
O60888,P04075
O60888,P07355
O60888,P07858
O60888,P22736
O60888,P36955
O60888,P41222
O60888,Q02817
O60888,Q9HD43
O60888,Q9UHF4
O60888,Q9Y6R7
O60894,O60895
O60894,O75575-2
O60894,P01258
O60894,P32241
O60894,Q16602
O60895,O75575-2
O60895,P35318
O75077,P05106
O75077,P06756
O75078,O76061
O75084,P56703
O75093,P35052
O75093,Q9Y6N7
O75093,Q9Y6N7-4
O75095,P00533
O75095,Q13361
O75095,Q9NZV1
O75173,P01011
O75173,P35625
O75173,Q96GW7-2
O75197,P07996
O75197,Q00604
O75197,Q9ULV1
O75339,P01137
O75339,P07996
O75469,P28702
O75469,Q6P3U7
O75469,Q9BRK5
O75469-4,P28702
O75487,P02768
O75487,P04075
O75487,P04083
O75487,P05109
O75487,P07355
O75487,P07996
O75487,P08865
O75487,P09038
O75487,P20916
O75487,P21757
O75487,P22413
O75487,P39060
O75487,P52272
O75487,P81605
O75487,Q07021
O75487,Q13445
O75487,Q7Z304
O75487,Q7Z5J8
O75487,Q92896
O75487,Q9H0B8
O75487,Q9HAH7
O75487,Q9NT22
O75487,Q9UKX5
O75581,P56704
O75581,P58335
O75581,P58335-4
O75581,Q13467
O75581,Q9H6X2-4
O75581,Q9UBU2
O75581,Q9ULT6
O75636-2,P48740-3
O75718,P01023
O75718,P01833
O75718,P02786
O75718,P05556
O75718,P06734
O75718,P06756
O75718,P07339
O75718,P07602
O75718,P08236
O75718,P08648
O75718,P08758
O75718,P10909
O75718,P11047
O75718,P11717
O75718,P15328
O75718,P16070
O75718,P20645
O75718,P20908
O75718,P26006
O75718,P32004
O75718,P35555
O75718,P35613
O75718,P43251
O75718,P48723
O75718,P50897
O75718,P54709
O75718,Q08380
O75718,Q12841
O75718,Q14242
O75718,Q32P28
O75718,Q5T2D2
O75718,Q5ZPR3
O75718,Q8WTV0
O75718,Q8WU66
O75718,Q9HAT2
O75718,Q9UHG3
O75718,Q9UHL4
O75718,Q9Y4L1
O75787,P31151
O75829,P02647
O75829,P02671
O75829,P02745
O75829,P02747
O75829,P02751
O75829,P04264
O75829,P07711
O75829,P10909
O75829,P24394
O75829,Q08431
O75829,Q86Y38
O75829,Q8IVL1
O75829,Q92484
O75829,Q96RT1
O75829,Q9HCK4
O75829,Q9Y4C0
O75829-2,P02647
O75829-2,P02745
O75829-2,P02747
O75829-2,P04264
O75829-2,P07711
O75829-2,P10909
O75829-2,Q92484
O75888,Q92956
O75888-2,Q02223
O76036,P20963
O76036,P30273
O76036-2,P30273
O76061,P21246
O76076,P05019-3
O76093,P11362-18
O94779,P51693
O94813,P35052
O94813,P50897
O94813,Q07021
O94813,Q9HCK4
O94813,Q9Y6N7
O94813,Q9Y6N7-4
O95156,Q9ULB1-2
O95157,Q9ULB1-2
O95185,O95631
O95185-2,O95631
O95256,P09326
O95256,Q14116
O95259,P02638
O95259-2,Q8NCM2-2
O95388-2,P36897-3
O95390,P36896-2
O95390,P36897-3
O95390,Q13705
O95390,Q8NER5-2
O95390,Q96NZ8
O95399,Q9UKP6
O95477,P02647
O95477,P55058-2
O95477,Q96RT1
O95502,P47972
O95502,Q15818
O95631,P43146
O95631,Q92859
O95711,Q9Y6Y9
O95750,P11362
O95750,Q12933
O95760,P08246
O95760,P08311
O95760,Q01638
O95760,Q9NPH3
O95838,P01275
O95897,P14618
O95897,P14618-2
O95897,Q9HCK4
O95967,P15502
O95967,P35555
O95967,Q96FE5
O95967,Q9NRQ2
O95967,Q9UBX5
O95967,Q9UJJ9
O95970,Q9P0K1-4
O95994,P04075
O95994,P07355
O95994,P07858
O95994,P36955
O95994,P41222
O95994,Q02817
O95994,Q9HD43
O95994,Q9UHF4
O95994,Q9Y6R7
P00441,Q86YJ6
P00441,Q9NYR8
P00451,P04275
P00491,P02786
P00491,P04075
P00491,P04083
P00491,P04264
P00491,P05556
P00491,P07355
P00491,P07900-2
P00491,P09382
P00491,P09429
P00491,P13612
P00491,P14618
P00491,P19320
P00491,Q96CW1
P00533,P01133
P00533,P01135
P00533,P02751
P00533,P02786
P00533,P04083
P00533,P04114
P00533,P04264
P00533,P04626
P00533,P04626-3
P00533,P05106
P00533,P05109
P00533,P05362
P00533,P06396
P00533,P06702
P00533,P06756
P00533,P07355
P00533,P08575
P00533,P08581
P00533,P10586
P00533,P12830
P00533,P14618
P00533,P14625
P00533,P15514
P00533,P16144
P00533,P17931
P00533,P18433
P00533,P21860
P00533,P23468
P00533,P25098
P00533,P29317
P00533,P30556
P00533,P35030
P00533,P41222
P00533,P48740
P00533,P50281
P00533,P52272-2
P00533,P54760
P00533,P61769
P00533,P98172
P00533,Q01973
P00533,Q03001
P00533,Q12913
P00533,Q13332-7
P00533,Q13740
P00533,Q14573
P00533,Q15165
P00533,Q15303-3
P00533,Q92743
P00533,Q92832
P00533,Q96CW1
P00533,Q96JX3
P00533,Q99075
P00533,Q99784
P00533,Q9HCY8
P00533,Q9UL54
P00533,Q9UMD9
P00639,P06396
P00734,P01008
P00734,P02647
P00734,P02649
P00734,P02652
P00734,P02671
P00734,P02751
P00734,P02760
P00734,P02765
P00734,P02768
P00734,P03951
P00734,P04264
P00734,P05546
P00734,P07477
P00734,P07996
P00734,P12259
P00734,P17301
P00734,P43146
P00734,Q07021
P00734,Q15758
P00734,Q96RI0
P00735,P14210
P00736,P02745
P00736,P02746
P00736,P26022
P00738,P01833
P00738,P02647
P00738,P02649
P00738,P02671
P00738,P02675
P00738,P02751
P00738,P02768
P00738,P02787
P00738,P04264
P00738,P05107
P00738,P05109
P00738,P07288
P00738,P07711
P00738,P08709
P00738,P11215
P00738,P35368
P00738,Q15517
P00738,Q86VB7
P00738,Q8NHC8
P00738,Q9GZM6
P00738,Q9UBS5
P00738,Q9Y6N6
P00739,P02647
P00740,P01008
P00740,Q07954
P00742,P00747
P00742,P00750
P00742,P02749
P00742,P05154
P00742,P08709
P00742,P08709-2
P00742,P10646
P00742,P10646-2
P00742,P12259
P00742,P13726
P00742,P13726-2
P00746,P00751
P00746,P01034
P00746,P02647
P00746,P02649
P00746,P02652
P00746,P02655
P00746,P02671
P00746,P02751
P00746,P02765
P00746,P02768
P00746,P02775
P00746,P02790
P00746,P04264
P00746,P06396
P00746,P07288
P00746,P07711
P00746,P08603
P00746,P08697
P00746,P08709
P00746,P08709-2
P00746,P0C0L4
P00746,P10720
P00746,P19827
P00746,P35030
P00746,P35368
P00746,P47893
P00746,P81605
P00746,Q15758-3
P00746,Q8NHC8
P00746,Q92736
P00746,Q9GZM6
P00747,P01042-3
P00747,P01138
P00747,P02647
P00747,P02671
P00747,P02751
P00747,P02768
P00747,P02787
P00747,P04196
P00747,P04264
P00747,P05121
P00747,P05546
P00747,P07288
P00747,P07355
P00747,P07711
P00747,P07996
P00747,P08697
P00747,P10909
P00747,P13726-2
P00747,P17936
P00747,P19875
P00747,P25391
P00747,P35030
P00747,P49221
P00747,P55085
P00747,P55107
P00747,Q16787-4
P00747,Q99574
P00748,P01042
P00748,Q07021
P00749,P00750
P00749,P05121
P00749,P14543
P00749,Q03405
P00749-2,P05121
P00749-2,P05154
P00749-2,P07858
P00749-2,P08697
P00749-2,P14210-6
P00749-2,P14543
P00749-2,P98155-2
P00749-2,P98164
P00749-2,Q03405-3
P00750,P02671
P00750,P05121
P00750,P05452
P00750,P07355
P00750,P25391
P00750,Q07954
P00750,Q99574
P00751,P01024
P00751,P01034
P00751,P02647
P00751,P02649
P00751,P02652
P00751,P02655
P00751,P02671
P00751,P02751
P00751,P02765
P00751,P02768
P00751,P02775
P00751,P02790
P00751,P04264
P00751,P06396
P00751,P07288
P00751,P07711
P00751,P08603
P00751,P08709
P00751,P08709-2
P00751,P0C0L4
P00751,P0C0L5
P00751,P10720
P00751,P19827
P00751,P20023
P00751,P27918
P00751,P35030
P00751,P35368
P00751,P47893
P00751,P81605
P00751,Q15758-3
P00751,Q8NHC8
P00751,Q92736
P00751,Q9GZM6
P00751,Q9Y6N6
P00797,P07858
P00797,P29120
P00995,P98073
P01008,P12544
P01008,P20151-3
P01008,Q07021
P01008,Q92876-2
P01011,P03956
P01011,P04626-3
P01011,P05067-10
P01011,P07288
P01011,P08311
P01011,P12259
P01011,P20151-3
P01011,P23946
P01011,P40313
P01011,P51124
P01011,Q07954
P01011,Q99895
P01011,Q9Y5K2
P01011,Q9Y6N6
P01023,P01138
P01023,P01584
P01023,P01833
P01023,P02649
P01023,P02760
P01023,P02786
P01023,P04180
P01023,P05067
P01023,P05090
P01023,P05187
P01023,P05556
P01023,P06756
P01023,P07288
P01023,P07339
P01023,P07602
P01023,P07858
P01023,P08236
P01023,P08311
P01023,P08648
P01023,P08865
P01023,P09038
P01023,P09466
P01023,P10145
P01023,P10909
P01023,P11047
P01023,P11717
P01023,P15328
P01023,P16070
P01023,P20073
P01023,P20160
P01023,P20645
P01023,P20908
P01023,P22301
P01023,P24158
P01023,P26006
P01023,P32004
P01023,P35555
P01023,P35613
P01023,P43251
P01023,P48723
P01023,P48740
P01023,P50897
P01023,P54709
P01023,P55072
P01023,P60568
P01023,P61769
P01023,Q07954
P01023,Q08380
P01023,Q32P28
P01023,Q5T2D2
P01023,Q5ZPR3
P01023,Q8WTV0
P01023,Q8WU66
P01023,Q92956
P01023,Q9H228
P01023,Q9HAT2
P01023,Q9NVJ2
P01023,Q9UHG3
P01023,Q9UHL4
P01023,Q9Y4L1
P01024,P01031
P01024,P02647
P01024,P02751
P01024,P02774
P01024,P02774-2
P01024,P02786
P01024,P04264
P01024,P05107
P01024,P05156
P01024,P06681
P01024,P08311
P01024,P08865
P01024,P09871
P01024,P0C0L5
P01024,P11215
P01024,P15529
P01024,P15529-15
P01024,P17927
P01024,P20023
P01024,P20645
P01024,P20702
P01024,P25391
P01024,P26022
P01024,P27918
P01024,P35613
P01024,P48740
P01024,P52272
P01024,P54709
P01024,Q01196
P01024,Q01196-3
P01024,Q02985
P01024,Q07021
P01024,Q07954
P01024,Q13219
P01024,Q15758
P01024,Q53GQ0
P01024,Q6UX06
P01024,Q7L0J3
P01024,Q8NGV6
P01024,Q92496
P01024,Q9BRK5
P01024,Q9P296
P01024,Q9UHG3
P01024,Q9UJZ1
P01031,P02748
P01031,P06681
P01031,P07358
P01031,P0C0L5
P01031,P10643
P01031,P13671
P01031,P21730
P01033,P03956
P01033,P08253
P01033,P14780
P01033,Q07954
P01033,Q99972
P01034,P02647
P01034,P02649
P01034,P02652
P01034,P02655
P01034,P02671
P01034,P02751
P01034,P02765
P01034,P02768
P01034,P02775
P01034,P02790
P01034,P04264
P01034,P06396
P01034,P07288
P01034,P07711
P01034,P08603
P01034,P08709
P01034,P08709-2
P01034,P0C0L4
P01034,P10720
P01034,P19827
P01034,P35030
P01034,P35368
P01034,P47893
P01034,P81605
P01034,Q15758-3
P01034,Q8NHC8
P01034,Q92736
P01034,Q9GZM6
P01042,P03951
P01042,P03952
P01042,P05107
P01042,P07996
P01042,P46663
P01042,Q03405
P01042,Q07021
P01042-3,P03951
P01042-3,P07996
P01042-3,Q03405-3
P01127,P02452
P01127,P04085
P01127,P09619
P01127,P16234
P01127,Q07954
P01127-2,P02452
P01127-2,P07996
P01127-2,P09619
P01127-2,P16234
P01127-2,P98160
P01127-2,Q07954
P01130,P02649
P01130,P02749
P01130,P05107
P01130,P07339
P01130,P13612
P01130,P14625
P01130,P20701
P01130,P27797
P01130,P30533
P01130,P43629
P01130,P43630
P01130,P48723
P01130,Q12805
P01130,Q15782
P01130,Q6IBU4
P01130,Q8NBP7
P01130,Q9BRK5
P01130,Q9BS26
P01130,Q9HCN8
P01130,Q9NYU2
P01130,Q9Y4L1
P01133,P04626-3
P01133,P21860
P01133,P25098
P01135,P04626-3
P01135,Q15303-3
P01137,P05067
P01137,P06756
P01137,P07942
P01137,P07996
P01137,P08253
P01137,P18564
P01137,P26012
P01137,P36897
P01137,P50281
P01137,P61812
P01137,Q03167
P01137,Q8IX30
P01137,Q8N2S1
P01137,Q90999
P01137,Q9NS15
P01138,P04629-3
P01138,P08138
P01138,Q99523
P01138,Q99523-2
P01148,P30968-2
P01160,P16066
P01178,Q7LCB3
P01185,P30518
P01185,P37288
P01189,P32245
P01189,P33032
P01189,Q01726
P01210,P35372
P01215,P01222
P01215,P01225
P01215,P21246
P01215,P22888
P01215,P23945
P01222,P16473-2
P01225,P23945
P01229,P22888
P01236,P16471
P01236,P16471-7
P01242,P10912
P01266,P02743
P01266,P07237
P01266,P07306
P01266,P14625
P01266,Q9Y4L1
P01270,Q03431
P01282,P27487
P01282,P32241
P01282,P37288
P01282,Q12884
P01344,P06213
P01344,P08069
P01344,P08833
P01344,P11717
P01344,P14735
P01344,P17936
P01344,P18065
P01344,P22692
P01344,P24592
P01344,P24593
P01344,P48745
P01344,Q16270
P01344,Q6UXH1
P01350,P02787
P01374,P20333
P01374,Q06643
P01374,Q92956
P01375,P01579
P01375,P07585-4
P01375,P09603
P01375,P13521
P01375,P19438
P01375,P20333
P01375,P21810
P01375,P23471
P01375,Q08629
P01375,Q12933
P01375,Q13443-2
P01375,Q9ULZ9
P01563,P17181
P01563,P48551
P01574,P17181
P01574,P48551
P01574,P48551-2
P01579,P15260
P01584,P14778
P01584,P27930
P01584,Q9NPH3
P01589,P01730
P01589,P05362
P01589,P14784
P01589,P31785
P01589,P60568
P01591,P11912-2
P01730,P02789
P01730,P04083
P01730,P07355
P01730,P08865
P01730,P51681
P01730,P61073
P01732,P08575
P01732,P09382
P01833,P02647
P01833,P02671
P01833,P02675
P01833,P02786
P01833,P02787
P01833,P04746
P01833,P05556
P01833,P06756
P01833,P07339
P01833,P07602
P01833,P08236
P01833,P08648
P01833,P10909
P01833,P11047
P01833,P11717
P01833,P15328
P01833,P16070
P01833,P20645
P01833,P20908
P01833,P26006
P01833,P32004
P01833,P35555
P01833,P35613
P01833,P43251
P01833,P48723
P01833,P50897
P01833,P54709
P01833,Q08380
P01833,Q32P28
P01833,Q5T2D2
P01833,Q5ZPR3
P01833,Q8WTV0
P01833,Q8WU66
P01833,Q9HAT2
P01833,Q9UGM3
P01833,Q9UHG3
P01833,Q9UHL4
P01833,Q9Y4L1
P01903,P04233
P01903,P14625
P01906,P01920
P01906,Q5SU54
P01909,P01920
P01909,P04233
P01909,Q5Y7D6
P02452,P04275
P02452,P05556
P02452,P07585-4
P02452,P08123
P02452,P14543
P02452,P17936
P02452,P20908
P02452,P51884
P02452,Q9UKX5
P02458,P02751
P02458,P07996
P02458,P08758
P02458,P12107
P02458,P12109
P02458,P13942
P02458,P20916
P02458,Q08345
P02458,Q14050
P02458-1,P02462
P02458-1,P03956
P02458-1,P07996
P02458-1,P08514-2
P02458-1,P08572
P02458-1,P08758
P02458-1,P12109
P02458-1,P20916-2
P02458-1,P49747
P02458-1,Q08345-2
P02458-1,Q14050
P02458-1,Q96JB6
P02461,P07996
P02462,P02751
P02462,P07093-2
P02462,P08572
P02462,P12109
P02462,P14543
P02462,P22303-4
P02647,P02649
P02647,P02652
P02647,P02655
P02647,P02671
P02647,P02675
P02647,P02745
P02647,P02747
P02647,P02751
P02647,P02765
P02647,P02768
P02647,P02775
P02647,P02787
P02647,P02790
P02647,P04264
P02647,P05546
P02647,P06396
P02647,P07288
P02647,P07477
P02647,P07711
P02647,P08603
P02647,P08709
P02647,P08709-2
P02647,P0C0L4
P02647,P10720
P02647,P10909
P02647,P11362
P02647,P15502
P02647,P17301
P02647,P19827
P02647,P21817
P02647,P21817-2
P02647,P28039
P02647,P35030
P02647,P35368
P02647,P35542
P02647,P43146
P02647,P47893
P02647,P49221
P02647,P55107
P02647,P81605
P02647,Q01196
P02647,Q01196-3
P02647,Q13219
P02647,Q14773
P02647,Q15758
P02647,Q15758-3
P02647,Q8N2S1
P02647,Q8NGV6
P02647,Q8NHC8
P02647,Q92484
P02647,Q92736
P02647,Q9GZM6
P02647,Q9UBS5
P02649,P02652
P02649,P02655
P02649,P02768
P02649,P02775
P02649,P02786
P02649,P02790
P02649,P04075
P02649,P04264
P02649,P05109
P02649,P05556
P02649,P07288
P02649,P07339
P02649,P07355
P02649,P07477
P02649,P07711
P02649,P08648
P02649,P08709-2
P02649,P09429
P02649,P09668
P02649,P10720
P02649,P11717
P02649,P13612
P02649,P14618
P02649,P17301
P02649,P19320
P02649,P19827
P02649,P26583
P02649,P31151
P02649,P35368
P02649,P43146
P02649,P47893
P02649,P50897
P02649,P81605
P02649,Q15758
P02649,Q15758-3
P02649,Q8NHC8
P02649,Q92736
P02649,Q96JB6
P02649,Q9GZM6
P02652,P02655
P02652,P02671
P02652,P02751
P02652,P02765
P02652,P02768
P02652,P02775
P02652,P02790
P02652,P04264
P02652,P06396
P02652,P07288
P02652,P07477
P02652,P07602
P02652,P07711
P02652,P08603
P02652,P08709
P02652,P08709-2
P02652,P0C0L4
P02652,P10720
P02652,P12830
P02652,P17301
P02652,P19827
P02652,P28799
P02652,P34925
P02652,P35030
P02652,P35368
P02652,P43146
P02652,P47893
P02652,P81605
P02652,Q15758
P02652,Q15758-3
P02652,Q8NHC8
P02652,Q92736
P02652,Q9GZM6
P02655,P02671
P02655,P02751
P02655,P02765
P02655,P02768
P02655,P02775
P02655,P02790
P02655,P04264
P02655,P06396
P02655,P07288
P02655,P07711
P02655,P08603
P02655,P08709
P02655,P08709-2
P02655,P0C0L4
P02655,P10720
P02655,P19827
P02655,P35030
P02655,P35368
P02655,P47893
P02655,P81605
P02655,Q15758-3
P02655,Q8NHC8
P02655,Q92736
P02655,Q9GZM6
P02671,P02675
P02671,P02679
P02671,P02745
P02671,P02747
P02671,P02751
P02671,P02765
P02671,P02768
P02671,P02775
P02671,P02787
P02671,P02790
P02671,P04264
P02671,P05546
P02671,P06396
P02671,P07288
P02671,P07711
P02671,P07996
P02671,P08603
P02671,P08709
P02671,P0C0L4
P02671,P10720
P02671,P10909
P02671,P11362
P02671,P14543
P02671,P15502
P02671,P19827
P02671,P28039
P02671,P35030
P02671,P35368
P02671,P35542
P02671,P47893
P02671,P49221
P02671,P55107
P02671,P81605
P02671,Q13219
P02671,Q14773
P02671,Q8N2S1
P02671,Q8NHC8
P02671,Q92484
P02671,Q92736
P02671,Q9GZM6
P02671,Q9UBS5
P02671-2,P02675
P02671-2,P02679
P02675,P02679
P02675,P02787
P02675,P14543
P02679,P04196
P02679,P05160
P02679,P05362
P02679-2,P05160
P02703,P16233
P02708,P07510
P02708,Q04844
P02708,Q13683
P02708-2,P07510
P02708-2,Q04844
P02708-2,Q07001
P02708-2,Q13683-13
P02741,P02743
P02741,P02751
P02741,P12314
P02741,P12318
P02741,P12318-2
P02741,P24071
P02741,Q15485
P02741,Q9Y6N6
P02743,P02751
P02743,P08637
P02743,P12314
P02743,P25391
P02745,P02746
P02745,P02747
P02745,P02751
P02745,P04196
P02745,P04264
P02745,P07711
P02745,P10909
P02745,P17927
P02745,Q07021
P02745,Q07954
P02745,Q8IWL2
P02745,Q92484
P02745,Q9NPY3
P02746,P02747
P02746,P04196
P02746,P59665
P02746,Q07954
P02746,Q99972
P02746,Q9HAV5
P02747,P02751
P02747,P04264
P02747,P07711
P02747,P10909
P02747,Q07954
P02747,Q92484
P02748,P07357
P02748,P07358
P02748,P10909
P02749,P07355
P02749,P98164
P02749,Q14114
P02750,P17813
P02750,P36897
P02750,P37023
P02751,P02765
P02751,P02768
P02751,P02775
P02751,P02786
P02751,P02787
P02751,P02790
P02751,P04075
P02751,P04083
P02751,P04085
P02751,P04196
P02751,P04264
P02751,P05106
P02751,P05546
P02751,P05556
P02751,P06396
P02751,P06756
P02751,P07288
P02751,P07355
P02751,P07711
P02751,P07996
P02751,P08123
P02751,P08253
P02751,P08514
P02751,P08603
P02751,P08648
P02751,P08709
P02751,P09382
P02751,P09429
P02751,P0C0L4
P02751,P10720
P02751,P10909
P02751,P11362
P02751,P11717
P02751,P12109
P02751,P13612
P02751,P14210
P02751,P14618
P02751,P15502
P02751,P17936
P02751,P18564
P02751,P19827
P02751,P21817
P02751,P25067
P02751,P26583
P02751,P28039
P02751,P29400
P02751,P35030
P02751,P35368
P02751,P35542
P02751,P47893
P02751,P48745
P02751,P49221
P02751,P55107
P02751,P81605
P02751,P98160
P02751,Q01196
P02751,Q07021
P02751,Q13219
P02751,Q14773
P02751,Q16674
P02751,Q32P28
P02751,Q5SQT9
P02751,Q8N2S1
P02751,Q8NGV6
P02751,Q8NHC8
P02751,Q92484
P02751,Q92736
P02751,Q96A54
P02751,Q96CW1
P02751,Q96RT1
P02751,Q99972
P02751,Q9GZM6
P02751,Q9HCN8
P02751,Q9UBS5
P02753,P02768
P02765,P02768
P02765,P02775
P02765,P02786
P02765,P02790
P02765,P04075
P02765,P04083
P02765,P04264
P02765,P05556
P02765,P06213
P02765,P06396
P02765,P07237
P02765,P08603
P02765,P08709
P02765,P08758
P02765,P09758
P02765,P0C0L4
P02765,P10720
P02765,P14618
P02765,P14625
P02765,P16070
P02765,P16144
P02765,P17301
P02765,P19827
P02765,P27797
P02765,P30044
P02765,P35030
P02765,P35613
P02765,P47893
P02765,P81605
P02765,Q92736
P02765,Q969H8
P02765,Q9GZM6
P02765,Q9Y6Y9
P02768,P02775
P02768,P02786
P02768,P02787
P02768,P02790
P02768,P04075
P02768,P04264
P02768,P05109
P02768,P05546
P02768,P05556
P02768,P06396
P02768,P07288
P02768,P07355
P02768,P07477
P02768,P07711
P02768,P07858
P02768,P07996
P02768,P08603
P02768,P08709
P02768,P08709-2
P02768,P08865
P02768,P09923
P02768,P0C0L4
P02768,P10720
P02768,P10909
P02768,P11362
P02768,P15502
P02768,P17301
P02768,P19827
P02768,P20916
P02768,P21757
P02768,P21817
P02768,P21817-2
P02768,P22105
P02768,P25067
P02768,P28039
P02768,P35030
P02768,P35368
P02768,P35542
P02768,P43146
P02768,P47893
P02768,P49221
P02768,P55107
P02768,P55899
P02768,P81605
P02768,Q07021
P02768,Q13219
P02768,Q14773
P02768,Q15517
P02768,Q15758
P02768,Q15758-3
P02768,Q6IBU4
P02768,Q7Z5J8
P02768,Q8N2S1
P02768,Q8NHC8
P02768,Q92736
P02768,Q9BS26
P02768,Q9GZM6
P02768,Q9H0B8
P02768,Q9UBS5
P02768,Q9UKX5
P02768,Q9UM47
P02771,P09429
P02771,P51681
P02775,P02790
P02775,P04264
P02775,P06396
P02775,P07288
P02775,P07711
P02775,P08603
P02775,P08709
P02775,P08709-2
P02775,P0C0L4
P02775,P10720
P02775,P19827
P02775,P20827-2
P02775,P22736
P02775,P35030
P02775,P35368
P02775,P47893
P02775,P81605
P02775,Q15758-3
P02775,Q8NHC8
P02775,Q92736
P02775,Q9GZM6
P02776,P04070
P02776,P07996
P02776,P09038
P02776,P10124
P02776,P10145
P02776,P49682
P02778,P13611
P02778,P27487
P02778,P49682
P02778,P51677
P02778,Q16270
P02786,P04075
P02786,P04083
P02786,P04264
P02786,P04626
P02786,P05109
P02786,P05556
P02786,P06756
P02786,P07237
P02786,P07339
P02786,P07355
P02786,P07602
P02786,P07900-2
P02786,P08236
P02786,P08648
P02786,P08758
P02786,P08865
P02786,P09382
P02786,P09429
P02786,P09668
P02786,P09758
P02786,P09923
P02786,P10909
P02786,P11047
P02786,P11717
P02786,P13224
P02786,P13612
P02786,P14618
P02786,P14625
P02786,P15328
P02786,P16070
P02786,P16144
P02786,P17301
P02786,P19320
P02786,P20645
P02786,P20908
P02786,P21926
P02786,P22105
P02786,P23229
P02786,P26006
P02786,P26583
P02786,P27797
P02786,P30044
P02786,P31151
P02786,P32004
P02786,P35555
P02786,P35613
P02786,P43251
P02786,P48723
P02786,P50897
P02786,P52272
P02786,P54577
P02786,P54709
P02786,P61769
P02786,P98160
P02786,Q07021
P02786,Q08380
P02786,Q15758
P02786,Q30201
P02786,Q30201-9
P02786,Q32P28
P02786,Q53GQ0
P02786,Q5SQT9
P02786,Q5T2D2
P02786,Q5ZPR3
P02786,Q7L0J3
P02786,Q8NG11
P02786,Q8WTV0
P02786,Q8WU66
P02786,Q969H8
P02786,Q96CW1
P02786,Q9BRK5
P02786,Q9HAT2
P02786,Q9HCY8
P02786,Q9UHG3
P02786,Q9UHL4
P02786,Q9UJZ1
P02786,Q9UM47
P02786,Q9Y4L1
P02787,P02790
P02787,P04264
P02787,P05109
P02787,P05546
P02787,P07355
P02787,P07711
P02787,P08709
P02787,P09382
P02787,P10909
P02787,P17936
P02787,P18065
P02787,P21817
P02787,P22692
P02787,P24593
P02787,P27797
P02787,P35030
P02787,P49221
P02787,P55107
P02787,P80188
P02787,Q01196
P02787,Q15517
P02787,Q30201
P02787,Q32P28
P02787,Q96A54
P02787,Q96RT1
P02787,Q9HCN8
P02787,Q9UP52
P02787,Q9Y6N6
P02788,P04083
P02788,P08246
P02788,P08311
P02788,P12273
P02788,P12838
P02788,P20061
P02788,P24158
P02788,P25311
P02788,P31025
P02788,P59665
P02788,P59666
P02788,P61769
P02788,Q07954
P02788,Q14508
P02788,Q8TDL5
P02788,Q8WWA0
P02788,Q9NP55
P02788,Q9UGM3
P02790,P04264
P02790,P06396
P02790,P07288
P02790,P07711
P02790,P08603
P02790,P08709
P02790,P08709-2
P02790,P0C0L4
P02790,P10720
P02790,P19827
P02790,P35030
P02790,P35368
P02790,P47893
P02790,P80188
P02790,P81605
P02790,Q15758-3
P02790,Q8NHC8
P02790,Q92736
P02790,Q9GZM6
P02808-2,Q12889
P02808-2,Q99935
P02818,P07339
P02818,P07858
P03950,P13385
P03950,P19883-2
P03950,P32971
P03950,Q9H221
P03956,P08123
P03956,P10646-2
P03956,P13500
P03956,P17936
P03956,P19875
P03956,P23946
P03956,P35613
P03956,P35613-3
P03956,P42830
P03956,P80098
P03956,P80162
P03956,Q96GW7
P03968,P03969
P03968,P21781
P03968,P21802
P03968,P21802-3
P03969,P21781
P03969,P21802
P03969,P21802-3
P03971,Q16671
P03971,Q9NVJ2
P03973,P07288
P03973,P07858
P04003,P18428
P04003,Q07954
P04003,Q13873
P04054,Q99062-4
P04070,P05154
P04070,P12259
P04070,P51511
P04070,Q9UNN8
P04075,P04083
P04075,P04264
P04075,P05109
P04075,P05556
P04075,P06756
P04075,P07237
P04075,P07339
P04075,P07355
P04075,P07858
P04075,P07900-2
P04075,P07996
P04075,P08253
P04075,P08648
P04075,P08758
P04075,P08865
P04075,P09382
P04075,P09429
P04075,P09668
P04075,P09758
P04075,P10909
P04075,P11717
P04075,P13612
P04075,P14618
P04075,P14618-2
P04075,P14625
P04075,P16070
P04075,P16144
P04075,P17301
P04075,P19320
P04075,P20916
P04075,P21757
P04075,P26447
P04075,P26583
P04075,P27797
P04075,P30044
P04075,P31151
P04075,P35613
P04075,P36955
P04075,P41222
P04075,P50897
P04075,P81605
P04075,P98160
P04075,Q02817
P04075,Q07021
P04075,Q08380
P04075,Q13162
P04075,Q32P28
P04075,Q5SQT9
P04075,Q7Z5J8
P04075,Q8NCW5
P04075,Q969H8
P04075,Q96CW1
P04075,Q99972
P04075,Q9H0B8
P04075,Q9HD43
P04075,Q9UHF4
P04075,Q9UKX5
P04075,Q9Y4L1
P04075,Q9Y6R7
P04083,P04114
P04083,P04264
P04083,P04626
P04083,P05109
P04083,P05556
P04083,P06756
P04083,P07237
P04083,P07355
P04083,P07900-2
P04083,P08246
P04083,P08311
P04083,P08581
P04083,P08648
P04083,P08758
P04083,P08865
P04083,P09382
P04083,P09429
P04083,P09758
P04083,P10586
P04083,P11717
P04083,P12273
P04083,P12830
P04083,P12838
P04083,P13612
P04083,P14618
P04083,P14625
P04083,P16070
P04083,P16144
P04083,P17301
P04083,P19320
P04083,P21462
P04083,P22413
P04083,P23468
P04083,P24158
P04083,P26583
P04083,P27797
P04083,P30044
P04083,P35613
P04083,P59665
P04083,P59666
P04083,P98160
P04083,Q07021
P04083,Q5SQT9
P04083,Q92832
P04083,Q92896
P04083,Q969H8
P04083,Q96CW1
P04083,Q96JX3
P04083,Q9NT22
P04083,Q9UGM3
P04083,Q9UMD9
P04114,P04626
P04114,P08581
P04114,P10586
P04114,P11150
P04114,P12830
P04114,P14625
P04114,P16144
P04114,P17931
P04114,P21810
P04114,P23468
P04114,P27797
P04114,P98164
P04114,Q13162
P04114,Q92832
P04114,Q96CW1
P04114,Q96JX3
P04114,Q9UMD9
P04118,P16233
P04141,P15509
P04141,P15509-6
P04141,P21583
P04141,P26951
P04141,P32927
P04155,Q6W4X9
P04155,Q86XP6
P04155,Q9NYZ4
P04196,P07996
P04196,P12314
P04217,P20073
P04217,P37840
P04217,P54108
P04233-3,P15813
P04233-3,P20036
P04233-3,Q5SU54
P04264,P04626
P04264,P05109
P04264,P05546
P04264,P05556
P04264,P06396
P04264,P06756
P04264,P07288
P04264,P07339
P04264,P07355
P04264,P07477
P04264,P07711
P04264,P07900-2
P04264,P08603
P04264,P08648
P04264,P08709
P04264,P08709-2
P04264,P08865
P04264,P09382
P04264,P09429
P04264,P09668
P04264,P09923
P04264,P0C0L4
P04264,P10720
P04264,P10909
P04264,P11226
P04264,P11362
P04264,P11717
P04264,P12830
P04264,P13224
P04264,P13612
P04264,P14618
P04264,P15502
P04264,P17301
P04264,P19320
P04264,P19827
P04264,P22105
P04264,P26583
P04264,P28039
P04264,P29317
P04264,P31151
P04264,P35030
P04264,P35368
P04264,P35542
P04264,P43146
P04264,P47893
P04264,P49221
P04264,P50897
P04264,P52272
P04264,P54577
P04264,P54760
P04264,P55107
P04264,P81605
P04264,P98160
P04264,P98172
P04264,Q01196
P04264,Q01196-3
P04264,Q07021
P04264,Q13219
P04264,Q14773
P04264,Q15758
P04264,Q15758-3
P04264,Q5SQT9
P04264,Q8N2S1
P04264,Q8NGV6
P04264,Q8NHC8
P04264,Q92484
P04264,Q92736
P04264,Q96CW1
P04264,Q9GZM6
P04264,Q9UBS5
P04264,Q9UM47
P04271,Q02846
P04271,Q15109-2
P04275,P05106
P04275,P06756
P04278,P08123
P04278,P41222
P04278,Q13275
P04278,Q9Y5K2
P04279,Q02383
P04279-2,P07288
P04626,P07355
P04626,P08575
P04626,P08581
P04626,P10586
P04626,P12830
P04626,P16070
P04626,P16144
P04626,P16591
P04626,P21860
P04626,P23467
P04626,P23468
P04626,P23470
P04626,P23471
P04626,P29317
P04626,P35070
P04626,P48740
P04626,P54760
P04626,P98172
P04626,Q02297
P04626,Q02297-7
P04626,Q12913
P04626,Q15303
P04626,Q16827
P04626,Q92832
P04626,Q93034
P04626,Q96CW1
P04626,Q96JX3
P04626,Q96RT1
P04626,Q9HCY8
P04626,Q9UMD9
P04626-3,P16070-19
P04626-3,P21860
P04626-3,Q7RTW5
P04628,P34925
P04628,P56704
P04628,Q8N474
P04628,Q96HF1
P04628,Q9H461
P04629,P08138
P04629,P08575
P04629,P23467
P04629,P23470
P04629,P23560
P04629,Q12913
P04629,Q16827
P04629-3,P08138
P04746,Q9UGM3
P04985,P58215
P05000,P17181
P05000,P48551
P05019,P17936
P05019,P18065
P05019,Q16270
P05019,Q8N6C5
P05019-2,P08069
P05019-2,P08833
P05019-2,P17936
P05019-2,P22692
P05019-2,P24592
P05019-2,P24593
P05019-3,P17936
P05019-3,P24593
P05019-3,Q16270
P05060,P20073
P05067,P06396
P05067,P07237
P05067,P07339
P05067,P07996
P05067,P08123
P05067,P08138
P05067,P21809
P05067,P23142
P05067,P27797
P05067,P29400
P05067,P31696
P05067,P39060
P05067,P51693
P05067,P61812
P05067,Q01955
P05067,Q07954
P05067,Q14031
P05067,Q15165
P05067,Q6IBU4
P05067,Q7Z5F4
P05067,Q9HCN8
P05067,Q9Y258
P05067-10,P08123
P05067-10,P10909
P05067-10,P14543
P05067-10,P14735
P05067-10,P22303-4
P05067-10,P25391
P05067-10,P29400
P05067-10,P35052
P05067-10,P61812
P05067-10,Q01955-5
P05067-10,Q07954
P05067-10,Q14031-2
P05067-10,Q9BX74
P05067-10,Q9NZR2
P05067-4,Q07954
P05090,P05187
P05090,P08236
P05090,P08311
P05090,P10909
P05090,P12273
P05090,P20160
P05090,P24158
P05090,P25311
P05090,P37235
P05090,P48357
P05090,Q9NVJ2
P05106,P05556
P05106,P05556-2
P05106,P06734
P05106,P06756
P05106,P07996
P05106,P08123
P05106,P08311
P05106,P08514
P05106,P08514-2
P05106,P08648
P05106,P09619
P05106,P10451
P05106,P12111-3
P05106,P13224
P05106,P14543
P05106,P16234
P05106,P21926
P05106,P23471
P05106,P35968
P05106,P41231
P05106,P48745
P05106,P98095
P05106,Q01955
P05106,Q01955-5
P05106,Q08722
P05106,Q08722-3
P05106,Q13444
P05106,Q13444-10
P05106,Q14773
P05106,Q16363
P05106,Q16363-3
P05106,Q6FIB4
P05107,P05362
P05107,P07339
P05107,P11215
P05107,P13612
P05107,P14625
P05107,P20701
P05107,P20702
P05107,P23467
P05107,P27797
P05107,P43629
P05107,P43630
P05107,P48723
P05107,Q12805
P05107,Q15582
P05107,Q15762
P05107,Q15782
P05107,Q16787
P05107,Q6IBU4
P05107,Q9BRK5
P05107,Q9BS26
P05107,Q9HCN8
P05107,Q9NQ30
P05107,Q9NYU2
P05107,Q9UMF0
P05107,Q9Y4L1
P05109,P05556
P05109,P06702
P05109,P07339
P05109,P07355
P05109,P07858
P05109,P08648
P05109,P08709
P05109,P08865
P05109,P09429
P05109,P09668
P05109,P11717
P05109,P13612
P05109,P14618
P05109,P18433
P05109,P19320
P05109,P26583
P05109,P31151
P05109,P50897
P05109,P52272
P05109,Q07021
P05109,Q13445
P05109,Q15517
P05109,Q6IBU4
P05109,Q7Z304
P05109,Q96CW1
P05109,Q96ID5
P05111,P27037
P05111,Q03167
P05112-2,P24394-2
P05112-2,P31785
P05112-2,Q14627
P05113,P32927
P05113,Q01344
P05113,Q01344-3
P05121,P07204
P05121,P98155-2
P05121,Q03405-3
P05121,Q9NZR2
P05154,P06870
P05154,P07288
P05154,P13521
P05154,P20151-3
P05156,P15529
P05156,P17927
P05187,P08236
P05187,P08311
P05187,P09382
P05187,P10696
P05187,P14618
P05187,P15144
P05187,P15328
P05187,P20160
P05187,P24158
P05187,P30533
P05187,P80108
P05187,Q08380
P05187,Q86UN3
P05187,Q8NFJ5
P05187,Q9NVJ2
P05230,P11362
P05230,P11362-18
P05230,P11362-3
P05230,Q14512
P05231,P08887-2
P05231,P12272
P05231,P12272-2
P05231,P13725
P05231,P35367
P05231,P40189
P05231,P40189-2
P05305,P24530
P05305,P25101
P05305,P35318
P05362,P06702
P05362,P07602
P05362,P07711
P05362,P08236
P05362,P14625
P05362,P23142
P05362,P35613
P05362,Q08380
P05362,Q13740
P05408,P16519
P05451,Q06141
P05452,P14210
P05546,P07288
P05546,P07711
P05546,P10909
P05546,P11362
P05546,P15502
P05546,P21817
P05546,P21817-2
P05546,P28039
P05546,P35030
P05546,P35368
P05546,P35542
P05546,P49221
P05546,P55107
P05546,Q13219
P05546,Q14773
P05546,Q8N2S1
P05546,Q9GZM6
P05556,P06756
P05556,P07237
P05556,P07339
P05556,P07355
P05556,P07602
P05556,P07900-2
P05556,P07996
P05556,P08236
P05556,P08648
P05556,P08758
P05556,P09382
P05556,P09429
P05556,P09668
P05556,P09758
P05556,P09923
P05556,P10451
P05556,P10909
P05556,P11047
P05556,P11717
P05556,P13224
P05556,P13611
P05556,P13612
P05556,P14618
P05556,P14625
P05556,P14780
P05556,P15328
P05556,P15529
P05556,P15531
P05556,P15692
P05556,P16070
P05556,P16144
P05556,P17301
P05556,P19320
P05556,P20645
P05556,P20908
P05556,P21926
P05556,P22105
P05556,P23229
P05556,P24821
P05556,P25391
P05556,P26006
P05556,P26583
P05556,P27797
P05556,P30044
P05556,P31151
P05556,P32004
P05556,P32927
P05556,P35442
P05556,P35555
P05556,P35613
P05556,P35916
P05556,P39060
P05556,P43251
P05556,P48509
P05556,P48723
P05556,P48745
P05556,P49765
P05556,P49767
P05556,P50897
P05556,P53708
P05556,P54577
P05556,P54709
P05556,P56199
P05556,P98160
P05556,Q01955
P05556,Q06643
P05556,Q07021
P05556,Q08380
P05556,Q08722
P05556,Q13443
P05556,Q13444
P05556,Q13683
P05556,Q13797
P05556,Q14773
P05556,Q32P28
P05556,Q5SQT9
P05556,Q5T2D2
P05556,Q5ZPR3
P05556,Q863H1
P05556,Q8NG11
P05556,Q8WTV0
P05556,Q8WU66
P05556,Q969H8
P05556,Q96CW1
P05556,Q9BY76
P05556,Q9HAT2
P05556,Q9UHG3
P05556,Q9UHL4
P05556,Q9UKX5
P05556,Q9UM47
P05556,Q9Y4L1
P05556,Q9Y6C2
P05556-2,P07996
P05556-2,P08648
P05556-2,P09382
P05556-2,P12111-3
P05556-2,P13611
P05556-2,P13612
P05556-2,P14543
P05556-2,P15531
P05556-2,P19320-2
P05556-2,P21926
P05556-2,P23229-2
P05556-2,P24821
P05556-2,P25391
P05556-2,P26006
P05556-2,P35442
P05556-2,P35613-3
P05556-2,P35916-1
P05556-2,P48509
P05556-2,P48745
P05556-2,P56199
P05556-2,Q03405-3
P05556-2,Q08722-3
P05556-2,Q13443-2
P05556-2,Q13444-10
P05556-2,Q13683-13
P05556-2,Q13797
P05556-2,Q16363-3
P05556-2,Q99965
P05556-2,Q9UKX5
P05814,P07498
P05997,P12107
P05997,P20908
P05997,P25940
P05997,Q08345
P05997,Q08345-2
P06127,P21854
P06213,P08575
P06213,Q12913
P06276,Q9Y215-7
P06307,P32239
P06340,P13765
P06396,P07355
P06396,P07942
P06396,P08603
P06396,P08709
P06396,P0C0L4
P06396,P10720
P06396,P12273
P06396,P14618
P06396,P19827
P06396,P35030
P06396,P47893
P06396,P52272-2
P06396,P81605
P06396,Q02383
P06396,Q03001
P06396,Q14573
P06396,Q7LCB3
P06396,Q92736
P06396,Q92743
P06396,Q96CW1
P06396,Q9GZM6
P06396,Q9UL54
P06702,P07355
P06702,P17948-2
P06702,P18433
P06702,P31151
P06702,Q13740
P06702,Q8WTV0
P06702,Q8WZ75
P06702,Q96CW1
P06729,P08575
P06729,P09326
P06729,P09382
P06729,P20963
P06734,P06756
P06734,P08758
P06734,P20023
P06734,P20702
P06734,Q08722
P06734,Q08722-3
P06734,Q12841
P06734,Q14242
P06744,P14618
P06744,P15531
P06744,P17936
P06744,Q07021
P06744,Q96CW1
P06756,P07339
P06756,P07355
P06756,P07602
P06756,P07996
P06756,P08236
P06756,P08253
P06756,P08648
P06756,P09382
P06756,P09429
P06756,P10451
P06756,P10909
P06756,P11047
P06756,P11717
P06756,P13612
P06756,P14618
P06756,P15328
P06756,P16070
P06756,P16234
P06756,P18564
P06756,P20645
P06756,P20908
P06756,P23471
P06756,P24001
P06756,P25116
P06756,P26006
P06756,P26012
P06756,P26583
P06756,P32004
P06756,P35555
P06756,P35613
P06756,P41231
P06756,P43251
P06756,P48723
P06756,P48745
P06756,P50281
P06756,P50897
P06756,P54709
P06756,P98160
P06756,Q01955
P06756,Q03405
P06756,Q07021
P06756,Q08380
P06756,Q08722
P06756,Q13443
P06756,Q13444
P06756,Q14773
P06756,Q16363
P06756,Q32P28
P06756,Q5SQT9
P06756,Q5T2D2
P06756,Q5ZPR3
P06756,Q6FIB4
P06756,Q8WTV0
P06756,Q8WU66
P06756,Q96CW1
P06756,Q9HAT2
P06756,Q9UHG3
P06756,Q9UHL4
P06756,Q9Y4L1
P06850,P34998
P06858,P11597
P06858,P12272
P06858,P78539
P06858,P98155-2
P06858,Q07954
P06858,Q13410
P06858,Q99523
P06881,Q16602
P07093,P08572
P07093,P29400
P07093,P53420
P07093,Q01955
P07093,Q14031
P07200,Q9Y6C2
P07204,Q96IY4
P07237,P07339
P07237,P07355
P07237,P08123
P07237,P08758
P07237,P09758
P07237,P10909
P07237,P14618
P07237,P14625
P07237,P16070
P07237,P16144
P07237,P17301
P07237,P21246
P07237,P26447
P07237,P27797
P07237,P30044
P07237,P35613
P07237,P52272
P07237,P61769
P07237,P81605
P07237,Q08380
P07237,Q13162
P07237,Q14573
P07237,Q15165
P07237,Q15758
P07237,Q32P28
P07237,Q6IBU4
P07237,Q8NCW5
P07237,Q969H8
P07237,Q9HCN8
P07237,Q9UJZ1
P07237,Q9Y4L1
P07288,P07711
P07288,P08709-2
P07288,P10275
P07288,P10720
P07288,P10909
P07288,P11362
P07288,P13521
P07288,P15502
P07288,P17936
P07288,P19827
P07288,P28039
P07288,P35368
P07288,P35542
P07288,P47893
P07288,P49221
P07288,P81605
P07288,Q13219
P07288,Q14773
P07288,Q15758-3
P07288,Q8N2S1
P07288,Q8NHC8
P07288,Q92736
P07288,Q9GZM6
P07288,Q9UBS5
P07306,P07307
P07306,P14625
P07306,P56199
P07339,P07355
P07339,P07602
P07339,P07858
P07339,P08236
P07339,P08648
P07339,P08758
P07339,P09429
P07339,P09668
P07339,P10909
P07339,P11047
P07339,P11717
P07339,P13612
P07339,P14618
P07339,P14625
P07339,P15328
P07339,P16070
P07339,P17936
P07339,P19320
P07339,P20645
P07339,P20701
P07339,P20908
P07339,P22692
P07339,P26006
P07339,P26447
P07339,P26583
P07339,P27797
P07339,P31151
P07339,P32004
P07339,P35555
P07339,P35613
P07339,P43251
P07339,P43629
P07339,P43630
P07339,P48723
P07339,P50897
P07339,P54709
P07339,P78556
P07339,Q08380
P07339,Q13162
P07339,Q15782
P07339,Q32P28
P07339,Q5T2D2
P07339,Q5ZPR3
P07339,Q6IBU4
P07339,Q8NCW5
P07339,Q8WTV0
P07339,Q8WU66
P07339,Q9HAT2
P07339,Q9HCN8
P07339,Q9NYU2
P07339,Q9UHG3
P07339,Q9UHL4
P07339,Q9Y4L1
P07355,P07858
P07355,P07900-2
P07355,P07996
P07355,P08648
P07355,P08758
P07355,P08865
P07355,P09382
P07355,P09429
P07355,P09668
P07355,P10909
P07355,P11717
P07355,P13224
P07355,P13612
P07355,P14618
P07355,P14625
P07355,P17948-2
P07355,P19320
P07355,P20916
P07355,P21757
P07355,P21860
P07355,P26447
P07355,P26583
P07355,P27797
P07355,P31151
P07355,P36955
P07355,P41222
P07355,P48740
P07355,P50897
P07355,P52272-2
P07355,P54577
P07355,P61769
P07355,P81605
P07355,P98160
P07355,Q01196
P07355,Q02817
P07355,Q03001
P07355,Q07021
P07355,Q08380
P07355,Q13162
P07355,Q14573
P07355,Q32P28
P07355,Q5SQT9
P07355,Q7Z5J8
P07355,Q8NCW5
P07355,Q8WTV0
P07355,Q8WZ75
P07355,Q92743
P07355,Q96A54
P07355,Q96CW1
P07355,Q96RT1
P07355,Q99972
P07355,Q9H0B8
P07355,Q9HCN8
P07355,Q9HCY8
P07355,Q9HD43
P07355,Q9UHF4
P07355,Q9UKX5
P07355,Q9UL54
P07355,Q9Y4L1
P07355,Q9Y6R7
P07357,P07358
P07357,P07360
P07358,P07360
P07358,P10909
P07477,P08697
P07477,P17301
P07477,P43146
P07477,Q01523
P07477,Q15758
P07477,Q9NQ38
P07492,P30550
P07492-2,P30550
P07550,P41143
P07550,Q13639
P07550,Q28619
P07585,P07996
P07585,P08123
P07585,P08572
P07585,P14555
P07585,P15502
P07585,P29400
P07585,P35247
P07585,P35555
P07585,P53420
P07585,Q01955
P07585,Q05707
P07585,Q14031
P07585-4,P07996
P07585-4,P08123
P07585-4,P08253-3
P07585-4,P09237
P07585-4,P14555
P07585-4,P15502-7
P07585-4,P20908
P07585-4,P29400
P07585-4,P35247
P07585-4,Q01955-5
P07585-4,Q07507
P07585-4,Q14031-2
P07602,P07711
P07602,P08236
P07602,P08648
P07602,P10909
P07602,P11047
P07602,P11717
P07602,P12830
P07602,P14625
P07602,P15328
P07602,P16070
P07602,P20645
P07602,P20908
P07602,P26006
P07602,P28799
P07602,P32004
P07602,P34925
P07602,P35555
P07602,P35613
P07602,P43251
P07602,P48723
P07602,P50897
P07602,P54709
P07602,P55072
P07602,Q08380
P07602,Q32P28
P07602,Q5T2D2
P07602,Q5ZPR3
P07602,Q8WTV0
P07602,Q8WU66
P07602,Q9HAT2
P07602,Q9NYQ6
P07602,Q9UHG3
P07602,Q9UHL4
P07602,Q9Y4L1
P07711,P08236
P07711,P08709-2
P07711,P09564
P07711,P10145
P07711,P10720
P07711,P10909
P07711,P14625
P07711,P17936
P07711,P19827
P07711,P21817
P07711,P21817-2
P07711,P35030
P07711,P35368
P07711,P39060
P07711,P47893
P07711,P49221
P07711,P55107
P07711,P81605
P07711,Q08380
P07711,Q15758-3
P07711,Q6UXH1
P07711,Q8NHC8
P07711,Q92484
P07711,Q92736
P07711,Q9GZM6
P07711,Q9UBS5
P07766,P09382
P07766,P18627
P07766,P20963
P07766,P40259
P07766,P40259-2
P07766,P55072
P07766,Q6PIZ9
P07858,P08709
P07858,P20073
P07858,P36955
P07858,P41222
P07858,P78556
P07858,Q02817
P07858,Q13753
P07858,Q6IBU4
P07858,Q9HD43
P07858,Q9UHF4
P07858,Q9Y6R7
P07900-2,P09382
P07900-2,P09429
P07900-2,P13612
P07900-2,P14618
P07900-2,P19320
P07900-2,Q96CW1
P07942,P10586-2
P07942,P11047
P07942,P12109
P07942,P12273
P07942,P14543
P07942,P16144
P07942,P16144-2
P07942,P22303-4
P07942,P23229
P07942,P23229-2
P07942,P24043
P07942,P25391
P07942,Q02383
P07942,Q16363
P07942,Q16787
P07942,Q7LCB3
P07942,Q96RT1
P07942,Q9Y6N6
P07949-2,Q9GZZ7-3
P07996,P09382
P07996,P10646-2
P07996,P13612
P07996,P15531
P07996,P20916
P07996,P21757
P07996,P26006
P07996,P81605
P07996,Q7Z5J8
P07996,Q9H0B8
P07996,Q9UKX5
P08069,P17936
P08069,P43490
P08069,P49913
P08069,Q9UEF7
P08100,P25098
P08123,P20908
P08123,P50281
P08123,P51884
P08138,Q96FE5
P08138,Q96FE5-2
P08138,Q99523
P08138,Q99523-2
P08138,Q9BZR6
P08174,P08571
P08174,P17927
P08174,P80108
P08236,P08311
P08236,P08648
P08236,P10909
P08236,P11047
P08236,P11717
P08236,P14625
P08236,P15328
P08236,P16070
P08236,P20160
P08236,P20645
P08236,P20908
P08236,P24158
P08236,P26006
P08236,P32004
P08236,P35555
P08236,P35613
P08236,P43251
P08236,P48723
P08236,P50897
P08236,P54709
P08236,Q08380
P08236,Q32P28
P08236,Q5T2D2
P08236,Q5ZPR3
P08236,Q8WTV0
P08236,Q8WU66
P08236,Q9HAT2
P08236,Q9NVJ2
P08236,Q9UHG3
P08236,Q9UHL4
P08236,Q9Y4L1
P08246,P08311
P08246,P08572
P08246,P08697
P08246,P09919-2
P08246,P10145
P08246,P10646-2
P08246,P11215
P08246,P12259
P08246,P12273
P08246,P12838
P08246,P15502
P08246,P15502-7
P08246,P19320-2
P08246,P20160
P08246,P24158
P08246,P25116
P08246,P28799-2
P08246,P48061-3
P08246,P49913
P08246,P54577
P08246,P55085
P08246,P55899
P08246,P59665
P08246,P59666
P08246,Q07954
P08246,Q13231
P08246,Q16663
P08246,Q99062-4
P08246,Q9UGM3
P08253,P39060
P08253,P80098
P08253,Q96GW7
P08253,Q9BRK5
P08253-3,P10915
P08253-3,P11362-18
P08253-3,P12111-3
P08253-3,P17936
P08253-3,P29323-2
P08253-3,P35442
P08253-3,P35625
P08253-3,P48061-3
P08253-3,P50281
P08253-3,P80098
P08253-3,P80188
P08253-3,Q02388
P08253-3,Q15726
P08253-3,Q96GW7-2
P08253-3,Q9NPA2
P08254,P09486
P08254,P10915
P08254,P13500
P08254,P13608
P08254,P16035
P08254,P17936
P08254,P35625
P08254,P80075
P08254,P80098
P08254,Q08629
P08254,Q96GW7
P08254,Q96GW7-2
P08254,Q99616
P08254,Q99727
P08254,Q9BQ16-1
P08311,P08514-2
P08311,P12259
P08311,P12273
P08311,P12838
P08311,P17936
P08311,P19320-2
P08311,P20160
P08311,P24158
P08311,P25116
P08311,P48061-3
P08311,P49913
P08311,P55085
P08311,P59665
P08311,P59666
P08311,Q07954
P08311,Q96RT1
P08311,Q9NVJ2
P08311,Q9UGM3
P08514,P13224
P08514,P16871
P08514,P21926
P08514,P27797
P08514,Q08722
P08514,Q14773
P08514,Q6FIB4
P08514-2,Q08722-3
P08571,P18428
P08571,P20333
P08572,P0DJI9
P08572,P12109
P08572,P12645
P08572,P13725
P08572,P20073
P08572,P21810
P08572,P58335-4
P08572,P98095
P08572,Q15582
P08572,Q92876
P08572,Q9NPY3
P08575,P08637
P08575,P11226
P08575,P19235
P08575,P48357
P08581,P10586
P08581,P12830
P08581,P14210
P08581,P14210-6
P08581,P16070
P08581,P16144
P08581,P16144-2
P08581,P21554
P08581,P23468
P08581,P25445-2
P08581,Q04756
P08581,Q12913
P08581,Q92832
P08581,Q96CW1
P08581,Q96JX3
P08581,Q9UMD9
P08588,P08913
P08588,Q12959
P08603,P08709
P08603,P0C0L4
P08603,P10720
P08603,P11215
P08603,P19827
P08603,P35030
P08603,P35318
P08603,P47893
P08603,P81605
P08603,Q03591
P08603,Q92736
P08603,Q9GZM6
P08620,P11362-18
P08620,P21802-14
P08620,P22455-2
P08620,P22607
P08620,P22607-3
P08637,P12314
P08648,P09382
P08648,P09429
P08648,P09668
P08648,P10451
P08648,P10909
P08648,P11047
P08648,P11717
P08648,P12111-3
P08648,P13612
P08648,P14618
P08648,P14780
P08648,P15328
P08648,P16070
P08648,P18564
P08648,P19320
P08648,P20645
P08648,P20908
P08648,P24821
P08648,P26006
P08648,P26583
P08648,P31151
P08648,P32004
P08648,P35555
P08648,P35613
P08648,P35916-1
P08648,P36897
P08648,P39060
P08648,P43251
P08648,P48723
P08648,P48745
P08648,P50897
P08648,P54709
P08648,P98160
P08648,Q07021
P08648,Q08380
P08648,Q13444
P08648,Q13444-10
P08648,Q16363-3
P08648,Q32P28
P08648,Q5SQT9
P08648,Q5T2D2
P08648,Q5ZPR3
P08648,Q863H1
P08648,Q8WTV0
P08648,Q8WU66
P08648,Q96CW1
P08648,Q96HF1
P08648,Q9HAT2
P08648,Q9UHG3
P08648,Q9UHL4
P08648,Q9Y4L1
P08697,P59665
P08697,Q92876-2
P08700,P26951
P08700,P32927
P08700,Q01196
P08709,P08709-2
P08709,P0C0L4
P08709,P10646
P08709,P10720
P08709,P13726
P08709,P19827
P08709,P35030
P08709,P47893
P08709,P81605
P08709,Q15517
P08709,Q6IBU4
P08709,Q92736
P08709,Q9BS26
P08709,Q9GZM6
P08709-2,P10646-2
P08709-2,P10720
P08709-2,P13726-2
P08709-2,P19827
P08709-2,P35368
P08709-2,P47893
P08709-2,P81605
P08709-2,Q15758-3
P08709-2,Q8NHC8
P08709-2,Q92736
P08709-2,Q9GZM6
P08758,P09758
P08758,P10909
P08758,P14618
P08758,P14625
P08758,P16070
P08758,P16144
P08758,P17301
P08758,P26447
P08758,P27797
P08758,P30044
P08758,P35613
P08758,Q07021
P08758,Q08380
P08758,Q12841
P08758,Q13162
P08758,Q14242
P08758,Q32P28
P08758,Q8NCW5
P08758,Q969H8
P08758,Q9Y4L1
P08758,Q9Y6N6
P08865,P14618
P08865,P14618-2
P08865,P14625
P08865,P15509-6
P08865,P20645
P08865,P24043
P08865,P27797
P08865,P35613
P08865,P52272
P08865,P54709
P08865,P55072
P08865,Q07021
P08865,Q13162
P08865,Q13445
P08865,Q15758
P08865,Q53GQ0
P08865,Q7L0J3
P08865,Q7Z304
P08865,Q8IW75
P08865,Q9BRK5
P08865,Q9H228
P08865,Q9UHG3
P08865,Q9UJZ1
P08887-2,P26441
P08887-2,P40189-2
P08908,P11362
P08908,P21453
P08908,P28221
P08908,P28222
P08908,Q8NDV2
P08908,Q99500
P08949,P28336
P08949-2,P28336
P09038,P11362
P09038,P23352
P09038,Q14512
P09237,P10646-2
P09237,P10915
P09237,P15502-2
P09237,P59665
P09237,Q96GW7
P09237,Q99075
P09238,P10915
P09238,Q96GW7
P09238,Q96GW7-2
P09326,Q13478
P09326,Q9BZW8
P09341,P25025
P09382,P09429
P09382,P10451
P09382,P11717
P09382,P13612
P09382,P14618
P09382,P15328
P09382,P17931
P09382,P19320
P09382,P26583
P09382,P98160
P09382,Q01196
P09382,Q07021
P09382,Q32P28
P09382,Q5SQT9
P09382,Q86UN3
P09382,Q8NFJ5
P09382,Q96A54
P09382,Q96CW1
P09382,Q96RT1
P09382,Q9HCN8
P09382,Q9UGT4
P09429,P09668
P09429,P11717
P09429,P13224
P09429,P13612
P09429,P14618
P09429,P19320
P09429,P26583
P09429,P31151
P09429,P50897
P09429,P54577
P09429,P98160
P09429,Q07021
P09429,Q15109
P09429,Q15109-2
P09429,Q5SQT9
P09429,Q96CW1
P09466,Q9UBH0
P09486,P15692
P09486,P15692-2
P09486,P19320
P09529,P36896
P09529,P36896-2
P09529,Q13705
P09529,Q8N6C5
P09529,Q8NER5-2
P09564,Q8WVN6
P09619,P16234
P09619,P21453
P09619,P23467
P09619,P23469
P09619,P35968
P09619,P54762
P09619,Q03405-3
P09619,Q12913
P09619,Q16827
P09619,Q28619
P09619,Q9GZP0-2
P09668,P11717
P09668,P13612
P09668,P14618
P09668,P19320
P09668,P26583
P09668,P31151
P09668,P50897
P09683,P47872
P09758,P14618
P09758,P14625
P09758,P16070
P09758,P16144
P09758,P17301
P09758,P27797
P09758,P30044
P09758,P35613
P09758,Q969H8
P09871,P0C0L4
P09871,P26022
P09919,Q99062
P09919-3,Q99062-4
P09923,P22105
P09923,Q9UM47
P0C0L4,P10720
P0C0L4,P19827
P0C0L4,P35030
P0C0L4,P47893
P0C0L4,P81605
P0C0L4,Q92736
P0C0L4,Q9GZM6
P0C0L5,P15529
P0C0L5,P17927
P0DJI9,P25391
P10082,P25929
P10082,P49146
P10082,Q15761
P10124,P13611
P10124,P14780
P10145,P19875
P10145,P25025
P10145,P42830
P10275,P27797
P10275,P49116
P10275,Q15466
P10276,P28702
P10276,Q15303
P10276,Q7Z443
P10288,P16591
P10323,Q05996
P10451,P18564
P10451,Q13797
P10586,P12830
P10586,P14543
P10586,P16144
P10586,P23468
P10586,Q92832
P10586,Q96CW1
P10586,Q96JX3
P10586,Q9UMD9
P10586-2,P11047
P10586-2,P14543
P10586-2,P23468-2
P10586-2,P25391
P10586-2,Q5XKG2
P10589,P10827
P10589,P41235-7
P10643,P10909
P10643,P22458
P10643,P48747
P10643,P98136
P10643,P98137
P10646,P13726
P10646-2,P13726-2
P10696,P15144
P10696,P15328
P10720,P19827
P10720,P35030
P10720,P35368
P10720,P47893
P10720,P81605
P10720,Q15758-3
P10720,Q8NHC8
P10720,Q92736
P10720,Q9GZM6
P10721,P19235
P10721,P21583
P10721,Q12913
P10721,Q92729
P10721-2,P19235
P10721-2,P21926
P10745,P46531
P10767,P11362-18
P10826,P28702
P10826-3,P28702
P10827,P51858
P10827,Q07021
P10827-2,P28702
P10909,P11047
P10909,P11362
P10909,P11717
P10909,P12273
P10909,P14618
P10909,P14625
P10909,P15328
P10909,P15502
P10909,P16070
P10909,P20645
P10909,P20908
P10909,P22736
P10909,P25311
P10909,P26006
P10909,P26447
P10909,P27797
P10909,P28039
P10909,P32004
P10909,P35030
P10909,P35368
P10909,P35542
P10909,P35555
P10909,P35613
P10909,P36897
P10909,P43251
P10909,P48357
P10909,P48723
P10909,P49221
P10909,P50897
P10909,P54709
P10909,P55107
P10909,Q08380
P10909,Q13162
P10909,Q13219
P10909,Q14773
P10909,Q32P28
P10909,Q5T2D2
P10909,Q5ZPR3
P10909,Q8N2S1
P10909,Q8NCW5
P10909,Q8WTV0
P10909,Q8WU66
P10909,Q92484
P10909,Q9GZM6
P10909,Q9HAT2
P10909,Q9UHG3
P10909,Q9UHL4
P10909,Q9UQE7
P10909,Q9Y4L1
P10912,P16471
P10912,P19941
P10912,P23467
P10912,Q12913
P10915,P13611
P10997,P14735
P11047,P11717
P11047,P14543
P11047,P15328
P11047,P16070
P11047,P16144
P11047,P16144-2
P11047,P20645
P11047,P20908
P11047,P23229
P11047,P23229-2
P11047,P24043
P11047,P25391
P11047,P26006
P11047,P32004
P11047,P35555
P11047,P35613
P11047,P43251
P11047,P48723
P11047,P50897
P11047,P54709
P11047,P55268
P11047,Q08380
P11047,Q14112
P11047,Q16363
P11047,Q16787
P11047,Q32P28
P11047,Q5T2D2
P11047,Q5ZPR3
P11047,Q8WTV0
P11047,Q8WU66
P11047,Q9HAT2
P11047,Q9UHG3
P11047,Q9UHL4
P11047,Q9Y4L1
P11151,P30533
P11151,Q99523
P11215,P31997
P11215,Q03405
P11215,Q03405-3
P11215,Q15582
P11215,Q9BX67-2
P11226,Q07021
P11362,P15502
P11362,P23352
P11362,P28039
P11362,P28222
P11362,P31371
P11362,P35368
P11362,P35542
P11362,P49221
P11362,Q13219
P11362,Q14773
P11362,Q8N2S1
P11362,Q9GZM6
P11362,Q9GZV9
P11362-18,P31371
P11362-18,P55075-2
P11362-18,Q8NFM7-3
P11362-18,Q9GZV9
P11362-18,Q9UEF7
P11487,P21802
P11487,P21802-14
P11717,P13612
P11717,P14618
P11717,P15328
P11717,P16070
P11717,P19320
P11717,P20645
P11717,P20908
P11717,P26006
P11717,P26583
P11717,P31151
P11717,P32004
P11717,P35555
P11717,P35613
P11717,P43251
P11717,P48723
P11717,P50897
P11717,P54709
P11717,P98160
P11717,Q07021
P11717,Q08380
P11717,Q15758
P11717,Q32P28
P11717,Q5SQT9
P11717,Q5T2D2
P11717,Q5ZPR3
P11717,Q8WTV0
P11717,Q8WU66
P11717,Q96CW1
P11717,Q9HAT2
P11717,Q9UHG3
P11717,Q9UHL4
P11717,Q9Y4L1
P11836,P25942
P11836,P25942-2
P11912,P40259
P11912-2,P40259-2
P12034,P15692
P12034,P21802
P12107,P13942
P12107,P20908
P12107-3,Q08345-2
P12109,P12110
P12111-3,P56199
P12272,P78539
P12272,Q03431
P12272,Q13410
P12272-2,Q03431
P12273,P12838
P12273,P24158
P12273,P25311
P12273,P59665
P12273,P59666
P12273,Q02383
P12273,Q7LCB3
P12273,Q9UGM3
P12319,P19823
P12319,P30273
P12644,P21810
P12644,P36894
P12644,Q05438
P12644,Q13253
P12644,Q13873
P12644,Q6WN34-2
P12644,Q8N8U9
P12644,Q96NZ8
P12644,Q9BU40
P12644,Q9GZX9
P12644,Q9H772
P12821,P50052
P12830,P16144
P12830,P23468
P12830,P26010
P12830,P28799
P12830,P34925
P12830,P38570
P12830,P48740
P12830,Q07021
P12830,Q92832
P12830,Q96CW1
P12830,Q96JX3
P12830,Q9UMD9
P12838,P24158
P12838,P59665
P12838,P59666
P12838,Q9UGM3
P13224,P13612
P13224,P14618
P13224,P19320
P13224,P21926
P13224,P54577
P13224,Q08722
P13232,P16871
P13232,P31785
P13236,P14735
P13236,P32246
P13236,P51677
P13236,P51681
P13236,P51685
P13385,P23142
P13385,P35052
P13385,P36896
P13385,P36896-2
P13385,Q8NER5-2
P13497,P35348
P13497,Q13316
P13497,Q13751
P13497,Q13753
P13497,Q16787
P13497,Q9GZX9
P13497,Q9H2X0
P13497-3,P20908
P13497-3,P35348-3
P13497-3,Q02388
P13497-3,Q13751
P13497-3,Q13753-2
P13497-3,Q16787-4
P13497-3,Q9GZX9
P13500,P32246
P13500,P51681
P13598,P16070-19
P13598,P25942
P13598,P30825
P13598,P35613
P13598,P54709
P13598,Q08722
P13598,Q12884
P13598,Q12913
P13598,Q14627
P13598,Q9Y639
P13608,P22894
P13608,P35625
P13608,P39900
P13608,P49747
P13608,Q9UNA0
P13611,P14780
P13612,P14618
P13612,P14625
P13612,P16070
P13612,P19320
P13612,P19320-2
P13612,P26010
P13612,P26583
P13612,P27797
P13612,P31151
P13612,P35442
P13612,P48723
P13612,P50897
P13612,P54577
P13612,P61073
P13612,P98160
P13612,Q07021
P13612,Q08722
P13612,Q08722-3
P13612,Q12805
P13612,Q13477
P13612,Q13477-3
P13612,Q14773
P13612,Q14773-2
P13612,Q5SQT9
P13612,Q6IBU4
P13612,Q96CW1
P13612,Q99965
P13612,Q9BRK5
P13612,Q9BS26
P13612,Q9HCN8
P13612,Q9Y4L1
P13612,Q9Y6C2
P13725,P29400
P13725,P40189-2
P13725,P42702
P13725,Q01955
P13725,Q01955-5
P13725,Q14031
P13725,Q14031-2
P13747,P26715
P13747,P26717
P13747,P27797
P13747,P61769
P13747,Q13241
P14138-3,P23946
P14138-3,P24530-2
P14210,P16070
P14210,Q04756
P14210-6,P16070
P14210-6,P80188
P14210-6,Q04756
P14222,P27797
P14416,P29274
P14416,P35346
P14416-2,P35346
P14416-2,P42261
P14543,P25391
P14543,P98160
P14543,Q01955-5
P14555,Q13018-2
P14555,Q6UXH1
P14618,P14625
P14618,P15328
P14618,P15531
P14618,P16070
P14618,P16144
P14618,P17301
P14618,P19320
P14618,P26447
P14618,P26583
P14618,P27797
P14618,P30044
P14618,P31151
P14618,P35613
P14618,P50897
P14618,P52272
P14618,P54577
P14618,P98160
P14618,Q03001
P14618,Q07021
P14618,Q08380
P14618,Q13162
P14618,Q14573
P14618,Q15758
P14618,Q32P28
P14618,Q5SQT9
P14618,Q86UN3
P14618,Q8NCW5
P14618,Q8NFJ5
P14618,Q92743
P14618,Q969H8
P14618,Q96CW1
P14618,Q9UJZ1
P14618,Q9UL54
P14618,Q9Y4L1
P14625,P16070
P14625,P16144
P14625,P17301
P14625,P22736
P14625,P26447
P14625,P27797
P14625,P28799
P14625,P30044
P14625,P35613
P14625,P48723
P14625,P55072
P14625,Q08380
P14625,Q12805
P14625,Q13162
P14625,Q32P28
P14625,Q6IBU4
P14625,Q8IW75
P14625,Q8NCW5
P14625,Q969H8
P14625,Q9BRK5
P14625,Q9BS26
P14625,Q9HCN8
P14625,Q9Y4L1
P14778,P18510
P14778,P18510-2
P14778,Q9NPH3
P14780,P15502-2
P14780,P15514
P14780,P16035
P14780,P16070
P14780,P16070-19
P14780,P17931
P14780,P19875
P14780,P20742
P14780,P29323-2
P14780,P29400
P14780,P35070
P14780,P35442
P14780,P35625
P14780,P39060
P14780,P42830
P14780,P53420
P14780,P80162
P14780,P80188
P14780,Q01955
P14780,Q01955-5
P14780,Q07954
P14780,Q14031
P14780,Q14031-2
P14780,Q15726
P14780,Q8IX30
P14780,Q9NRE1
P14781,P18433
P14784,P31785
P14784,P40933
P14784,P60568
P14784,Q13261
P14867,P18505
P14867,P18507
P14867,P21917
P14867,P28472
P14867,P28472-2
P14867,P34903
P14867,P47870
P14867,P47870-1
P14867,P48169
P14867,Q16445
P14867,Q8N1C3
P14867,Q99928
P14867,Q9UN88
P15018,P40189
P15018,P40189-2
P15018,P42702
P15144,P15328
P15151,Q15762
P15151,Q495A1
P15151,Q9NZ20
P15248,Q01113-3
P15328,P16070
P15328,P20645
P15328,P20908
P15328,P26006
P15328,P32004
P15328,P35555
P15328,P35613
P15328,P43251
P15328,P48723
P15328,P50897
P15328,P54709
P15328,Q08380
P15328,Q32P28
P15328,Q5T2D2
P15328,Q5ZPR3
P15328,Q86UN3
P15328,Q8NFJ5
P15328,Q8WTV0
P15328,Q8WU66
P15328,Q9HAT2
P15328,Q9UHG3
P15328,Q9UHL4
P15328,Q9Y4L1
P15502,P21810
P15502,P23142
P15502,P28039
P15502,P35368
P15502,P35542
P15502,P35555
P15502,P35556
P15502,P39900
P15502,P49221
P15502,P98095
P15502,Q13219
P15502,Q14773
P15502,Q8N2S1
P15502,Q9GZM6
P15502,Q9UBX5
P15502-7,P35556
P15502-7,P55001-2
P15509,P32927
P15531,P35398-4
P15531,Q07021
P15531,Q58EY0
P15531,Q96CW1
P15692,P35052
P15692,P35968
P15692,P49763
P15692,Q13275
P15692,Q13797
P15692,Q16270
P15692-13,P35968
P15692-2,P35052
P15692-4,P35968
P15813,P27797
P16035,P22894
P16035,P26006
P16035,P50281
P16035,P51511
P16035,P51512
P16070,P16144
P16070,P16581
P16070,P17301
P16070,P17936
P16070,P20645
P16070,P20908
P16070,P26006
P16070,P27797
P16070,P30044
P16070,P32004
P16070,P35555
P16070,P35613
P16070,P36897
P16070,P43251
P16070,P48723
P16070,P50897
P16070,P54709
P16070,Q08380
P16070,Q13316
P16070,Q13477
P16070,Q13873
P16070,Q32P28
P16070,Q5T2D2
P16070,Q5ZPR3
P16070,Q8WTV0
P16070,Q8WU66
P16070,Q969H8
P16070,Q99075
P16070,Q9HAT2
P16070,Q9UHG3
P16070,Q9UHL4
P16070,Q9Y4L1
P16070-19,P16581
P16070-19,P17936
P16070-19,P36897-3
P16070-19,Q13316-2
P16070-19,Q13477-3
P16070-19,Q15303-3
P16144,P17301
P16144,P17931
P16144,P21926
P16144,P23229
P16144,P23468
P16144,P27797
P16144,P30044
P16144,P35613
P16144,P48509
P16144,P55268
P16144,Q92832
P16144,Q969H8
P16144,Q96CW1
P16144,Q96JX3
P16144,Q96RT1
P16144,Q9UMD9
P16144-2,P21926
P16144-2,P23229-2
P16144-2,P48509
P16144-2,P55268
P16234,Q9BZM5
P16234,Q9NRA1
P16368,P50281
P16519,P20382
P16591,P21860
P16591,Q9UQE7
P16619,P27487
P16619,P32246
P16619,P51677
P16619,P51681
P16860,P27487
P16860,Q12884
P16871,P31785
P16871,Q969D9
P16871,Q9UJU6
P17181,P32881
P17181,P48551
P17181,P48551-2
P17181,Q12933
P17301,P21926
P17301,P25391
P17301,P27658
P17301,P27797
P17301,P30044
P17301,P35613
P17301,P43146
P17301,Q08722
P17301,Q15758
P17301,Q969H8
P17342,P23582
P17342-2,P23582
P17693,P43629
P17693,P61769
P17693,Q13241
P17693,Q8NHL6
P17787,P43681
P17787,Q15822
P17813,P17813-2
P17813,P27037
P17813,P36897
P17813,P37023
P17813,P50281
P17813,P61812
P17813,Q03167
P17813-2,P27037
P17813-2,P36897-3
P17813-2,P61812
P17813-2,Q03167
P17931,P20073
P17931,P31151
P17931,Q01196
P17931,Q14624
P17931,Q29983
P17931,Q92736
P17931,Q99972
P17936,P24593
P17948-2,Q8WTV0
P17948-2,Q8WZ75
P18428,Q03591
P18433,P21741
P18433,P98160
P18505,P18507
P18505,P47870-1
P18505,Q07021
P18505,Q8N1C3
P18507,P21918
P18507,P28472-2
P18507,P47870
P18507,P47870-1
P18507,Q8N1C3
P18509,P27487
P18509,Q12884
P18510,P27930
P18510-4,P27930
P18564,P24821
P19022,Q12913
P19022,Q4KMG0-2
P19235,P26951
P19320,P26010
P19320,P26583
P19320,P31151
P19320,P50897
P19320,P54577
P19320,Q13797
P19320,Q96CW1
P19320-2,P26010
P19320-2,Q13797
P19438,P28799
P19438,Q06643
P19438,Q07021
P19438,Q12933
P19438,Q15758
P19438,Q6RW13
P19438,Q93038-7
P19438,Q99972
P19827,P35030
P19827,P35368
P19827,P47893
P19827,P81605
P19827,Q15758-3
P19827,Q8NHC8
P19827,Q92736
P19827,Q9GZM6
P19875,P42830
P19883,Q12841
P19883-2,P58166
P20023,P27918
P20061,P25311
P20061,Q14508
P20061,Q8TDL5
P20061,Q9NP55
P20073,P29400
P20073,Q9BRK5
P20073,Q9P283
P20160,P24158
P20160,Q9NVJ2
P20333,P43003
P20333,Q12933
P20333,Q15758
P20366,P21452
P20366,P25103
P20366,P27487
P20366,P29371
P20366,P35372
P20366,Q12884
P20366,Q6UXH1
P20366,Q9UHF0
P20366-2,P21452
P20366-2,P29371
P20382,P29120
P20396,P34981
P20645,P20908
P20645,P26006
P20645,P32004
P20645,P35555
P20645,P35613
P20645,P43251
P20645,P48723
P20645,P50897
P20645,P52272
P20645,P54709
P20645,Q07021
P20645,Q08380
P20645,Q15758
P20645,Q32P28
P20645,Q53GQ0
P20645,Q5T2D2
P20645,Q5ZPR3
P20645,Q7L0J3
P20645,Q8WTV0
P20645,Q8WU66
P20645,Q9BRK5
P20645,Q9HAT2
P20645,Q9UHG3
P20645,Q9UHL4
P20645,Q9UJZ1
P20645,Q9Y4L1
P20701,P27797
P20701,P43629
P20701,P43630
P20701,Q15782
P20701,Q6IBU4
P20701,Q9HCN8
P20701,Q9NYU2
P20701-3,Q9UMF0
P20702,Q9BX67-2
P20742,P61812
P20742,Q96IY4
P20783,P23560
P20783,Q16288
P20783,Q16288-2
P20783,Q16620
P20783,Q16620-2
P20800,P23946
P20827,P29317
P20827,P36897
P20827,P54756
P20827,Q15375
P20827,Q6UWM0
P20849,P20916
P20849,Q14050
P20849,Q14055
P20849-2,P20916-2
P20908,P25940
P20908,P26006
P20908,P32004
P20908,P35555
P20908,P35613
P20908,P43251
P20908,P48723
P20908,P50897
P20908,P51884
P20908,P54709
P20908,Q08380
P20908,Q32P28
P20908,Q5T2D2
P20908,Q5ZPR3
P20908,Q8WTV0
P20908,Q8WU66
P20908,Q9HAT2
P20908,Q9UHG3
P20908,Q9UHL4
P20908,Q9Y4L1
P20916,P21757
P20916,P81605
P20916,Q14050
P20916,Q7Z5J8
P20916,Q9H0B8
P20916,Q9UKX5
P20963,Q6PIZ9
P21146,Q13635
P21453,P28221
P21462,P25098
P21583-2,P23946
P21583-2,Q9Y240
P21731,Q13162
P21757,P81605
P21757,Q7Z5J8
P21757,Q9H0B8
P21757,Q9UKX5
P21781,P21802
P21781,P21802-14
P21781,P21802-3
P21781,P22455-2
P21781,P22607
P21781,P22607-3
P21781,P98160
P21781,Q14512
P21802,P23352
P21802,P31371
P21802,P50281
P21802-14,P31371
P21802-14,P54764
P21802-14,P55075-2
P21809,P39060
P21810,P55001-2
P21817,P35613
P21817,Q13061
P21817,Q92736
P21860,P40189-2
P21860,P48740
P21860,P50052
P21860,P61769
P21860,Q01973
P21860,Q02297-3
P21860,Q02297-7
P21860,Q15165
P21860,Q15303-3
P21860,Q7RTW5
P21917,P35368
P21926,P23229
P21926,P23229-2
P21926,P26006
P21926,Q08722
P21926,Q13683
P21926,Q13683-13
P21926,Q14005
P21926,Q8NG11
P21926,Q99965
P21941,P56199
P22004,Q13705
P22004,Q6WN34-2
P22105,Q9UM47
P22146,P38911
P22146,P47037
P22301,P48551
P22301,Q13651
P22303,P25391
P22303,Q9Y215
P22303-4,P25391
P22303-4,Q9Y215-7
P22362,P32246
P22362,P51685
P22413,Q92896
P22413,Q9NT22
P22455-2,P31371
P22455-2,P54764
P22455-2,P55075-2
P22458,P48747
P22458,P98136
P22458,P98137
P22460,Q12959
P22460,Q96RT1
P22466,P47211
P22607,P31371
P22607,P55075
P22607,P55075-4
P22607-3,P31371
P22607-3,P54764
P22607-3,P55075-2
P22607-3,Q9GZV9
P22736,P26583
P22736,P37231
P22736,P61328
P22794,P51449
P22894,P42830
P22894,Q96GW7
P23141-3,Q13873
P23142,P35613
P23142,Q13361
P23142,Q86TH1
P23142,Q8N2S1
P23142,Q9UM47
P23229,P26010
P23229,P48509
P23229,P55268
P23229,Q8NG11
P23229,Q9UMD9
P23229-2,P35613-3
P23229-2,P48509
P23229-2,P55268
P23229-2,Q13443-2
P23229-2,Q9UMD9
P23280,P55899
P23435,Q6UW01
P23467,P78357
P23467,Q02763
P23467,Q12860
P23467,Q12860-2
P23467,Q16787
P23468,Q13332
P23468,Q92832
P23468,Q96CW1
P23468,Q96JX3
P23468,Q9UMD9
P23469-2,Q13332-7
P23470,Q02763
P23470,Q9UM73
P23471,Q12860
P23515,Q86UN2
P23560,Q16620
P23560,Q16620-2
P23560,Q99523
P23560,Q99523-2
P23582,P35318
P24043,P55268
P24043,Q9Y6N6
P24158,P25116
P24158,P49913
P24158,P55085
P24158,P59665
P24158,P59666
P24158,Q9NVJ2
P24158,Q9UGM3
P24394,P31785
P24394,P35225
P24394,P78552
P24394,Q08431
P24394,Q86Y38
P24394,Q8IVL1
P24394,Q96RT1
P24394,Q9HCK4
P24394,Q9Y4C0
P24394-2,P25942-2
P24821,Q12860
P24821,Q12860-2
P24821,Q13797
P24821,Q14112
P24821,Q9H3U7
P24821,Q9H4F8
P25024,P25025
P25024,P35348-3
P25024,P42830
P25024,P80162
P25025,P35348-3
P25025,P42830
P25025,P80162
P25098,P41597-2
P25098,P51681
P25098,Q13635
P25116,Q9H2X0
P25116,Q9UNN8
P25311,Q14508
P25311,Q8TDL5
P25311,Q9NP55
P25391,P55268
P25445,P48023
P25445,Q6Q788
P25445-2,Q08722-3
P25774,P28325
P25942,P30825
P25942,P35613
P25942,P54709
P25942,Q08722
P25942,Q12884
P25942,Q12913
P25942,Q12933
P25942,Q14627
P25942,Q9Y639
P25942-2,Q12933
P26006,P32004
P26006,P35555
P26006,P35613
P26006,P35613-3
P26006,P43251
P26006,P48509
P26006,P48723
P26006,P50897
P26006,P54709
P26006,Q08380
P26006,Q16363-3
P26006,Q32P28
P26006,Q5T2D2
P26006,Q5ZPR3
P26006,Q8WTV0
P26006,Q8WU66
P26006,Q9HAT2
P26006,Q9UHG3
P26006,Q9UHL4
P26006,Q9Y4L1
P26010,P38570
P26010,Q13477-3
P26010,Q13797
P26012,P50281
P26022,Q14624
P26441,P26992
P26441,P40189
P26441,P40189-2
P26441,P42702
P26447,P27797
P26447,P35070
P26447,Q08380
P26447,Q13162
P26447,Q32P28
P26447,Q8NCW5
P26447,Q99075
P26447,Q9Y4L1
P26583,P31151
P26583,P37231
P26583,P50897
P26583,P61328
P26583,P98160
P26583,Q07021
P26583,Q5SQT9
P26583,Q96CW1
P26715,P61769
P26715,Q13241
P26715,Q13241-3
P26717,Q13241
P26842,Q12933
P26927,Q04912
P26951,P32927
P26992,P40189
P26992,P40189-2
P26992,P42702
P26992,Q9UBD9
P27037,P36896
P27037,P36896-2
P27037,Q03167
P27037,Q13705
P27037,Q8N6C5
P27037,Q96RT1
P27487,P48061
P27487,P48061-2
P27487,P48061-3
P27487,P51671
P27487,Q07325
P27487,Q12884
P27658,P56199
P27658,Q6UY14
P27658,Q9H3D5
P27797,P30044
P27797,P30511
P27797,P30511-2
P27797,P35613
P27797,P43629
P27797,P43630
P27797,P48039
P27797,P48723
P27797,P61769
P27797,P78504
P27797,Q07954
P27797,Q08380
P27797,Q12805
P27797,Q13162
P27797,Q14162-4
P27797,Q15165
P27797,Q15782
P27797,Q31611
P27797,Q32P28
P27797,Q6IBU4
P27797,Q8NCW5
P27797,Q969H8
P27797,Q9BRK5
P27797,Q9BS26
P27797,Q9HCN8
P27797,Q9NPY3
P27797,Q9NYU2
P27797,Q9Y4L1
P27930,Q9NPH3
P28039,P35368
P28039,P35542
P28039,P49221
P28039,Q13219
P28039,Q14773
P28039,Q8N2S1
P28039,Q9GZM6
P28472-2,P34903
P28472-2,P47870-1
P28472-2,P48169
P28472-2,Q16445
P28472-2,Q99928
P28799,P34925
P28799,Q99523
P28799-2,P98160
P28827,Q13332-7
P28827,Q15262-2
P28908,P32971
P28908,Q99677
P28908,Q9HBW0
P28908,Q9UBV4
P29274,P43490
P29279,P61812
P29279,Q07954
P29279,Q15303
P29317,P33151
P29317,P52797
P29317,P52798-2
P29317,P52803
P29317,P54760
P29317,P98172
P29317,Q15375
P29320,P52803
P29320,Q10741
P29320,Q13201
P29320,Q15375
P29322,P52798-2
P29322,P52803
P29323,P34925
P29323,P98172
P29323-2,P52803
P29323-2,P98172
P29371,Q9UHF0
P29400,P53420
P29400,Q01955
P29459,P29460
P29459,P42701
P29459,Q99665
P29460,P42701
P29460,P42701-3
P29460,Q5VWK5
P29460,Q99665
P29460,Q9NPF7
P29622,Q92956
P29972,Q6UY14
P29972,Q9H3D5
P30044,P35613
P30044,P61769
P30044,Q969H8
P30203,Q13740
P30411,P30556
P30511-2,Q31611
P30511-2,Q8NHL6
P30518,P30556
P30533,P98155-2
P30533,Q07954
P30533,Q14114
P30533,Q99523
P30533,Q99523-2
P30533,Q9HCN8
P30533,Q9NZR2
P30542,P47900
P30542,Q13255
P30825,P35613
P30825,P54709
P30825,Q08722
P30825,Q12884
P30825,Q12913
P30825,Q14627
P30825,Q9Y639
P30872,P35346
P30872,P61278
P30874,P32745
P30874,P61278
P30926,P32297
P30926,Q15822
P30989,P30990
P31025,Q6UX01
P31025,Q9UQE7
P31151,P35555
P31151,P50897
P31151,P55072
P31151,P81605
P31151,Q92736
P31391,P61278
P31431,Q14767
P31785,P40933
P31785,P40933-2
P31785,P60568
P31785,Q01113-3
P31785,Q12913
P31785,Q13261
P31785,Q9HBE4
P32004,P35555
P32004,P35613
P32004,P43251
P32004,P48723
P32004,P50897
P32004,P54709
P32004,Q08380
P32004,Q32P28
P32004,Q5T2D2
P32004,Q5ZPR3
P32004,Q8WTV0
P32004,Q8WU66
P32004,Q9HAT2
P32004,Q9UHG3
P32004,Q9UHL4
P32004,Q9Y4L1
P32004-3,Q02246
P32004-3,Q12860-2
P32245,Q01726
P32246,P80098
P32246,Q16627
P32246,Q16627-2
P32246,Q9Y258
P32881,P48551
P32881,P48551-2
P32927,P35968
P32927,Q01344
P32927,Q01344-3
P32942,Q13349
P32942,Q9H2X3-4
P33151,P35968
P34130,Q16620
P34130,Q16620-2
P34130,Q16620-4
P34820,Q96NZ8
P34903,P47870
P34903,P47870-1
P34903,P48169
P34903,Q16445
P34903,Q99928
P34925,P54753
P34925,P56704
P34925,Q9H461
P34995,P41222
P34995,P43088-2
P34995,P43115-3
P35030,P47893
P35030,P49221
P35030,P55107
P35030,P81605
P35030,Q92736
P35030,Q9GZM6
P35070,Q15303-3
P35225,P78552
P35247,P55083
P35368,P35542
P35368,P47893
P35368,P49221
P35368,P81605
P35368,Q13219
P35368,Q14773
P35368,Q15758-3
P35368,Q8N2S1
P35368,Q8NHC8
P35368,Q92736
P35368,Q96CW1-2
P35368,Q9GZM6
P35368,Q9UBS5
P35414,Q9ULZ1
P35442,P49746
P35542,P49221
P35542,Q13219
P35542,Q14773
P35542,Q8N2S1
P35542,Q9GZM6
P35555,P35556
P35555,P35613
P35555,P43251
P35555,P48723
P35555,P50897
P35555,P54709
P35555,P55001-2
P35555,P61812
P35555,P98095
P35555,P98160
P35555,Q08380
P35555,Q08397
P35555,Q13361
P35555,Q15582
P35555,Q16270
P35555,Q32P28
P35555,Q5T2D2
P35555,Q5ZPR3
P35555,Q8WTV0
P35555,Q8WU66
P35555,Q99972
P35555,Q9HAT2
P35555,Q9UBX5
P35555,Q9UHG3
P35555,Q9UHL4
P35555,Q9Y4L1
P35556,P55001-2
P35556,Q13361
P35590,Q02763
P35590,Q12913
P35590,Q15238
P35613,P43251
P35613,P48723
P35613,P50897
P35613,P52272
P35613,P54709
P35613,P55072
P35613,Q07021
P35613,Q08380
P35613,Q08722
P35613,Q12884
P35613,Q12913
P35613,Q14627
P35613,Q15758
P35613,Q32P28
P35613,Q53GQ0
P35613,Q5T2D2
P35613,Q5ZPR3
P35613,Q7L0J3
P35613,Q8WTV0
P35613,Q8WU66
P35613,Q969H8
P35613,Q9BRK5
P35613,Q9BS26
P35613,Q9HAT2
P35613,Q9HCN8
P35613,Q9UHG3
P35613,Q9UHL4
P35613,Q9UJZ1
P35613,Q9UQE7
P35613,Q9Y4L1
P35613,Q9Y639
P35625,P50052
P35625,P50281
P35625,Q12805-3
P35625,Q13444
P35625,Q9UNA0
P35916,P49767
P35968,P39060
P35968,P41231
P35968,P49767
P35968,Q12913
P36894,Q13705
P36894,Q13873
P36896-2,P36897-3
P36896-2,Q13705
P36896-2,Q8NER5-2
P36897,P61812
P36897,Q93034
P36897-3,P61812
P36897-3,Q13705
P36897-3,Q8NER5-2
P36897-3,Q93034
P36897-3,Q99972
P36955,P41222
P36955,Q02817
P36955,Q9HD43
P36955,Q9UHF4
P36955,Q9Y6R7
P37023,Q03167
P37231,P61328
P37366,P38911
P37366,P47037
P37840,Q9BRK5
P38911,P47037
P39900,Q03405-3
P39905,P56159
P39905,P56159-2
P40189,P42702
P40189,Q03405
P40189,Q14626
P40189,Q16619
P40189,Q99650
P40189-2,P42702
P40189-2,Q03405-3
P40189-2,Q14626-2
P40189-2,Q16619-2
P40189-2,Q8NI17-2
P40222,Q12933
P40933,Q13261
P41143,P41145
P41146,Q13519
P41222,Q02817
P41222,Q9HD43
P41222,Q9UHF4
P41222,Q9Y6R7
P41597,P51671
P41597,P51681
P41597,P80075
P41597,P80098
P41597,P81534
P41597,Q99616
P41597,Q9Y258
P41597-2,P51671
P41597-2,P51681
P41597-2,P80075
P41597-2,P80098
P41597-2,Q99616
P42127,Q01726
P42261,P48058
P42261,P48058-2
P42261,P48995-2
P42261,Q12959
P42261,Q13002-2
P42261,Q9Y698
P42262,P42263
P42262,Q9Y3R0
P42701,Q5VWK5
P42701,Q99665
P42701-3,Q5VWK5
P42701-3,Q99665
P42701-3,Q9NPF7
P42702,Q16619
P42702,Q16619-2
P42702,Q8NI17-2
P43026,Q13705
P43026,Q13873
P43026,Q6WN34-2
P43080,Q02846
P43146,Q15758
P43146,Q9HB63
P43251,P48723
P43251,P50897
P43251,P54709
P43251,Q08380
P43251,Q32P28
P43251,Q5T2D2
P43251,Q5ZPR3
P43251,Q8WTV0
P43251,Q8WU66
P43251,Q9HAT2
P43251,Q9UHG3
P43251,Q9UHL4
P43251,Q9Y4L1
P43489,Q12933
P43629,P43630
P43629,Q15782
P43629,Q6IBU4
P43629,Q9HCN8
P43629,Q9NYU2
P43630,Q15782
P43630,Q6IBU4
P43630,Q9HCN8
P43630,Q9NYU2
P43681,Q6UXH1
P45452,P50281
P45452,P80098
P45452,Q07954
P45452,Q96GW7
P45452,Q96GW7-2
P45452,Q9UNA0
P46092,P80098
P46094,P47992
P46094,Q9UBD3
P46531,Q04721
P46531,Q4VCS5
P46531,Q9H3G5
P46531,Q9Y3R0
P47870-1,P48169
P47870-1,Q16445
P47870-1,Q8N1C3
P47870-1,Q99928
P47893,P81605
P47893,Q15758-3
P47893,Q8NHC8
P47893,Q92736
P47893,Q9GZM6
P47972,Q15818
P48023,Q16674
P48039,P49286
P48039,Q13585
P48058-2,Q9Y698
P48146,Q8N729
P48146,Q8NG41
P48169,Q16445
P48169,Q99928
P48304,Q6UXH1
P48509,Q13683
P48509,Q13683-13
P48551,Q13651
P48551,Q9GZX6
P48645,Q9HB89
P48723,P50897
P48723,P54709
P48723,Q08380
P48723,Q12805
P48723,Q32P28
P48723,Q5T2D2
P48723,Q5ZPR3
P48723,Q6IBU4
P48723,Q8WTV0
P48723,Q8WU66
P48723,Q9BRK5
P48723,Q9BS26
P48723,Q9HAT2
P48723,Q9HCN8
P48723,Q9UHG3
P48723,Q9UHL4
P48723,Q9Y4L1
P48740,P61769
P48740,Q15485
P48740,Q96CW1
P48740-3,Q15485-2
P48745,Q5M8T4
P48747,P98136
P48747,P98137
P48995,Q14573
P48995,Q9HCX4
P48995-2,Q13873
P48995-2,Q14571
P48995-2,Q14573
P49190,Q96A98
P49221,P55107
P49221,Q13219
P49221,Q14773
P49221,Q8N2S1
P49221,Q9GZM6
P49682,P51671
P49682,P80098
P49682,Q07325
P49682,Q99616
P49683,P81277
P49683,Q9Y3R0
P49767,Q13797
P49913,Q9Y337
P50281,P80098
P50281,Q15726
P50281,Q92832
P50897,P54709
P50897,Q07021
P50897,Q08380
P50897,Q32P28
P50897,Q5T2D2
P50897,Q5ZPR3
P50897,Q8WTV0
P50897,Q8WU66
P50897,Q9HAT2
P50897,Q9UHG3
P50897,Q9UHL4
P50897,Q9Y4L1
P51460,Q8WXD0
P51511,Q07954
P51671,P51677
P51671,P51681
P51677,P55774
P51677,P80098
P51677,Q07325
P51677,Q16627
P51677,Q16627-2
P51677,Q9Y258
P51681,P61073
P51681,P80098
P51681,Q16627
P51681,Q9Y258
P51684,P78556
P51684,P81534
P51693,Q8IWV2
P51693,Q9HCB6
P51858,Q07021
P51858,Q9UQE7
P51888,P98095
P52272,P54709
P52272,P55072
P52272,P81605
P52272,Q07021
P52272,Q13445
P52272,Q15758
P52272,Q32P28
P52272,Q53GQ0
P52272,Q7L0J3
P52272,Q7Z304
P52272,Q9BRK5
P52272,Q9BS26
P52272,Q9HCN8
P52272,Q9UBB9
P52272,Q9UHG3
P52272,Q9UJZ1
P52272,Q9UQE7
P52272,Q9Y4L1
P52272-2,Q14573
P52272-2,Q92743
P52272-2,Q9UL54
P52797,P54756
P52797,P54764
P52797,Q15375
P52797,Q6UWM0
P52798,P54756
P52798,P54764
P52798,Q15375
P52798,Q6UWM0
P52799,P54760
P52799,P54762
P52799,P54764
P52799,Q13255
P52803,P54762
P53420,P58335
P53420,P58335-4
P53420,P98095
P53420,Q01955
P53420,Q15582
P53420,Q92876
P53420,Q9NPY3
P54709,Q07021
P54709,Q08380
P54709,Q08722
P54709,Q12884
P54709,Q12913
P54709,Q14627
P54709,Q15758
P54709,Q32P28
P54709,Q53GQ0
P54709,Q5T2D2
P54709,Q5ZPR3
P54709,Q7L0J3
P54709,Q8WTV0
P54709,Q8WU66
P54709,Q9BRK5
P54709,Q9HAT2
P54709,Q9UHG3
P54709,Q9UHL4
P54709,Q9UJZ1
P54709,Q9Y4L1
P54709,Q9Y639
P54760,P98172
P54762,P98172
P54764,Q15768
P54826,Q15465
P55001,P98160
P55001,Q01955
P55055,Q9Y6N6
P55072,Q13162
P55072,Q15758
P55072,Q53GQ0
P55072,Q8IW75
P55072,Q92956
P55072,Q9BRK5
P55072,Q9BS26
P55072,Q9H228
P55072,Q9HCN8
P55072,Q9NYU2
P55072,Q9UJZ1
P55072,Q9UQE7
P55072,Q9Y4L1
P55081,Q9UBB9
P55103,Q13705
P55268,Q13753
P55268,Q16363
P55268,Q16787
P55268,Q9Y6N6
P56705,Q96HF1
P56975-4,Q15303-3
P58166,Q16671
P58166,Q92496
P58166,Q96A54
P59665,P59666
P59665,Q9UGM3
P59666,Q9UGM3
P60568,Q01196
P61769,Q13241
P61769,Q30201
P61769,Q8NHL6
P78357,Q12860-2
P78357,Q53GQ0
P78508,Q12959
P78508,Q14005-2
P78509-2,P98155-2
P78539,Q13410
P80511,Q15109
P80511,Q15109-2
P81605,Q13007
P81605,Q15758-3
P81605,Q32P28
P81605,Q7Z5J8
P81605,Q8NHC8
P81605,Q92736
P81605,Q92956
P81605,Q9GZM6
P81605,Q9H0B8
P81605,Q9UKX5
P98095,Q01955
P98095,Q01955-5
P98095,Q13753-2
P98095,Q14031
P98095,Q14031-2
P98095,Q96GW7
P98095,Q96GW7-2
P98136,P98137
P98160,Q01955-5
P98160,Q07021
P98160,Q14112
P98160,Q14512
P98160,Q14767
P98160,Q16610-2
P98160,Q5M8T4
P98160,Q5SQT9
P98160,Q6PCB0
P98160,Q96CW1
P98164,Q12959
P98164,Q86TE4
Q00604,Q9ULV1
Q01196,Q13219
Q01196,Q32P28
Q01196,Q53GQ0
Q01196,Q8NGV6
Q01196,Q96A54
Q01196,Q96RT1
Q01196,Q9HCN8
Q01196,Q9UBB9
Q01196,Q9UQE7
Q01196-3,Q13219
Q01196-3,Q8NGV6
Q01638,Q9NPH3
Q01638-3,Q13445
Q01718,Q8TCY5
Q01718,Q96G30
Q01955,Q9NPY3
Q01955-5,Q9NPY3
Q01974,Q14332
Q02246,Q08AM6
Q02246,Q12860
Q02246,Q12860-2
Q02383,Q7LCB3
Q02388,Q13751
Q02388,Q13753
Q02388,Q13753-2
Q02763,Q12913
Q02763,Q9Y264
Q02817,Q9HD43
Q02817,Q9UHF4
Q02817,Q9Y6R7
Q03001,Q14573
Q03001,Q4VCS5
Q03001,Q92743
Q03001,Q96CW1
Q03001,Q96RT1
Q03001,Q9NYQ7
Q03001,Q9UL54
Q03001,Q9UMD9
Q03001-3,Q9NYQ7
Q03001-3,Q9UMD9
Q04721,Q12860
Q04721,Q12860-2
Q04721,Q4VCS5
Q04721,Q8NES3
Q04721,Q8NES3-2
Q04721,Q99972
Q04721,Q9H3G5
Q04721,Q9NR61
Q04721,Q9NYJ7
Q04721,Q9UQE7
Q04721,Q9Y3R0
Q05586-2,Q12879-2
Q05586-2,Q13224
Q05586-2,Q14114-2
Q05586-2,Q15303-3
Q05586-2,Q8TCU5
Q07011,Q12933
Q07021,Q13445
Q07021,Q15758
Q07021,Q53GQ0
Q07021,Q5SQT9
Q07021,Q7L0J3
Q07021,Q7Z304
Q07021,Q86X29
Q07021,Q96CW1
Q07021,Q9BRK5
Q07021,Q9HBW1
Q07021,Q9UHG3
Q07021,Q9UJZ1
Q07021,Q9UQE7
Q07444,Q13241
Q07444,Q13241-3
Q07954,Q15485
Q07954,Q9UM47
Q08334,Q9GZX6
Q08380,Q13162
Q08380,Q32P28
Q08380,Q5T2D2
Q08380,Q5ZPR3
Q08380,Q86UN3
Q08380,Q8NCW5
Q08380,Q8WTV0
Q08380,Q8WU66
Q08380,Q9HAT2
Q08380,Q9HCU0
Q08380,Q9UHG3
Q08380,Q9UHL4
Q08380,Q9Y2I1
Q08380,Q9Y4L1
Q08431,Q86Y38
Q08431,Q8IVL1
Q08431,Q96RT1
Q08431,Q9HCK4
Q08431,Q9Y4C0
Q08722,Q12884
Q08722,Q12913
Q08722,Q14627
Q08722,Q9Y639
Q12805,Q6IBU4
Q12805,Q9BRK5
Q12805,Q9BS26
Q12805,Q9HCN8
Q12805,Q9Y4L1
Q12841,Q13705
Q12841,Q14242
Q12879,Q12959
Q12879-2,Q12959
Q12879-2,Q14005-2
Q12879-2,Q15303-3
Q12884,Q12913
Q12884,Q14627
Q12884,Q9Y639
Q12913,Q14627
Q12913,Q9Y639
Q12933,Q13261
Q12933,Q92956
Q12933,Q96CW1
Q12933,Q9NP84
Q12933,Q9NS68
Q12933,Q9NS68-2
Q12933,Q9UNE0
Q12933,Q9Y5U5-3
Q12933,Q9Y6Q6
Q12933-2,Q92956
Q12959,Q15303-3
Q12959,Q9C0C4
Q13002,Q13002-2
Q13002,Q16099
Q13002,Q16478
Q13002-2,Q16478
Q13003,Q16478
Q13007,Q6UXL0
Q13007,Q8N6P7
Q13007,Q9UHF4
Q13093,Q7LCB3
Q13093,Q9H293
Q13162,Q32P28
Q13162,Q8IW75
Q13162,Q8NCW5
Q13162,Q9NYU2
Q13162,Q9P0K1
Q13162,Q9UJZ1
Q13162,Q9Y4L1
Q13214,Q14563
Q13219,Q14773
Q13219,Q8N2S1
Q13219,Q8NGV6
Q13219,Q9GZM6
Q13224,Q14005-2
Q13224,Q8TCU5
Q13224,Q96CW1-2
Q13324,Q969E3
Q13324,Q96RP3
Q13443,Q13797
Q13443-2,Q13797
Q13444,Q13797
Q13444-10,Q13797
Q13445,Q7Z304
Q13478,Q9NPH3-2
Q13478,Q9NZH6
Q13635-4,Q14623
Q13639,Q13639-7
Q13683-13,Q99972
Q13705,Q8NER5-2
Q13705,Q96RT1
Q13740,Q6AZ88
Q13751,Q13753
Q13751,Q16787
Q13753,Q16787
Q13797,Q99965
Q14005,Q9UBB9
Q14005-2,Q14957
Q14031-2,Q9NPY3
Q14050,Q14055
Q14116,Q9HB29
Q14213,Q6UWB1
Q14213,Q8NEV9
Q14508,Q8TDL5
Q14508,Q9NP55
Q14512,Q9HCT0
Q14563,Q9UIW2
Q14573,Q92743
Q14573,Q96CW1
Q14573,Q99720
Q14573,Q99720-4
Q14573,Q9UL54
Q14623,Q9Y6C5
Q14627,Q9Y639
Q14773,Q8N2S1
Q14773,Q9GZM6
Q15165,Q6IBU4
Q15165,Q9BRK5
Q15165,Q9HCN8
Q15165,Q9Y4L1
Q15303,Q7Z443
Q15303,Q99075
Q15465,Q9Y6C5
Q15466,Q7LCB3
Q15466,Q9H2X0
Q15758,Q53GQ0
Q15758,Q7L0J3
Q15758,Q9BRK5
Q15758,Q9BS26
Q15758,Q9HCN8
Q15758,Q9UHG3
Q15758,Q9UJZ1
Q15758,Q9UQE7
Q15758,Q9Y4L1
Q15758-3,Q8NHC8
Q15758-3,Q92736
Q15758-3,Q9GZM6
Q15768,Q99572
Q15782,Q6IBU4
Q15782,Q9HCN8
Q15782,Q9NYU2
Q16363,Q9Y6N6
Q16445,Q99928
Q16552,Q8NAC3
Q16552,Q96F46
Q16552,Q96PD4
Q16671,Q92496
Q16671,Q96A54
Q29980,Q9UBK5
Q29983,Q9UBK5
Q29983,Q9UBK5-2
Q2L6B3,Q4ZG40
Q2MKA7,Q9BXB1
Q2MKA7,Q9ULT6
Q32P28,Q5T2D2
Q32P28,Q5ZPR3
Q32P28,Q8NCW5
Q32P28,Q8WTV0
Q32P28,Q8WU66
Q32P28,Q96A54
Q32P28,Q96RT1
Q32P28,Q9HAT2
Q32P28,Q9HCN8
Q32P28,Q9UHG3
Q32P28,Q9UHL4
Q32P28,Q9Y4L1
Q8IZJ0,Q8IU57-4
Q495A1,Q92692
Q4VCS5,Q9H3G5
Q4VCS5,Q9UBH6
Q4VCS5,Q9UJZ1
Q4VCS5,Q9Y3R0
Q53GQ0,Q7L0J3
Q53GQ0,Q99720
Q53GQ0,Q9BRK5
Q53GQ0,Q9BS26
Q53GQ0,Q9HCN8
Q53GQ0,Q9UBB9
Q53GQ0,Q9UHG3
Q53GQ0,Q9UJZ1
Q53GQ0,Q9UQE7
Q53GQ0,Q9Y4L1
Q53XC6,Q9UHI8
Q53XC6,Q9Y6N6
Q5SQT9,Q96CW1
Q5T2D2,Q5ZPR3
Q5T2D2,Q8WTV0
Q5T2D2,Q8WU66
Q5T2D2,Q9HAT2
Q5T2D2,Q9UHG3
Q5T2D2,Q9UHL4
Q5T2D2,Q9Y4L1
Q5VWK5,Q9NPF7
Q5ZPR3,Q8WTV0
Q5ZPR3,Q8WU66
Q5ZPR3,Q9HAT2
Q5ZPR3,Q9UHG3
Q5ZPR3,Q9UHL4
Q5ZPR3,Q9Y4L1
Q6H3X3,Q9BZM6
Q6IBU4,Q9BRK5
Q6IBU4,Q9BS26
Q6IBU4,Q9HCN8
Q6IBU4,Q9NYU2
Q6IBU4,Q9Y4L1
Q6UW01,Q8IUK8
Q6UW32,Q9H665
Q6UWB1,Q8NEV9
Q6UWF7,Q8N6U8
Q6UWQ7,Q9H665
Q6UXB1,Q9H665
Q6UXL0,Q8N6P7
Q6UXL0,Q9NYY1
Q6UXL0,Q9UHD0
Q6UXL0,Q9UHF4
Q6UY14,Q9HB63
Q6WN34,Q9GZX9
Q7L0J3,Q9BRK5
Q7L0J3,Q9UHG3
Q7L0J3,Q9UJZ1
Q7LCB3,Q9H293
Q7Z5J8,Q9H0B8
Q7Z5J8,Q9UKX5
Q7Z6A9,Q92956
Q86UN3,Q8NFJ5
Q86VR8,Q9UK85
Q86Y38,Q8IVL1
Q86Y38,Q96RT1
Q86Y38,Q9HCK4
Q86Y38,Q9Y4C0
Q86YW7,Q96T91
Q86Z14,Q9NSA1
Q8IU54,Q8IU57
Q8IU54,Q8IU57-4
Q8IVL1,Q96RT1
Q8IVL1,Q9HCK4
Q8IVL1,Q9Y4C0
Q8IWL1,Q8IWL2
Q8IWY4,Q8IX30
Q8N2Q7-2,Q9ULB1-2
Q8N2S1,Q9GZM6
Q8N4W3,Q99062
Q8N6P7,Q9GZX6
Q8NAC3,Q96F46
Q8NAC3,Q96PD4
Q8NCW5,Q9Y4L1
Q8NER1,Q9HBA0-2
Q8NFM7,Q9NRM6
Q8NFY4,Q9UIW2
Q8NFY4-2,Q9UIW2
Q8NHC8,Q92736
Q8NHC8,Q9GZM6
Q8NHC8,Q9UBS5
Q8TDL5,Q9NP55
Q8WU66,Q9HAT2
Q8WU66,Q9UHG3
Q8WU66,Q9UHL4
Q8WU66,Q9Y4L1
Q8WZ75,Q9Y6N7
Q92496,Q96A54
Q92736,Q9GZM6
Q92743,Q96CW1
Q92743,Q9UL54
Q92752,Q96GW7
Q92752,Q96GW7-2
Q92832,Q96CW1
Q92832,Q96JX3
Q92832,Q9UMD9
Q92896,Q9NT22
Q92896,Q9NYU2
Q969J5,Q9GZX6
Q969J5-2,Q9GZX6
Q969J5-3,Q9GZX6
Q96A54,Q96RT1
Q96A54,Q9HCN8
Q96CW1,Q96JX3
Q96CW1,Q9HBG7
Q96CW1,Q9UL54
Q96CW1,Q9UMD9
Q96F46,Q96PD4
Q96F46,Q9H293
Q96F46,Q9NRM6
Q96FE5,Q9BZR6
Q96FE5,Q9H3D5
Q96FE5,Q9NS68
Q96FE5-2,Q9BZR6
Q96IY4,Q9UJW2
Q96JX3,Q9UMD9
Q96PB7-3,Q99972
Q96RD7,Q99572-3
Q96RT1,Q9HCK4
Q96RT1,Q9HCN8
Q96RT1,Q9Y4C0
Q99677,Q9HBW0
Q99677,Q9UBV4
Q99944,Q9BS26
Q99985,Q9Y4D7
Q9BRK5,Q9BS26
Q9BRK5,Q9HCN8
Q9BRK5,Q9UHG3
Q9BRK5,Q9UJZ1
Q9BRK5,Q9UQE7
Q9BRK5,Q9Y4L1
Q9BS26,Q9HCN8
Q9BS26,Q9UQE7
Q9BS26,Q9Y4L1
Q9BWS9-3,Q9NY15
Q9BXB1,Q9ULT6
Q9BZM4,Q9UBK5
Q9BZM4,Q9UBK5-2
Q9BZM5,Q9UBK5
Q9BZM5,Q9UBK5-2
Q9BZM6,Q9UBK5
Q9BZM6,Q9UBK5-2
Q9BZR6,Q9NS68
Q9GZM6,Q9UBS5
Q9GZV9,Q9UEF7
Q9H0B8,Q9UKX5
Q9H293,Q9NRM6
Q9H293-2,Q9NRM6-2
Q9H3G5,Q9Y3R0
Q9HAT2,Q9UHG3
Q9HAT2,Q9UHL4
Q9HAT2,Q9Y4L1
Q9HBW0,Q9UBV4
Q9HBW1,Q9Y2I2
Q9HCK4,Q9Y4C0
Q9HCK4,Q9Y6N7
Q9HCK4,Q9Y6N7-4
Q9HCN8,Q9NYU2
Q9HCN8,Q9UQE7
Q9HCN8,Q9Y4L1
Q9HD43,Q9UHF4
Q9HD43,Q9Y6R7
Q9NPH9,Q9UHF4
Q9NQ38,Q9P0G3
Q9NQ38,Q9Y337
Q9NR61,Q9NYJ7
Q9NR96,Q9NYU2
Q9NRM6,Q9UHF5
Q9NS61-2,Q9NS61-3
Q9NS61-3,Q9NZI2
Q9NYU2,Q9UGT4
Q9NYU2,Q9UJZ1
Q9NYY1,Q9UHF4
Q9UBB9,Q9UQE7
Q9UBN6,Q9Y4L1
Q9UHF4,Q9Y6R7
Q9UHG3,Q9UHL4
Q9UHG3,Q9UJZ1
Q9UHG3,Q9Y4L1
Q9UHL4,Q9Y4L1
Q9ULW2,Q9Y5L2
Q9UNG2,Q9Y5U5-3
Q9UQE7,Q9Y4L1
