HEBP1_GRM7,0.0
DCN_EGFR,0.00028024744698954045
DCN_ERBB4,0.00017690977220872808
GRN_TNFRSF1A,0.08877252347326821
GRN_SORT1,0.016777241011974125
GRN_TNFRSF1B,0.07024092783697064
GRN_CLEC4M,0.03410579362667258
GRN_EGFR,0.004558178414908547
UTS2_UTS2R,0.0
ICAM3_CLEC4M,0.10862862063416567
ICAM3_ITGB2,0.008523705992234815
ICAM3_CD209,0.1559148975275185
ICAM3_ITGAD,0.0
CEACAM1_CD209,0.018859716917024757
CEACAM1_SELE,0.008985221430627771
CEACAM1_EGFR,0.0016356434600978784
FGF4_FGFR2,9.51055093731347e-05
FGF4_FGFR3,1.2002506842906276e-05
NTN1_UNC5D,0.0
NTN1_DCC,0.0
NTN1_UNC5A,0.00028674548527841655
NTN1_ADORA2B,5.5047663602147296e-05
NTN1_UNC5C,0.000504452675858797
NTN1_NEO1,0.0
SCT_ADCYAP1R1,0.0
SCT_VIPR1,0.0
SCT_ADRB3,0.0
SCT_GPR84,0.0
FGF20_FGFR3,4.178185321588777e-05
FGF20_FGFR2,0.00031010094330492576
DLL3_NOTCH2,0.0013526063662871826
DLL3_NOTCH3,0.0
VCL_ITGB5,0.0018057497949327305
EFNA2_EPHA7,6.734637955413412e-05
EFNA2_EPHA10,0.0023668181933578485
EFNA2_EPHA3,6.679670584496812e-05
EFNA2_EPHA6,0.0
EFNA2_EPHA4,0.001026941924496244
EFNA2_EPHA2,0.0015831409431066549
MADCAM1_ITGA4,0.000194087061066749
MADCAM1_ITGB7,0.0003031563620066028
TCN2_CNR1,0.0
LGALS1_PTPRC,0.014810673597451557
NID2_COL13A1,0.0006918931589434313
RSPO4_LGR4,0.0
RSPO4_LGR5,0.0
OXT_AVPR1A,0.0003097709655886538
OXT_OXTR,0.00022565067376047944
TIMP1_FGFR2,0.024953157761336775
MMP2_PECAM1,0.005239585172098508
MMP2_SDC2,7.277938355396768e-05
CCL17_CCR4,0.0
CCL17_CCR8,4.21782424404013e-05
DKK4_LRP6,0.00018107872871025229
LHB_LHCGR,0.0
LHB_VIPR1,3.299224339280902e-05
LHB_ADCYAP1R1,0.0
LHB_GPR84,0.0
LHB_ADRB3,3.161819231634753e-05
AMH_EGFR,1.1901785548497165e-05
AMH_ACVR1,3.189474466516668e-05
AMH_AMHR2,0.0
COMP_CD36,0.0016534012085264015
COMP_ITGB3,0.000634149676267842
LAMB1_ITGA7,0.0006731557226192162
LAMB1_ITGA2,0.013428686376174474
LAMB1_ITGA3,0.008155237447361895
WNT16_FZD6,0.005145340249394054
PDAP1_PDGFRB,0.009997653188954087
C5_GRM7,0.0
C5_C5AR2,0.0010704027369355061
C5_C5AR1,0.00476208404610022
WNT3_RYK,0.0005434652660261296
WNT3_ROR2,0.0
WNT3_FZD5,0.00040733257638161593
WNT3_LRP6,0.0008222898655898856
CCL2_CCR4,0.0
CCL2_CCR1,0.0
CCL2_CCR10,0.00011126662927711126
CCL2_CCR3,0.0
COL1A1_CD93,0.011955082538795533
COL1A1_DDR2,0.0016319154882015578
COL1A1_ITGA11,0.0004437499063395152
COL1A1_ITGA2,0.008905785727653742
COL1A1_CD36,0.011209881783693925
COL1A1_DDR1,0.0018369999450057882
EFNB3_RHBDL2,0.0014953252563312004
EFNB3_EPHA4,0.0008252200817366062
EFNB3_EPHB2,0.0004851279719658417
EFNB3_EPHB6,0.0
VTN_ITGB5,3.907689697833067e-05
VTN_ITGA8,8.709115509101637e-05
VTN_CD47,0.0008348993421085686
VTN_KDR,0.0008822073895819651
VTN_ITGA2B,3.581833404439842e-05
VTN_TNFRSF11B,5.6211069820329146e-05
VTN_ITGB8,0.00037147199961361823
VTN_ITGB6,0.0
VTN_ITGB3,0.00033689046535550734
VTN_ITGA3,0.00041761284469418134
CXCL6_CXCR2,0.00018382944118301435
CXCL6_GRM7,0.0
IL2_IL2RG,0.003538025580480545
IL2_CD53,0.0006562545130827477
APOC3_LDLR,0.00041344951685616456
APOC3_SDC2,8.353265944000569e-06
APOC3_LRP1,2.400379196854663e-05
KITLG_KIT,0.0001231792355697524
CLEC2B_KLRF1,0.004769562008477159
IL23A_IL12RB1,0.009903720196234629
IL23A_IL12RB2,0.0004363611285277446
FGF6_FGFR2,0.0
FGF6_FGFR3,0.0
IL26_IL10RB,0.0030396508290528937
IL26_IL20RA,0.0
IFNG_IFNGR2,0.14606832598433309
IFNG_IFNGR1,0.16647504854396136
GNB3_GABBR2,5.61774371726839e-05
ULBP1_KLRK1,0.003834597238647454
LAMA4_ITGA3,0.05100411435447907
HBEGF_CD82,0.007173954848322146
HBEGF_ERBB2,0.00048608811735265426
HBEGF_EGFR,0.00047472624347416305
HBEGF_ERBB4,0.00029284117890473685
HBEGF_CD9,0.011297867213673448
LTF_LRP1,8.35612619428964e-05
TFPI_LRP1,0.0020541390099433434
TFPI_F3,0.016575530615202012
WNT6_FZD4,0.001003684400332715
ANGPTL1_TEK,0.0027125364694567727
TGFB3_ITGB6,0.0
TGFB3_ITGB3,0.004507108581218809
TGFB3_TGFBR2,0.013996965666800696
TGFB3_ITGB5,0.0005125593446549451
IFNA7_IFNAR2,0.000905004438013373
IFNA7_IFNAR1,0.0011119189243062595
IAPP_RAMP1,0.007810463384009813
IAPP_CALCR,0.007024233847815496
IAPP_GPR84,0.0
IAPP_ADRB3,0.006467673647607601
IAPP_ADCYAP1R1,0.0
IAPP_VIPR1,0.006657625266292057
TNFSF10_TNFRSF11B,0.008914840086490025
TNFSF10_TNFRSF10B,0.1430745260115998
TNFSF10_TNFRSF10D,0.06363809753577612
TNFSF10_RIPK1,0.06115605137710861
EREG_ERBB3,0.03438928576478706
EREG_ERBB4,0.008486136762759357
EREG_EGFR,0.012931730239933022
EREG_ERBB2,0.012996613890065914
EFNB2_EPHB2,0.0014794346218611934
EFNB2_EPHA4,0.0025087268827561075
EFNB2_EPHA6,0.0
EFNB2_EPHA3,0.0001577698894398407
EFNB2_EPHB6,0.0
EFNB2_PECAM1,0.011550586192781083
EFNB2_RHBDL2,0.004566676705834332
EFNB2_GRM1,0.00015868204844642992
BMP4_BMPR1A,8.238966061282799e-05
BMP4_LRP6,0.0016501139717244682
PSPN_GFRA3,0.0
PSPN_SDC3,0.0004431411518548117
PSPN_GFRA4,0.0
TNFSF9_TNFRSF9,0.06853142987653602
C3_CD46,0.007772956757245255
C3_ITGAX,0.0021377781991481688
C3_CR1,0.002144647117290173
C3_ITGAM,0.0002965941949838607
C3_C5AR2,0.0005859607400576127
C3_LRP1,0.0004282241821673108
C3_GRM7,0.0
C3_ITGB2,0.0002905040600637877
VASP_CXCR2,0.01556355877591729
DLL4_NOTCH3,0.0
DLL4_NOTCH2,0.000420759731654633
TPH1_HTR7,0.0
TPH1_HTR1A,0.0
TPH1_HTR1D,0.0006238060545274731
TPH1_HTR2C,0.0
TPH1_HTR2B,0.000450485446579863
TPH1_HTR4,0.0
TPH1_HTR6,0.0
APOE_SORL1,0.00045556697052996653
APOE_SCARB1,0.008674295026530662
APOE_LRP4,0.0
APOE_LDLR,0.024299312705654323
APOE_LRP8,0.0020502929852573115
APOE_LRP6,0.010984355302037499
APOE_SDC2,0.00048633091449510067
APOE_LRP1,0.001385956887907233
NCAN_SDC3,0.0012367679394262219
BST2_LILRA4,0.004016663401199381
F12_CD93,0.002293573485282155
F12_GP1BA,0.0004876291315028439
CRP_CR1,0.00024315224251145274
TSHB_VIPR1,3.768182104781985e-05
TSHB_ADCYAP1R1,0.0
TSHB_GPR84,0.0
TSHB_ADRB3,3.5663128786394534e-05
DSC1_DSG3,0.042513064624286716
LACRT_SDC1,8.108321328820717e-06
GDF11_BMPR1A,0.0006401764676108952
GDF11_ACVR1B,0.0029275081750754824
GDF11_ACVR2B,0.005060645279833453
IL1RN_IL1R1,0.007161911478149145
IL36A_IL36RN,0.0
CCL21_GRM7,0.0
CCL21_CCR7,0.0002196255987374088
MMP7_CD151,0.0018518553168577966
MMP7_SDC1,3.2916595356081554e-05
MMP7_ERBB4,6.391671925281393e-05
THBS1_ITGA4,0.0004321562334189013
THBS1_LRP1,0.0006301482196989828
THBS1_SDC1,0.000218031946818912
THBS1_ITGB3,0.004249557111178977
THBS1_CD36,0.011140237870669745
THBS1_SCARB1,0.0035140575823408406
THBS1_ITGA2B,0.0004500883347869176
THBS1_TNFRSF11B,0.0006944229742929895
THBS1_CD47,0.010352135139294994
THBS1_ITGA3,0.005306244058252324
MSTN_ACVR2B,0.0001468369171539645
VWF_LRP1,0.0004487739507070356
VWF_ITGB3,0.002917087732311379
VWF_GP1BA,0.0017104006958982042
VWF_ITGA2B,0.00030786259284974613
VWF_TNFRSF11B,0.0004673771896629602
VWF_SELP,0.0030084833954783993
VWF_SCARA5,0.00045124691852236183
VWF_STAB2,0.004060197250902701
VWF_SIRPA,0.00573419666998282
CDH1_KLRG1,0.07169963766467198
CDH1_ITGAE,0.06717869895098588
CDH1_PTPRM,0.18106465481732542
CDH1_ERBB3,0.03588277827717034
CDH1_ITGB7,0.013658781335315277
CDH1_EGFR,0.013494458241534366
TIMP2_ITGA3,0.0096020838452021
IL1A_IL1R1,0.0036910608901406885
IL1B_IL1R1,0.004941958399456459
IL1B_SIGIRR,0.0035769013451431844
IL7_IL7R,0.0008870096073844207
IL7_IL2RG,0.005242449884478545
CKLF_CCR4,0.0
CKLF_LRP6,0.08067830081536992
FARP2_PLXNA1,0.008500697546355074
FARP2_PLXNA3,0.0005964908173269842
LAMC2_CD151,0.1954413081784363
LAMC2_ITGA2,0.14424556952129755
LAMC2_COL17A1,0.025737291875831302
LAMC2_ITGA3,0.08707034457421763
NID1_ITGA3,0.0035647562529415393
NID1_ITGB3,0.0028492465624418086
NID1_COL13A1,0.0006203957144774289
NMU_GRM7,0.0
NMU_NMUR1,0.0010843543857530183
NMU_NMUR2,0.0
FGF2_SDC3,0.029257740525678932
FGF2_SDC2,0.0012036216452989631
FGF2_SDC1,0.00120692980566393
FGF2_FGFR3,0.003629161999582454
FGF2_FGFR2,0.028871536693647577
FGF2_GPC4,0.0
FGF10_FGFR2,0.000499003396428125
OLFM2_ROBO2,0.0005587594584850853
F13A1_ITGA9,0.0029020781623748182
F13A1_ITGA4,0.0003312310936116756
KNG1_ITGAM,0.0006895264689188033
KNG1_SDC2,0.0003426479241212673
KNG1_CD93,0.018178369144879986
KNG1_GP1BA,0.003897096062393281
KNG1_GRM7,0.0
KNG1_ITGB2,0.0006829852902313833
KNG1_BDKRB1,0.0
KNG1_RXFP4,0.00036368246428182327
EGF_FSHR,0.0
EGF_AXL,0.09380726773285097
EGF_EGFR,0.006290347040587613
EGF_ERBB4,0.004155354472105362
EGF_ERBB2,0.006308709347550275
EGF_RHBDL2,0.05854155564204019
EGF_LDLR,0.09864114541489938
EGF_ERBB3,0.016747280548171938
WNT2_FZD4,0.0016980114808623679
WNT2_FZD2,0.001010049218185429
WNT2_LRP6,0.0008129407911205038
WNT2_FZD5,0.00040342612827498327
WNT2_FZD3,0.0016459613746210029
WNT2_FZD9,0.0
NPTX2_NPTXR,0.0005543914475236403
GAL_GALR1,0.0
GAL_GALR3,0.0
GAL_GRM7,0.0
ADAM2_ITGB7,0.00020320057109736388
ADAM2_CD9,0.004166735327908638
ADAM2_ITGA9,0.0011401598250325186
ADAM28_ITGA4,0.0015306680589657665
INHBE_ACVR2B,0.0196545725720385
DHH_PTCH1,0.00022665205161754619
DHH_BOC,0.00012699488887051483
DHH_CDON,0.0004195682381449768
DHH_PTCH2,1.9760498708122295e-05
NPFF_NPFFR1,0.0
NPFF_NPFFR2,0.002554711910642925
FGF7_FGFR2,0.003503679354635555
FGF7_FGFR3,0.00045070111794501
MFGE8_PDGFRB,0.0014379542659025907
MFGE8_ITGB3,0.014743182152421454
CGN_F11R,0.004095558358161965
CGN_TGFBR2,0.00415116082460683
REN_ATP6AP2,0.00037896099690057784
GDF7_BMPR1A,4.3794445867917875e-06
CALM2_SELL,0.07564704624278494
CALM2_EGFR,0.02224832235313217
CALM2_GRM7,0.0
CALM2_TRPC5,0.0
CALM2_CACNA1C,0.09924387034645188
CALM2_KCNQ3,0.00772814656182276
CALM2_MYLK,0.13649906045593227
CALM2_PDE1A,0.11205032413587163
CALM2_PDE1C,0.0
CALM2_GP6,0.10035432553191265
CALM2_AQP6,0.2212895347631036
CALM2_SCN10A,0.0
CALM2_AQP1,0.3515173035721114
CALM2_SCN4A,0.05256769331420463
NXPH2_NRXN1,1.9739501496777813e-05
UCN2_IL10RB,0.0007072371543772901
UCN2_CRHR2,1.579644094666446e-05
UCN2_CRHR1,0.0
SFRP2_FZD5,0.0004477134431203835
IL9_IL2RG,8.617657402465527e-05
IL9_IL9R,3.9544737558885416e-06
FGF18_FGFR3,8.762575917213511e-05
FGF18_FGFR2,0.0006812256203218075
LIN7C_HTR2C,0.0
LIN7C_KCNJ4,0.0
SERPING1_SELP,0.00428918206532245
SERPING1_SELE,0.0032770836909266736
GPHA2_EPHA6,0.0
IL18_IL18R1,0.0025298241934812262
IL18_IL18BP,0.08023728365085632
IL18_IL18RAP,0.0
PTH_LRP6,0.00019768020764294179
PTH_ADRB3,7.942608107291762e-06
PTH_GPR84,0.0
PTH_ADCYAP1R1,0.0
PTH_VIPR1,8.48035287252056e-06
BMP3_ACVR2B,0.021265818186103094
BMP3_BMPR1A,0.0024193736076187095
WNT3A_LGR5,0.0
WNT3A_LRP1,2.3572064366116445e-05
WNT3A_LRP6,0.00017431719123854887
WNT3A_FZD6,0.0003126029531393801
WNT3A_FZD2,0.00022059804886650976
WNT3A_FZD5,8.70026627615071e-05
WNT3A_RYK,0.00011175492810097175
WNT3A_ATP6AP2,0.0003787510235082603
WNT3A_FZD3,0.00036172444187001227
APP_FPR2,0.0006822596103307529
APP_RPSA,0.05374774823753004
APP_TNFRSF21,0.015166089644076848
APP_AGER,0.0015253591416453953
APP_PTGER2,0.0
APP_APLP2,0.051436822817139544
APP_LRP6,0.015394132388276766
APP_SORL1,0.0006449112289196682
APP_LRP1,0.001958878386601437
APP_NOTCH2,0.012518180278696988
APP_GRM7,0.0
APP_DCC,0.0
WNT7A_LDLR,0.005183572022794835
WNT7A_LRP6,0.002353973199329718
WNT7A_FZD5,0.001160659333410956
WNT7A_FZD10,0.00010167445575427651
WNT7A_FZD9,0.0
DKK2_LRP6,0.0018226731808253093
WIF1_RYK,0.0002307640198460797
CXCL13_CXCR5,0.00231577442531568
CXCL13_CCR10,0.003433175838491708
CXCL13_GRM7,0.0
GDF6_BMPR1A,7.654027697094066e-05
NODAL_ACVR1B,0.00039252797167806087
NODAL_ACVR2B,0.000669333708470057
NODAL_SMAD3,0.0011223326562960177
NODAL_ACVR1C,0.0001603326121299235
SST_SSTR2,0.0003629507231258426
SST_SSTR3,0.0
SST_GRM7,0.0
CALM3_AR,0.0
CALM3_SCN4A,0.035869790909603766
CALM3_AQP1,0.22225208484183295
CALM3_AQP6,0.1656148012688095
CALM3_GP6,0.0761640562194125
CALM3_SCN10A,0.0
CALM3_PDE1C,0.0
CALM3_PDE1A,0.07691488759406746
CALM3_KCNQ3,0.005528978054107098
CALM3_MYLK,0.09621961057911987
CALM3_CACNA1C,0.07351317449229891
CALM3_TRPC5,0.0
CALM3_SELL,0.05241102185129817
CALM3_GRM7,0.0
CALM3_EGFR,0.01617980791502384
TFF1_FCRL4,1.1925133816303843e-05
S100A1_AGER,0.0007136071761547676
S100A1_TRPM3,0.0017753864315535226
S100A1_RYR1,0.0009560896854552398
S100A1_TLR4,0.010175552025289093
SCGB3A1_NOTCH3,0.0
SCGB3A1_MARCO,0.00010192754896547865
HCRT_HCRTR1,4.43551043770985e-05
HCRT_NPFFR2,0.0008906175951112663
SHANK1_SSTR2,0.0002600221143488164
WNT1_FZD9,0.0
WNT1_FZD3,0.011264177431574124
WNT1_ROR2,0.0
WNT1_RYK,0.003797234609982499
WNT1_FZD5,0.002805168634600495
WNT1_LRP6,0.005679459666925211
NTN3_NEO1,0.0
NTN3_CDON,0.000248981550785765
FGF19_KLB,0.0011162546987859407
FGF19_FGFR2,0.0007745357436543699
FGF19_FGFR3,9.920997265517269e-05
DRAXIN_DCC,0.0
ARPC5_LDLR,0.252956197336642
TGFA_ERBB3,0.0009016067539813365
TGFA_ERBB2,0.0003461606134834898
TGFA_EGFR,0.0003409650583589516
TGFA_ERBB4,0.00021649858078418965
COL6A3_ITGA2,0.020331963529972998
CXCL3_CXCR2,0.000867998834692057
CXCL3_GRM7,0.0
CXCL5_GRM7,0.0
CXCL5_CXCR2,0.001381212018460984
PPBP_CXCR2,0.000378178144099123
PPBP_GRM7,0.0
PF4_GRM7,0.0
PF4_FGFR2,0.00020207810172317745
PF4_LRP1,2.4113000160138078e-05
PF4_LDLR,0.00042345844590237544
PF4_THBD,0.0005045301436702282
PF4_SDC2,8.467788597675122e-06
PF4_PROCR,0.0003267129810323847
UCN_CRHR2,0.00010276535507774814
UCN_CRHR1,0.0
LIPH_LPAR1,0.0
LIPH_LPAR2,0.0001432566529841907
CAMP_EGFR,1.335657223078634e-05
CAMP_FPR2,4.217465019446918e-06
IL15_IL15RA,0.06519372954119387
IL15_IL2RG,0.05003198191004025
SCGB3A2_MARCO,1.172960237243389e-05
IL3_CSF2RB,0.0009379174982029935
IL3_IL3RA,0.0009582533598743117
COL1A2_ITGA2B,0.0004891160963334878
COL1A2_ITGA2,0.009475229000491987
COL1A2_CD93,0.012890183350898487
COL1A2_ITGA11,0.00047168588087739886
COL1A2_ITGB3,0.004620440783180972
COL1A2_CD36,0.012075361158795568
DEFB1_CCR6,0.0002909772076578505
ARF6_SMAP1,0.12317976596972145
JAM3_ITGB2,0.00036216701183095266
HSP90B1_LRP1,0.014104814845557895
HSP90B1_ERBB2,0.01655767501527444
HSP90B1_TLR4,0.16313409955764369
HSP90B1_ASGR1,0.08412162834896236
HSP90B1_TLR9,0.0
COL6A2_ITGA2,0.00495060066109418
ANGPTL4_GPIHBP1,0.0003347223503600563
ANGPTL4_TIE1,0.006923680310150716
FADD_FAS,0.001247720677128367
DEFB4A_TLR4,0.0
CD14_TLR4,0.0052245600402370685
CD14_TLR6,0.0033701476982490393
CD14_RIPK1,0.0038662913169616874
CD14_ITGB2,0.0003293162296382374
CD14_ITGA4,0.0003359529997397735
CD14_TLR9,0.0
COL3A1_DDR2,0.0014951068771237833
COL3A1_DDR1,0.0016805691877942557
COL3A1_ITGA2,0.00812285483022128
NLGN2_MDGA1,0.00014558805280046026
NLGN2_NRXN1,7.088662501739165e-05
NLGN2_NRXN2,0.0
BMP1_BMPR1A,0.00029278724871125295
FGB_ITGA2B,0.004530051040354658
FGB_TLR4,0.06569894229402795
FGB_ITGAM,0.004481639232263747
FGB_ITGB3,0.042946385788981765
FGB_ITGB2,0.004452449773095535
FGA_ITGB2,6.517880665997863e-05
FGA_ITGAD,0.0
FGA_ITGB3,0.0006593105258662229
FGA_ITGAM,6.698534915417704e-05
FGA_TLR4,0.0010155498143148555
FGA_ITGA2B,6.998156734490111e-05
FGA_ITGAX,0.00047667837862034067
FGA_CDH5,0.002406812265450966
CXCL11_GRM7,0.0
CXCL11_CCR3,0.0
CXCL11_DPP4,0.00042632132960072596
PRND_RPSA,0.3400328842917333
NPTX1_NPTXR,0.001271633261207842
CCL19_CCR10,5.266202336380738e-05
CCL19_GRM7,0.0
CCL19_CCR7,0.0001454052009382196
CCL19_CCRL2,0.00014733818404342704
PLG_F2R,0.015284249049539294
PLG_FLT1,0.011499521942606365
PLG_F2RL1,0.004544036803067993
PLG_ITGA9,0.004810669687812835
PLG_ITGB2,0.0005392865731998915
PLG_ITGAM,0.000549620652047868
PLG_F3,0.006509741301116414
CSHL1_GHR,0.00039404201380990357
LPL_GPIHBP1,0.0006304766313055115
LPL_LRP1,0.0005506205570846833
LPL_SDC1,0.000194634816761675
EFEMP2_PLSCR4,0.00717729813570697
EFEMP2_AQP1,0.0066592042025942245
VEGFB_FLT1,0.016744673671273497
GH1_GHR,0.000501210025182261
GNAI2_C5AR1,0.04864939746758824
GNAI2_LHCGR,0.0
GNAI2_CNR1,0.0
GNAI2_CXCR2,0.04096752103576399
GNAI2_EGFR,0.008649021767200348
GNAI2_LPAR3,0.0026788626512463673
GNAI2_ADORA1,0.0
GNAI2_ADRA2B,0.002812296944937275
GNAI2_FPR1,0.0
GNAI2_TBXA2R,0.1328082774864541
GNAI2_EDNRB,0.11847471707127806
GNAI2_ADCY7,0.016923401094422433
GNAI2_F2R,0.16085655144955144
GNAI2_ADCY9,0.027891013843772017
GNAI2_S1PR4,0.0034202792531356522
GNAI2_S1PR1,0.20780594909372482
GNAI2_CHRM1,0.0
TLN1_ITGB3,0.08442461558734105
TLN1_ITGB5,0.009643874387185326
TAC1_TACR1,0.0006549269455726277
TAC1_TACR2,0.00010805528645728582
LPA_LPAR3,0.00016226412408318152
LPA_LPAR2,0.0003365722023422533
LPA_LPAR1,0.0
LPA_ITGB2,0.00032602697289616704
LPA_ITGAM,0.00032944960552128404
MMP1_ITGA2,0.00081811863480258
LAMA3_ITGA3,0.003967206006115625
LAMA3_SDC2,0.0001632341009831879
SEMA6D_KDR,0.010534261426479957
SEMA6D_PLXNA1,0.0030188893235507273
WNT11_MUSK,1.5772187939360883e-05
WNT11_KLRG2,0.0
PSEN1_NOTCH3,0.0
PSEN1_NOTCH2,0.03338816037614462
BGN_LY96,0.009273842350890769
BGN_TLR4,0.008767253628047943
IZUMO1_CD9,0.0005132340969885101
JAG2_NOTCH2,0.0030952542942384665
JAG2_NOTCH3,0.0
NXPH3_NRXN2,0.0
NXPH3_NRXN1,5.505555995884994e-05
CNTN2_CNTN1,0.00011294273693315053
CALCA_ADRB3,4.3323313778798746e-05
CALCA_GPR84,0.0
CALCA_ADCYAP1R1,0.0
CALCA_VIPR1,4.443845903716634e-05
CALCA_CALCR,4.659070087745437e-05
CALCA_RAMP1,5.1206403261822444e-05
CALCA_CALCRL,0.0031948389562173087
SLIT3_ROBO2,0.00043669981442713004
SLIT3_ROBO1,0.007448334780364424
GH2_GHR,0.0007756749353154699
FGF3_FGFR2,0.000500079781741292
FGF3_FGFR3,6.573277297437228e-05
GHRL_TBXA2R,0.010825152886334944
GHRL_PTGER3,0.0
GHRL_GHRHR,0.00022893359520111147
GHRL_PTGIR,0.0002328142607079424
FGG_ITGB3,0.0005844675852654757
FGG_TLR4,0.0009012594185261865
FGG_ITGA2B,6.209981548280707e-05
FGG_ITGB2,5.732640778788701e-05
CXCL14_CXCR4,0.00013326015778425483
EDN3_KEL,0.0
EDN3_EDNRB,0.0011449586096271252
RTN4_TNFRSF19,0.007760060879031593
RTN4_RTN4RL1,0.0038306112587389455
NTN4_DCC,0.0
NTN4_UNC5A,0.00019251546828397107
WNT7B_FZD4,0.2381929885766085
WNT7B_FZD10,0.005147182702413332
WNT7B_TMED5,0.12148023090878608
ICAM4_RHAG,0.0
ICAM4_ITGA4,0.007619683707251451
ICAM4_ITGB2,0.007551976331603727
ICAM4_ITGAM,0.0076695493795104095
ICAM4_ITGB3,0.07435432760487991
ICAM4_ITGA2B,0.007864548670148888
HMGB1_TLR9,0.0
HMGB1_CD163,0.0
HMGB1_AGER,0.018728280199365697
HMGB1_CXCR4,0.03238230829178623
HMGB1_SDC1,0.008362809281569857
HMGB1_THBD,0.5024648155117254
HMGB1_TLR4,0.26278483575934725
COL18A1_ITGB5,0.000772616406998783
COL18A1_ITGB3,0.006901652662482041
COL18A1_KDR,0.01769582820296818
COL18A1_ITGA3,0.008616646322036686
COL18A1_GPC4,0.0
HP_CD22,0.0
HP_ASGR2,0.0
HP_CD163,0.0
HP_TLR4,0.0006294552051840025
HP_ITGAM,4.165381044329991e-05
HP_ASGR1,0.00031449048705113104
HP_ITGB2,4.0614062467169154e-05
RSPO1_LGR4,0.0
RSPO1_LGR5,0.0
RSPO1_LRP6,0.0017906504732890384
RSPO1_ZNRF3,0.0021503905003664556
ADAM15_ITGB3,0.011060183181729407
ADAM15_ITGA9,0.009972836725494694
APOA4_LDLR,0.0003769392223963532
APOA4_LRP1,2.360542534869971e-05
GAD1_GRM4,7.989989888125046e-06
NLGN3_NRXN1,0.00031894872721366667
NLGN3_NRXN2,0.0
CCL20_CCR6,0.005768673404001249
CCL20_GRM7,0.0
PYY_GRM7,0.0
PYY_DPP4,0.0001835049628958192
PYY_NPY5R,0.0
PYY_NPY1R,1.6510483602097444e-05
PYY_FAP,0.00022551174741199166
PYY_NPY2R,1.7841395308081663e-05
F8_ASGR2,0.0
F8_LDLR,0.01478169142238768
F8_LRP1,0.0008630182217026788
COL4A2_ITGB5,0.0003451325596313427
COL4A2_ITGB3,0.0031729751450528835
COL4A2_CD93,0.008711340597876139
CCL28_GRM7,0.0
CCL28_CCR10,0.0020113640494313183
CCL28_CCR3,0.0
CXCL9_DPP4,0.0012453134454605875
CXCL9_CCR3,0.0
CXCL9_GRM7,0.0
CXCL9_FCGR2A,0.0014872927370327528
CNTF_CNTFR,0.0
CNTF_EGFR,0.00018567667005348174
THBS2_NOTCH3,0.0
THBS2_ITGA4,0.00029695027276229857
THBS2_CD47,0.006942547012821616
THBS2_ITGB3,0.0028808839912688794
THBS2_CD36,0.007446082018878339
LEFTY2_ACVR2B,0.0001827520865819511
LEFTY2_ACVR1B,0.00010537106392483738
C4BPA_LRP1,0.00013036712766646504
C4BPA_CD40,0.0008092709952205219
VIP_AVPR1A,0.00010342417712022995
VIP_ADRB3,7.903186005735749e-06
VIP_GPR84,0.0
VIP_VIPR1,8.239747696825324e-06
VIP_ADCYAP1R1,0.0
VIP_RAMP1,1.0282379126547198e-05
VIP_DPP4,9.681262974505952e-05
FASLG_FAS,0.001986943045769459
FASLG_TNFRSF10B,0.09708847728787426
FASLG_TNFRSF1A,0.10933654913594974
APOA2_LDLR,0.00020601058946140665
APOA2_LRP1,1.1994103631965928e-05
SEMA4A_PLXNB2,0.058996457879646524
EFNA1_EPHA7,0.0001126919540788635
EFNA1_EPHA10,0.004035728772425646
EFNA1_EPHA3,0.00010750357634236113
EFNA1_EPHA4,0.0018484472187363667
EFNA1_EPHA6,0.0
EFNA1_EPHB6,0.0
EFNA1_EPHA2,0.002914485815966393
ADAM12_ITGA9,0.0034001666189882825
S100A8_TLR4,0.0032479416452936014
S100A8_CD36,0.005790591198034373
S100A8_ITGB2,0.00019504032167314564
S100A8_AGER,0.00023173494277820193
NGF_KIDINS220,0.00015171219547922436
NGF_NTRK1,4.1116556546659985e-06
NGF_TRPV1,0.00019878188072535723
NGF_SORCS3,0.0
NGF_SORT1,4.7617083022202545e-05
WNT2B_FZD4,0.0015797260936080645
COL11A1_ITGA2,0.0022602441625624295
COL11A1_DDR1,0.00046495307559369823
ITGB3BP_ITGB3,0.01881957605214538
ITGB3BP_ITGB5,0.002227363734527221
ANGPTL3_ITGB3,0.00032700633312081714
RBP4_STRA6,9.612153484356603e-06
COL5A1_SDC3,0.0027859591226422568
SFTPD_TLR4,0.0007495519863992351
SFTPD_SIRPA,0.0009735280366717755
SFTPD_LY96,0.0008320253152446098
MMP9_TLR9,0.0
MMP9_IFNAR1,0.005281266421034443
MMP9_ITGAM,0.00022273003347847705
MMP9_LRP1,0.0003212667795111251
MMP9_EPHB2,0.0010117960588721
MMP9_ITGB2,0.00021804260428719813
EDN2_KEL,0.0
EDN2_EDNRB,0.000708483544364553
ANGPTL2_TIE1,0.006373527027927795
GHRH_GHRHR,1.678613045772251e-05
GHRH_VIPR1,1.63344098926816e-05
GHRH_ADCYAP1R1,0.0
GHRH_ADRB3,1.5782600389199378e-05
GHRH_GPR84,0.0
TNFSF15_TNFRSF25,0.04696782705321776
GDF5_ROR2,0.0
GDF5_ACVR1,0.00016982547823847052
GDF5_BMPR1A,2.201989776824019e-05
GDF5_ACVR2B,0.00018106710144089231
EDA_EDAR,0.0
EDA_EDA2R,9.119904782403152e-05
F10_F3,0.0005896803907753231
F10_ITGAM,5.0009662502777574e-05
F10_ITGB2,4.8751393145402065e-05
SYK_LAT,0.018887333760250976
SYK_FCGR2A,0.040234365975472246
FGF14_FGFR2,0.0018940652289858493
FGF14_FGFR3,0.00024833120665146316
HLA-C_LILRA1,0.0
HLA-C_LILRB1,0.16217370281813326
HLA-C_CD3G,0.19961056008307781
HLA-C_KIR3DL1,0.019643867739360645
ANXA1_EGFR,0.010362000143524083
ANXA1_GRM7,0.0
ANXA1_FPR1,0.0
ANXA1_FPR2,0.0031757130532293746
ACTR2_LDLR,0.27474906837493457
NDP_FZD4,0.009322134352223576
NDP_LGR4,0.0
AGRN_LRP4,0.0
AGRN_LRP1,0.0011255885373810256
AGRN_ATP1A3,0.0
AGRN_MUSK,0.0003746594237215519
INSL3_ADRB3,0.00042636202065145955
INSL3_GPR84,0.0
INSL3_ADCYAP1R1,0.0
INSL3_VIPR1,0.00044244387549677766
AVP_LDLR,0.000386112577524301
AVP_VIPR1,7.992399064104731e-06
AVP_ADCYAP1R1,0.0
AVP_GPR84,0.0
AVP_ADRB3,7.862659018356212e-06
AVP_OXTR,7.255966094245343e-05
AVP_AVPR1A,0.00010247776174996463
COL2A1_ITGA10,0.00043659026011809383
COL2A1_DDR1,0.00038951098899043135
COL2A1_ITGA2B,9.707389107796677e-05
COL2A1_ITGA2,0.0019145772295649094
RLN2_ADRB3,0.00016240142411350536
RLN2_GPR84,0.0
RLN2_ADCYAP1R1,0.0
RLN2_VIPR1,0.00017127138160496832
RLN2_RXFP3,0.0
RPH3A_NRXN1,0.00024739561878008275
LAMA1_RPSA,0.009182348580945755
LAMA1_ITGA3,0.0034758840581097287
LAMA1_NT5E,0.003401574469396187
LAMA1_ITGA2,0.005750958374741077
LAMA1_ITGA7,0.00028799236443975164
LAMA1_ITGB8,0.0032684777263610504
LAMA1_SDC2,0.00014315387210348503
CCL25_CCR10,1.7266023718680618e-05
CCL25_GRM7,0.0
LAMB3_ITGA2,0.003236252607111947
LAMB3_CD151,0.004483776995307413
LAMB3_ITGA3,0.001965471553314554
LAMB3_COL17A1,0.0005887632017458415
IL1F10_IL1R1,0.0015935460810465138
CCL8_CCR3,0.0
CCL8_CCR1,0.0
COL4A6_CD93,0.0025370071625960347
COL4A6_ITGA2,0.0019219780021444263
COL4A6_CD47,0.002223097606296543
CCL26_CCR1,0.0
CCL26_CCR3,0.0
SPP1_ITGA4,0.000658147207922009
SPP1_ITGB5,0.0007788417691173432
SPP1_ITGB3,0.006654525087955137
SPP1_ITGA9,0.006003890578512127
LGALS9_MRC2,0.0017502618241918221
LGALS9_HAVCR2,0.06860984558945492
LGALS9_SLC1A5,0.02793323082880431
LGALS9_CD47,0.094867594845412
ADM2_GPR84,0.0
ADM2_ADRB3,0.004201105587523301
ADM2_VIPR1,0.004242871964547133
ADM2_ADCYAP1R1,0.0
ADM2_CALCR,0.004323481502608065
ADM2_RAMP1,0.004496356887737128
ADM2_CALCRL,0.2872602279232086
CXCL12_CD4,0.00015925718195489803
CXCL12_DPP4,0.000952612966913647
CXCL12_CCR4,0.0
CXCL12_GRM7,0.0
CXCL12_CXCR4,0.0003319268941697124
CXCL12_AVPR1A,0.001031988437541223
BMP7_ACVR1,0.04531679822806949
BMP7_ACVR2B,0.04914903630316464
BMP7_BMPR1A,0.005809865448664007
COL4A3_ITGA3,0.0036595107548456113
COL4A3_CD47,0.006968939681069604
COL4A3_ITGB3,0.0029101098962995837
COL4A3_CD93,0.007941953597919167
COL4A3_ITGA2,0.00605909188103668
COL4A4_ITGA2,0.006224378067396877
COL4A4_CD93,0.008170692674384474
COL4A4_ITGB3,0.002991283282080713
COL4A4_CD47,0.007167555315466142
HLA-A_ERBB2,0.03369851246891949
HLA-A_KIR3DL1,0.019597432864330987
HLA-A_CD3G,0.1991611540675327
HLA-A_LILRA1,0.0
HLA-A_APLP2,0.8953381292251528
HLA-A_LILRB1,0.16168690892976062
HLA-A_KIR3DL2,0.0
CNTN4_PTPRG,0.06461349390488262
TCTN1_TMEM67,0.012161466008741625
PDCD1LG2_PDCD1,0.00017828335397883702
TNFSF11_LGR4,0.0
TNFSF11_TNFRSF11B,0.0003066301930457623
TNFSF11_TNFRSF11A,0.002025183008926356
DSCAM_DCC,0.0
FBLN2_ITGB3,0.002138645780072669
NXPH1_NRXN1,1.183062264913162e-05
NXPH1_NRXN2,0.0
SAA1_FPR2,6.336486460333733e-05
SAA1_FPR1,0.0
SAA1_GRM7,0.0
SAA1_SCARB1,0.0011346248925988944
MDK_SORL1,0.00023787566990072617
MDK_SDC3,0.007000321160292266
MDK_SDC1,0.0002629352475350785
MDK_LRP1,0.0007244106934599597
MDK_ITGA4,0.0005153628135603324
TF_TFR2,0.0001710961184743597
TF_HFE,0.0003713742886334443
TF_LDLR,0.008411209766692348
ARTN_GFRA3,0.0
PTPN6_CD300LF,0.0
PTPN6_FCRL4,0.0043973581464364754
CLEC2A_KLRF2,0.0
NTF3_NTRK1,3.952054073853018e-06
NTF3_NTRK2,7.84443846966364e-06
RLN3_RXFP3,0.0
RLN3_RXFP4,2.3353040799128183e-05
RLN3_GRM7,0.0
RLN3_VIPR1,2.0200602942247345e-05
RLN3_ADCYAP1R1,0.0
RLN3_GPR84,0.0
RLN3_ADRB3,1.9692628907072386e-05
TNF_TNFRSF1B,0.0471053776072713
TNF_TNFRSF1A,0.06010627018623681
TNF_RIPK1,0.022689366928089275
TNF_TNFRSF21,0.021915905951631755
TNF_FAS,0.0011007307679402082
TNF_PTPRS,0.028714333767716555
TNF_FFAR2,0.03907994663324593
TNF_ICOS,0.0
LAMA2_ITGA7,0.00044553062584076005
LAMA2_ITGA2,0.008888613546839131
LAMA2_ITGA3,0.005395804875349573
LAMA2_RPSA,0.01470873177909058
HRAS_SDC2,0.00021837041178698546
HRAS_GRIN2D,0.0002131595454630523
HRAS_TLR9,0.0
GDNF_EDNRB,0.0958337200356162
GDNF_GFRA3,0.0
HLA-G_KIR3DL1,0.013730645204598456
HLA-G_CD4,0.013171328031731648
HLA-G_LILRB1,0.12045641952406336
FSHB_ADCYAP1R1,0.0
FSHB_VIPR1,3.244708719348335e-05
FSHB_ADRB3,3.15288708668333e-05
FSHB_GPR84,0.0
FSHB_FSHR,0.0
ADM_CALCRL,0.008477420015743701
ADM_RAMP1,0.00013878910740740047
ADM_CALCR,0.00011999585466396316
ADM_ADCYAP1R1,0.0
ADM_VIPR1,0.00011123280594433207
ADM_GPR84,0.0
ADM_ADRB3,0.00010669239043636125
PTHLH_ADRB3,8.684819681045069e-05
PTHLH_GPR84,0.0
PTHLH_VIPR1,9.010715704146727e-05
PTHLH_ADCYAP1R1,0.0
ADCYAP1_ADCYAP1R1,0.0
ADCYAP1_VIPR1,2.3888295741810116e-05
ADCYAP1_GPR84,0.0
ADCYAP1_ADRB3,2.357341094276537e-05
ADCYAP1_DPP4,0.00026854891959997155
CGA_LHCGR,0.0
CGA_ADRB3,0.00029888232911772926
CGA_GPR84,0.0
CGA_VIPR1,0.00030432934652076954
CGA_ADCYAP1R1,0.0
CGA_FSHR,0.0
S100A10_CFTR,0.0
SHANK2_CFTR,0.0
S100A4_ERBB2,0.019500861765250448
S100A4_EGFR,0.01869826700630596
TNFSF13B_CD40,0.00850695165347052
TNFSF13B_TNFRSF13B,0.0012525822220179883
LTA_LTBR,0.04299354005649104
LTA_RIPK1,0.018287609976077365
LTA_TNFRSF1A,0.04801680612496524
LTA_TNFRSF1B,0.03793197976585667
NTF4_NTRK1,2.3986977080273753e-05
NTF4_NTRK2,4.712579175331309e-05
FAM3C_GLRA2,0.0
C1QB_C1QBP,0.019853965167557285
C1QB_LRP1,0.0010368454375726528
GNRH2_GNRHR,8.880643456959786e-06
IL22_IL10RA,0.0
IL22_IL22RA2,0.0
IL22_IL21R,0.0005465195183923561
IL22_IL10RB,0.0009615226399314138
IL10_IL10RB,0.25834160283176866
IL10_IL10RA,0.0
CLEC2D_KLRB1,0.0
PDYN_GRM7,0.0
PODXL2_SELL,0.0007436279763313562
CD34_SELL,0.0006580807249637542
CD34_SELP,0.00144755163487766
MUC7_SELL,0.0007118238553180375
PODXL_SELL,0.004088141513016166
MICA_KLRK1,0.005399946456446602
RAET1L_KLRK1,3.241662725851368e-05
ULBP2_KLRK1,0.0001629552677940578
RAET1G_KLRK1,0.00032523579607582803
CD55_CR1,0.04332361618047792
GPC3_LRP1,0.00011930795482762569
A2M_LRP1,0.006048979219871108
SERPINA1_LRP1,0.0005593446443227141
SERPINE2_LRP1,0.002128302846606332
MMP13_LRP1,9.485435930447347e-05
HPX_LRP1,0.000250098008402015
LIPC_LRP1,0.0005534002254052565
PSAP_LRP1,0.014270446306725882
PSAP_SORT1,0.060270521817737586
PSAP_GPR37,0.007028175060384284
PSAP_CD1B,0.0
PSAP_AR,0.0
ASIP_MC4R,6.674041350709322e-05
ASIP_MC5R,2.8897644494666038e-05
ASIP_MC2R,0.0001698339725787813
ASIP_F11R,0.0017685466091650398
ASIP_MC1R,9.458928399220598e-05
ASIP_ATRN,0.0007433150900127063
ASIP_MC3R,0.0
SFTPA2_CD93,0.003257196000546561
MBL2_CD93,0.0030161846184561755
MBL2_CALCR,5.569498525476468e-05
C1QA_CR1,0.0034480281695471607
C1QA_CD93,0.014542133905203113
C1QA_CSPG4,0.0014822058354893503
IGFL1_IGFLR1,0.0
IGFL3_IGFLR1,0.0
GSTP1_EGFR,0.010644364192755365
GALP_GALR3,0.0
GALP_GALR1,0.0
NTNG2_LRRC4,0.0006326305067873598
NTNG2_LRRC4C,0.00032925654381405015
GUCA2B_GUCY2D,1.256222220699984e-05
NMS_NMUR2,0.0
NMS_NMUR1,0.0
NMS_GRM7,0.0
VEGFC_FLT1,0.0003553200167867226
VEGFC_CCBE1,0.00034271457522518816
VEGFC_ITGA9,0.00014929668286085116
VEGFC_KDR,0.0004310794677933258
DSC3_DSG3,0.0839962372841231
PDGFA_PDGFRA,0.0006118938417039168
PDGFA_PDGFRB,0.0006080816600032361
FGF21_FGFR3,1.2455560212809037e-05
FGF21_FGFR2,9.705009127188061e-05
FGF21_KLB,0.0001397321456984663
NMB_GRPR,0.0
NMB_BRS3,0.0
B2M_HLA-F,0.9700147340042007
B2M_CD1B,0.0
B2M_LILRB1,0.16749499099843
B2M_CD247,0.0
B2M_HFE,0.02816069593749934
B2M_KIR3DL1,0.020746767533202835
B2M_KLRC2,0.0
B2M_CD3G,0.21163851912463152
EDIL3_ITGB5,0.00012691724913152137
CP_SLC40A1,0.010743565045045648
SOSTDC1_LRP6,0.0017984526266105793
DKK1_LRP6,0.00028010254519904635
HSPA1A_GRIN2D,0.004047678909277546
HSPA1A_TLR4,0.142745561771946
IL27_IL27RA,0.0005713721997980858
PROS1_AXL,0.010952727953802326
PROS1_TYRO3,0.0002582863880965262
INS_LILRB1,7.276470810181084e-05
GREM1_KDR,0.0021812819800715007
NRG1_ERBB3,0.0008899640055398548
NRG1_LGR4,0.0
NRG1_ERBB2,0.00034467205757652587
NRG1_EGFR,0.0003376212121900375
NRG1_ERBB4,0.0002104086666919646
SLIT2_SDC1,8.06975695679976e-05
SLIT2_DCC,0.0
SLIT2_ROBO4,0.004431882711712204
SLIT2_ROBO1,0.001381079268008078
SLIT2_ROBO2,7.993986378525469e-05
NPPA_NPR1,0.002542083494264582
PGF_FLT1,0.002569098764030382
NCAM1_ROBO1,0.00389061449250972
NCAM1_CACNA1C,0.00317397811591248
NCAM1_FGFR2,0.005388297564651074
NRG3_ERBB3,0.0003599783418499114
NRG3_ERBB4,8.755203784321789e-05
NRG3_ERBB2,0.00013720259456001722
AREG_EGFR,0.003683490330027995
AREG_ERBB3,0.009649953162693552
NRG2_ERBB3,0.0002275408281593113
NRG2_ERBB4,5.557871163568396e-05
NRG2_ERBB2,8.651030163981227e-05
SEMA4D_ERBB2,0.01671244627072619
SEMA4D_PLXNB2,0.2513845973020612
IFNA14_IFNAR2,0.0009848017945443643
IFNA14_IFNAR1,0.0012374633108235451
IFNA10_IFNAR2,0.000660649930133171
IFNA10_IFNAR1,0.0008289134753032107
IFNA8_IFNAR1,0.0008449933938353594
IFNA8_IFNAR2,0.0006774545010271261
IFNE_IFNAR2,0.0006214294040070114
IFNE_IFNAR1,0.0007913842299046557
IFNA21_IFNAR1,0.0006738743388462685
IFNA21_IFNAR2,0.0005500286228857254
IL24_IL20RA,0.0
IL24_IL10RB,0.02436870834340089
PTPN11_FCRL4,0.003338270653206019
EFEMP1_EGFR,0.00012381196261399886
FGL1_EGFR,8.936533507761829e-05
ANG_EGFR,0.00015931437918935187
CXCL2_DPP4,0.0007859870815823122
CXCL2_CXCR2,0.0010013766026036213
CXCL2_GRM7,0.0
CXCL2_XCR1,0.00013496078162384518
CXCL1_GRM7,0.0
CXCL1_CXCR2,0.0008778250329991907
PPY_GRM7,0.0
PPY_NPY2R,0.0
PPY_NPY5R,0.0
PPY_NPY1R,0.0
IL25_IL17RB,2.237511800807427e-05
IFNL3_IL10RB,0.001328990244754889
CCL3_CCR4,0.0
CCL3_CCR1,0.0
CCL3_CCR3,0.0
FGF12_FGFR2,0.0037766708669110666
FGF12_FGFR3,0.00048383712662544427
CGB5_LHCGR,0.0
CCL15_CCR1,0.0
CCL15_CCR3,0.0
CCL23_CCR1,0.0
CCL18_CCR8,0.00015207696998026398
CCL18_CCR1,0.0
CCL18_CCR3,0.0
LTBP3_ITGB5,0.0027979573339493445
MST1_MST1R,0.0
CHAD_ITGA2,0.0009920466587841304
NUCB2_ERAP1,0.08338506883057327
FAT4_DCHS1,0.01007437275814815
CD86_CD28,0.001963607356181657
ACE2_SLC6A19,0.0
TSLP_IL7R,0.00011630542987481113
CER1_MRC2,3.265929737824167e-05
CD200_CD200R1,0.0017392162470039052
C4B_CR1,0.0007115865161358184
C4B_CD46,0.002491796984188732
IL19_IL20RA,0.0
EDN1_EDNRB,0.0033599084151824214
EDN1_KEL,0.0
SEMA4B_DCBLD2,0.0016840440391766064
PTMA_VIPR1,0.008883898104461184
TNFSF18_TNFRSF18,0.0
OBP2A_OR1G1,0.0
F7_F3,0.0016542448651174447
RGMA_NEO1,0.0
RGMA_HFE,7.376762006988303e-05
RGMA_TFR2,3.55116510529552e-05
WNT5B_KLRG2,0.0
CD5L_CD5,0.0
GSTO1_RYR1,0.006316183956142287
ANGPT4_TIE1,0.002034938287544441
ANGPT4_TEK,0.0014414442968172488
IRAK4_TLR6,0.15759653583634423
IRAK4_TLR4,0.2380341531467818
COLQ_MUSK,0.0002978919351105035
QRFP_QRFPR,0.0002328770462672388
GDF10_ACVR1B,0.00041083459156625676
NID2_ITGB3,0.003200820985021224
NID2_ITGA2,0.006614935710530658
LAMB1_LRP1,0.0009834315822071819
LAMB1_ITGB3,0.006509192728377227
C5_ITGA4,0.0005369077804039333
C5_LRP1,0.0007841853639464673
C5_ITGB3,0.005269312942715573
C5_LDLR,0.01291615416722585
C5_CALCR,0.0002759952451568165
C5_TLR4,0.008094163953253217
C5_ASGR2,0.0
COL1A1_ITGB5,0.00047536325505106005
COL1A1_ITGB3,0.004319030894683626
COL1A1_ITGB8,0.005019896116605679
COL1A1_CD47,0.010441461939049148
COL1A1_ITGA2B,0.0004566773127124789
COL1A1_SDC3,0.005545289753223862
COL1A1_BCAM,0.008499959871264189
COL1A1_GPC4,0.0
COL1A1_ITGA3,0.005410126845944896
COL1A1_ITGA10,0.002052996839827595
LAMA4_LRP1,0.006304561027683917
LAMA4_ITGB3,0.040482721473432265
LAMA4_ITGA2,0.08468461469666036
C3_ITGB3,0.002895011880265944
C3_TLR4,0.004449830741860373
NCAN_ITGB3,0.0009584981569767718
NCAN_ITGA2,0.001963627065896123
NCAN_CD93,0.002677875661956622
DSC1_LRP1,0.005791574217502638
THBS1_ITGA2,0.008693265937071459
VWF_EGFR,0.00045792991583611803
VWF_ITGA4,0.00030267244986377533
VWF_SDC2,0.00015105880469381674
VWF_ITGB6,0.0
VWF_ITGA8,0.0007641381263760116
VWF_CD46,0.007648587758129164
VWF_ROBO1,0.002594203000295083
VWF_ITGA9,0.002615194329268556
VWF_ROBO4,0.00825027580935348
CDH1_LRP1,0.013236182081940419
CDH1_ITGB3,0.08594063684712516
FARP2_ITGB3,0.011671682251571969
LAMC2_ITGB3,0.0692132670425248
NID1_ITGA2,0.0058575169931159585
F13A1_LRP1,0.00048617301407998247
F13A1_ITGB3,0.00323172077595861
EGF_LRP1,0.00622233082509816
EGF_ITGB3,0.039964147816573245
EGF_ITGA2,0.08359070977465033
SEMA3D_EGFR,0.00030313925452124264
APP_EGFR,0.0021493370653340726
SHANK1_ITGB3,0.00022730670803241743
SHANK1_ITGA2,0.0004752493421647122
SHANK1_CD93,0.0006165112336682646
SHANK1_CD47,0.0005420939917592494
SHANK1_ITGA3,0.00028632326261997015
COL6A3_ITGA4,0.0010097594779477376
COL6A3_LRP1,0.0014653043687283735
COL6A3_ITGA3,0.012445453678265848
COL1A2_ITGB5,0.0005143106320017312
COL1A2_ITGB8,0.005312170333451122
COL1A2_DDR2,0.0017571354193133255
COL1A2_DDR1,0.0019703394822524205
COL1A2_CD47,0.011229232320815373
COL1A2_GPC4,0.0
COL1A2_ITGA3,0.005775009886145151
COL1A2_ITGA10,0.0021982569486622815
HSP90B1_EGFR,0.016036247117526013
HSP90B1_ITGA4,0.0101393795159436
HSP90B1_LRP6,0.11387059383375712
HSP90B1_LDLR,0.25385768137439163
HSP90B1_PTPRD,0.004629459564667909
COL6A2_ITGB3,0.0024289197601220277
COL6A2_CD93,0.006835165082638497
COL6A2_CD47,0.005937642756867675
SEMA3E_ITGB3,0.05008933506868205
COL3A1_ITGB5,0.0004363004123696836
COL3A1_ITGB3,0.003947385819288257
COL3A1_ITGB8,0.004569429939246171
COL3A1_CD36,0.010271820155926571
COL3A1_CD93,0.010958516143573443
COL3A1_ITGA11,0.0004045990770489241
COL3A1_CD47,0.009561840455118938
COL3A1_ITGA2B,0.0004175624631171446
COL3A1_GPC4,0.0
COL3A1_ITGA3,0.00494055382353144
COL3A1_ITGA10,0.0018769743080960452
NLGN2_ITGB3,0.0014424298428910088
BMP1_ITGB3,0.005239422994496702
BMP1_ITGA2,0.010634659916982252
FGA_LRP1,9.553398826689494e-05
FGA_ITGA2,0.001334903359510741
FGA_CD93,0.0018725761576667901
TLN1_EGFR,0.013082119086295987
TLN1_ITGB2,0.008344167760005631
TLN1_DCC,0.0
TLN1_ERBB2,0.013312403382088464
TLN1_ITGA4,0.008477868579316782
TLN1_ITGB7,0.013624824089728144
TLN1_LRP1,0.012229118081666907
TLN1_SDC2,0.004213088872116864
TLN1_ASGR1,0.06515088917497747
TLN1_LRP6,0.09428885611004634
TLN1_C5AR2,0.01687714072011838
TLN1_C5AR1,0.07468675553646115
TLN1_LDLR,0.20611168840353855
TLN1_SELL,0.041489163352766915
TLN1_SELP,0.09293934793954091
TLN1_CALCR,0.004412609715988732
TLN1_TLR6,0.08584755391618945
TLN1_TLR4,0.13004530953581842
TLN1_LRP8,0.017441833292603636
TLN1_CD46,0.229425359453769
TLN1_CR1,0.061280017464011564
TLN1_PTPRD,0.00404451028494105
TLN1_ITGA9,0.0760193256724859
TLN1_ASGR2,0.0
LPA_EGFR,0.0004973824390963824
LPA_ITGB5,0.0003451871603901481
LPA_ITGA4,0.00032799798136263955
LPA_COL13A1,0.0006827341235623354
LPA_LRP1,0.0004848075557808209
LPA_SDC2,0.0001636179792779508
LPA_TPO,0.001175229765248055
LPA_ITGB3,0.003173251227418225
LPA_ITGB6,0.0
LPA_ITGB8,0.0037290938190967056
LPA_CD36,0.008177433263012703
LPA_SDC1,0.0001647756575321305
LPA_ITGA7,0.00032962480154043167
LPA_ITGA2,0.006579891278968473
LPA_CD93,0.008712527550498627
LPA_DDR2,0.001191003024959119
LPA_ITGA11,0.00032816572223203535
LPA_DDR1,0.0013460454519807674
LPA_ITGA8,0.0008302364653769644
LPA_CD47,0.007629837221905164
LPA_ITGA2B,0.0003351261695459208
LPA_TNFRSF11B,0.0005103574083484359
LPA_SELP,0.0032987748378373186
LPA_LRP8,0.0006631619591680118
LPA_BCAM,0.006227525145451716
LPA_SCARA5,0.0004882039516039206
LPA_STAB2,0.004436275314970573
LPA_RPSA,0.010658135735915888
LPA_PTPRS,0.004650834832454883
LPA_ATP1A3,0.0
LPA_ITGA3,0.003983823750182377
LPA_NT5E,0.003917829069142379
LPA_ITGA9,0.0028463231958350725
LPA_DCHS1,0.008965926302153893
LPA_ROBO4,0.009007083247734082
LPA_ITGA10,0.001506963415648798
LAMA3_LRP1,0.0004844414914868394
LAMA3_ITGB3,0.003157576187016793
LAMA3_ITGB6,0.0
LAMA3_ITGA2,0.006559966443629235
LAMA3_TNFRSF11B,0.0005066718031145357
LAMA3_NT5E,0.00388891158672981
LAMA3_ROBO4,0.008943170213367838
SEMA6D_LRP1,0.0006173072123453471
SEMA6D_ITGB3,0.004128636621697966
SEMA6D_ITGA2,0.008477456468081554
JAG2_ITGB3,0.003455561635237026
JAG2_ITGA2,0.007062951660516667
CNTN2_ITGB3,0.0020655417698826712
CNTN2_ITGA2,0.004240283395569379
COL9A3_ITGB5,5.536528469640117e-05
COL9A3_ITGB3,0.0004889021450056404
COL9A3_ITGB8,0.0005525990367963509
COL9A3_CD36,0.0012913380486743629
COL9A3_ITGA2,0.0009940837253015976
COL9A3_CD93,0.00138043896997176
COL9A3_DDR2,0.00018778196791622225
COL9A3_ITGA11,4.941441466747086e-05
COL9A3_DDR1,0.00020932854641231595
COL9A3_CD47,0.00119786638559564
COL9A3_ITGA2B,5.18478587115864e-05
COL9A3_SDC3,0.0006344403444443112
COL9A3_GPC4,0.0
COL9A3_ITGA3,0.0006089973930730835
COL9A3_ITGA10,0.0002329292730131729
COL18A1_COL13A1,0.0015136562784673507
COL18A1_ITGB8,0.00789087287592273
COL18A1_CD36,0.01810032622959568
COL18A1_ITGA2,0.014113865055104126
COL18A1_CD93,0.019330806823960135
COL18A1_DDR2,0.002633268955055518
COL18A1_ITGA11,0.0007022676932886875
COL18A1_DDR1,0.0029470391603897733
COL18A1_CD47,0.01681817654133736
COL18A1_ITGA2B,0.0007310348580153268
COL18A1_SDC3,0.008917422325083772
COL18A1_BCAM,0.013638590364667644
COL18A1_SSTR2,0.007590113512726044
COL18A1_PTPRS,0.010065320093146264
COL18A1_ITGA10,0.0032850926514012375
NLGN3_ITGB3,0.006478981214039436
F8_EGFR,0.0009370909033657301
F8_ITGA4,0.0006035784451497264
F8_ITGA2,0.012188976822852119
F8_C5AR1,0.005292044533893356
F8_SELP,0.006810748192368215
F8_TLR6,0.0060622922843227
F8_TLR4,0.009369843512792901
F8_LRP8,0.0012493683812517561
COL4A2_ITGB8,0.003729016388896377
COL4A2_CD36,0.008176367830726127
COL4A2_ITGA2,0.006579540345540002
COL4A2_DDR2,0.001190851171910862
COL4A2_ITGA11,0.00032815007222823314
COL4A2_DDR1,0.0013459064614735937
COL4A2_CD47,0.007628921918156575
COL4A2_ITGA2B,0.0003350945917059681
COL4A2_GPC4,0.0
COL4A2_ITGA3,0.003983531064104952
COL4A2_ITGA10,0.0015068238424857559
THBS2_LRP1,0.0004379113610104725
THBS2_ITGA2,0.005959837103446829
ADAM12_ITGB3,0.003777029175148691
COL11A1_ITGB5,0.00011996174872712186
COL11A1_COL13A1,0.0002366444766411427
COL11A1_ITGB3,0.0010941320190002873
COL11A1_ITGB8,0.001276317171859137
COL11A1_CD36,0.0028331345517532123
COL11A1_CD93,0.003020507805103365
COL11A1_DDR2,0.00041250480737990486
COL11A1_ITGA11,0.00011265648573493761
COL11A1_CD47,0.0026403957941947697
COL11A1_ITGA2B,0.00011564377139780917
COL11A1_SDC3,0.0014027829957169262
COL11A1_BCAM,0.0021512942015581506
COL11A1_GPC4,0.0
COL11A1_ITGA3,0.001371549335737704
COL11A1_ITGA10,0.0005199230073721324
COL5A1_ITGB5,0.00023759226244113242
COL5A1_COL13A1,0.0004693729519131106
COL5A1_ITGB3,0.002176476420197061
COL5A1_ITGB8,0.0025493283824455266
COL5A1_CD36,0.0056207793867905625
COL5A1_ITGA2,0.0045055048649383965
COL5A1_CD93,0.005990337458969409
COL5A1_DDR2,0.0008185260941882759
COL5A1_ITGA11,0.0002246447786165957
COL5A1_DDR1,0.0009239718099090274
COL5A1_CD47,0.0052417117625227225
COL5A1_ITGA2B,0.00022993929475388877
COL5A1_BCAM,0.004274940325258182
COL5A1_GPC4,0.0
COL5A1_ITGA3,0.0027306021412721484
COL5A1_ITGA10,0.00103388679638016
SPTAN1_LRP1,0.012965793556545459
SPTAN1_LDLR,0.22271280136529148
SPTAN1_TLR6,0.09108920254006217
SPTAN1_TLR4,0.14128852881767923
SPTAN1_LRP8,0.01881999553430864
AGRN_ITGB3,0.007449170748385756
AGRN_ITGA2,0.015368772151579323
COL2A1_ITGB5,9.928087100727046e-05
COL2A1_ITGB3,0.0009199102262318039
COL2A1_ITGB8,0.001088961075076994
COL2A1_CD36,0.002359256522268942
COL2A1_CD93,0.002511975730110516
COL2A1_DDR2,0.00034372057615254895
COL2A1_ITGA11,9.554704667878546e-05
COL2A1_CD47,0.0022037949285380267
COL2A1_GPC4,0.0
COL2A1_ITGA3,0.0011566189484938632
LAMA1_EGFR,0.0004340655377016055
LAMA1_ITGA4,0.0002868451252932996
LAMA1_LRP1,0.0004251976870327813
LAMA1_ITGB3,0.0027654159751517
LAMA1_ITGB6,0.0
LAMA1_ITGA8,0.0007243351624589105
LAMA1_TNFRSF11B,0.0004432155303395007
LAMA1_LRP8,0.0005787437357564775
LAMA1_SCARA5,0.0004275928369690195
LAMA1_STAB2,0.0038504942755572206
LAMA1_ROBO1,0.0024589945957685017
LAMA1_ITGA9,0.002479325382097695
LAMA1_ROBO4,0.007823631326945635
LAMB3_ITGB3,0.0015688141842051951
COL4A6_ITGB5,0.00010043233668653831
COL4A6_ITGB3,0.0009257324780703076
COL4A6_ITGB8,0.0010905939867831096
COL4A6_CD36,0.0023817252340304976
COL4A6_DDR2,0.00034692297804554624
COL4A6_ITGA11,9.587708682203962e-05
COL4A6_DDR1,0.00039244213504506444
COL4A6_ITGA2B,9.773983052142021e-05
COL4A6_GPC4,0.0
COL4A6_ITGA3,0.0011627913530597603
COL4A6_ITGA10,0.0004395336936985773
COL4A3_ITGB5,0.000313808149020172
COL4A3_ITGB8,0.0034475524212796184
COL4A3_CD36,0.0074596364700326954
COL4A3_DDR2,0.001086831874283364
COL4A3_ITGA11,0.0003023990389769244
COL4A3_DDR1,0.0012319717819773875
COL4A3_ITGA2B,0.0003070644796181138
COL4A3_GPC4,0.0
COL4A3_ITGA10,0.0013810499376348902
COL4A4_ITGB8,0.003539565232432884
COL4A4_CD36,0.007673661976733002
COL4A4_DDR2,0.0011179581924491743
COL4A4_ITGA11,0.0003106171848038996
COL4A4_DDR1,0.0012667036535183712
COL4A4_ITGA2B,0.00031567029722953785
COL4A4_ITGA3,0.003760681353425368
COL4A4_ITGA10,0.0014197146087284785
CNTN4_LRP1,0.008279880093211402
CNTN4_ITGB3,0.05343425516595055
CNTN4_ITGA2,0.11151911611458308
DSCAM_ITGA4,0.0002162761490798753
DSCAM_LRP1,0.00031938070135237317
DSCAM_ITGB3,0.002094720114742949
DSCAM_ITGA2,0.00433947771854208
LAMA2_LRP1,0.0006514893956752242
LAMA2_ITGB3,0.0043055213914196455
LAMA2_ITGB6,0.0
SHANK2_ITGB3,0.002243479667233732
SHANK2_ITGA2,0.004652779124439961
SHANK2_SSTR2,0.0025298557825746255
CPAMD8_LRP1,0.0002718977054880646
CPAMD8_ITGB3,0.0017772257875151088
CPAMD8_ITGA2,0.003687484030300236
CPAMD8_NRXN2,0.0
A2M_ITGA4,0.004143649659034553
A2M_ITGB3,0.0406909618282216
A2M_NRXN2,0.0
A2M_ASGR2,0.0
DSC3_LRP1,0.011442566477382107
DSC3_ITGB3,0.07390673136921021
CP_LRP1,0.0007846545058719297
CP_ITGB3,0.005289401814415251
CUBN_ITGA2,0.13132231853221585
NRG2_ITGB3,0.0005482717960755811
LTBP3_ITGB3,0.0243862928973197
LTBP3_ITGA2,0.04925679512993523
LTBP3_CD93,0.06949057305729739
ACE2_EGFR,0.00013636234291957742
C4B_LRP1,0.0001421635135929075
C4B_ITGB3,0.0009402588545130076
C4B_ITGA2,0.0019404427493657577
COLQ_CD93,0.01769087845503891
SPTBN2_LRP1,0.0002722155019842209
DSPP_EGFR,0.00027525171193330507
DSPP_ITGA4,0.0001796238116523035
DSPP_ITGA2,0.0036140012697286057
DSPP_LDLR,0.0043307204795605455
DSPP_SELL,0.0008614615928003869
DSPP_SELP,0.001903833226030926
DSPP_TLR6,0.001835581178174232
DSPP_LRP8,0.00036698648702231107
DSPP_PTPRD,8.6716590371453e-05
VIM_GRM7,0.0
