HEBP1_GRM7,0.013747968676434637
DCN_EGFR,0.00015678432547008164
DCN_ERBB4,0.0009683616584126936
GRN_TNFRSF1A,14.024131005863737
GRN_SORT1,4.127722176234688
GRN_TNFRSF1B,22.364366713962315
GRN_CLEC4M,0.0
GRN_EGFR,0.013675977056409926
UTS2_UTS2R,0.0
ICAM3_CLEC4M,0.0
ICAM3_ITGB2,0.5598976049509153
ICAM3_CD209,0.10907051039120871
ICAM3_ITGAD,0.0036970874716483497
CEACAM1_CD209,1.5835225275778015
CEACAM1_SELE,0.0013723489662637192
CEACAM1_EGFR,0.0031262362369230017
FGF4_FGFR2,0.0
FGF4_FGFR3,0.0
NTN1_UNC5D,5.6747027692307605e-05
NTN1_DCC,0.0
NTN1_UNC5A,0.0
NTN1_ADORA2B,0.001303420238183147
NTN1_UNC5C,0.00014966122315017964
NTN1_NEO1,0.0
SCT_ADCYAP1R1,0.0
SCT_VIPR1,0.0
SCT_ADRB3,0.0
SCT_GPR84,0.0
FGF20_FGFR3,0.0
FGF20_FGFR2,0.031086140184053694
DLL3_NOTCH2,0.0
DLL3_NOTCH3,0.0
VCL_ITGB5,0.597267302159591
EFNA2_EPHA7,0.0
EFNA2_EPHA10,0.0
EFNA2_EPHA3,0.0
EFNA2_EPHA6,0.0
EFNA2_EPHA4,0.0
EFNA2_EPHA2,0.0
MADCAM1_ITGA4,0.38486982047610513
MADCAM1_ITGB7,0.08807040718559217
TCN2_CNR1,0.0
LGALS1_PTPRC,16.632006914077667
NID2_COL13A1,0.00018476761222220627
RSPO4_LGR4,0.0
RSPO4_LGR5,0.0
OXT_AVPR1A,0.0
OXT_OXTR,0.0
TIMP1_FGFR2,1.870320590795848
MMP2_PECAM1,3.9243643578251755
MMP2_SDC2,1.6020113990830525
CCL17_CCR4,0.0001177778775824171
CCL17_CCR8,0.00018542278908424814
DKK4_LRP6,0.001424973399267393
LHB_LHCGR,0.0
LHB_VIPR1,0.0
LHB_ADCYAP1R1,0.0
LHB_GPR84,0.0
LHB_ADRB3,0.0
AMH_EGFR,5.037861538461406e-05
AMH_ACVR1,0.005401714835164823
AMH_AMHR2,0.0004634470329670316
COMP_CD36,0.0
COMP_ITGB3,0.0
LAMB1_ITGA7,0.2863336667690769
LAMB1_ITGA2,0.29855662205989725
LAMB1_ITGA3,0.10802643843846142
WNT16_FZD6,0.0
PDAP1_PDGFRB,0.150247473476923
C5_GRM7,0.00046037862222222074
C5_C5AR2,0.006535883264444441
C5_C5AR1,0.20381711705333336
WNT3_RYK,0.009799942777777775
WNT3_ROR2,0.0009581464444444419
WNT3_FZD5,0.005491732888888884
WNT3_LRP6,0.00098054073333333
CCL2_CCR4,0.0316922997890109
CCL2_CCR1,6.895949554132357
CCL2_CCR10,0.08688657078095222
CCL2_CCR3,0.0
COL1A1_CD93,0.04200350148165927
COL1A1_DDR2,0.0
COL1A1_ITGA11,4.366034336263618e-05
COL1A1_ITGA2,0.0023745989151062203
COL1A1_CD36,0.056743763130895485
COL1A1_DDR1,0.0032223587495238022
EFNB3_RHBDL2,0.0
EFNB3_EPHA4,0.0
EFNB3_EPHB2,0.0
EFNB3_EPHB6,0.0
VTN_ITGB5,0.0
VTN_ITGA8,0.0
VTN_CD47,0.0
VTN_KDR,0.0
VTN_ITGA2B,0.0
VTN_TNFRSF11B,0.0
VTN_ITGB8,0.0
VTN_ITGB6,0.0
VTN_ITGB3,0.0
VTN_ITGA3,0.0
CXCL6_CXCR2,0.0
CXCL6_GRM7,0.0
IL2_IL2RG,0.0
IL2_CD53,0.0
APOC3_LDLR,0.0
APOC3_SDC2,0.0
APOC3_LRP1,0.0
KITLG_KIT,0.0005568057293772854
CLEC2B_KLRF1,0.010366151167472496
IL23A_IL12RB1,0.04400567744175822
IL23A_IL12RB2,0.001045971503736261
FGF6_FGFR2,0.008844988474261274
FGF6_FGFR3,0.0
IL26_IL10RB,0.0
IL26_IL20RA,0.0
IFNG_IFNGR2,0.0
IFNG_IFNGR1,0.0
GNB3_GABBR2,0.0
ULBP1_KLRK1,0.00777332844684981
LAMA4_ITGA3,0.10327249822490832
HBEGF_CD82,3.105248514576312
HBEGF_ERBB2,0.03352508297802189
HBEGF_EGFR,0.0026591185811965165
HBEGF_ERBB4,0.016423762206349127
HBEGF_CD9,3.4716112340128196
LTF_LRP1,0.9821030181806352
TFPI_LRP1,10.644956028762635
TFPI_F3,2.391207750729113
WNT6_FZD4,0.0
ANGPTL1_TEK,0.0
TGFB3_ITGB6,0.0
TGFB3_ITGB3,0.007916308434461521
TGFB3_TGFBR2,0.21793413273046153
TGFB3_ITGB5,0.1313045683415385
IFNA7_IFNAR2,0.0
IFNA7_IFNAR1,0.0
IAPP_RAMP1,0.0
IAPP_CALCR,0.001357551938339387
IAPP_GPR84,1.5163322003581197
IAPP_ADRB3,0.0036381404636996214
IAPP_ADCYAP1R1,0.0006616362588790674
IAPP_VIPR1,0.023941193598253925
TNFSF10_TNFRSF11B,0.0
TNFSF10_TNFRSF10B,3.9157443448133376
TNFSF10_TNFRSF10D,1.8347446807495922
TNFSF10_RIPK1,1.1966215867156007
EREG_ERBB3,0.06391338886421297
EREG_ERBB4,0.0032927830043174445
EREG_EGFR,0.00053312391890597
EREG_ERBB2,0.006721409020747236
EFNB2_EPHB2,0.36824923891226496
EFNB2_EPHA4,0.044292565001102534
EFNB2_EPHA6,0.0025915157740476137
EFNB2_EPHA3,0.016773996995166008
EFNB2_EPHB6,0.21853402195609886
EFNB2_PECAM1,2.547584131639475
EFNB2_RHBDL2,0.7018002787669024
EFNB2_GRM1,0.019012414837710614
BMP4_BMPR1A,0.0
BMP4_LRP6,0.006408202756410236
PSPN_GFRA3,0.0
PSPN_SDC3,0.0
PSPN_GFRA4,0.0
TNFSF9_TNFRSF9,0.03311825268035897
C3_CD46,0.10279522947764827
C3_ITGAX,0.15278093958845054
C3_CR1,0.021577805974710613
C3_ITGAM,0.08659105726987912
C3_C5AR2,0.004076407013825394
C3_LRP1,0.08921880988517461
C3_GRM7,0.000287136499951159
C3_ITGB2,0.2616354161087055
VASP_CXCR2,0.0981012576167698
DLL4_NOTCH3,0.010221887235811921
DLL4_NOTCH2,1.293830988188633
TPH1_HTR7,0.0
TPH1_HTR1A,0.0
TPH1_HTR1D,0.0
TPH1_HTR2C,0.0
TPH1_HTR2B,0.0
TPH1_HTR4,0.0
TPH1_HTR6,0.0
APOE_SORL1,0.0786106773143137
APOE_SCARB1,0.04594450810467028
APOE_LRP4,1.4974829597065974e-05
APOE_LDLR,0.0401674958654334
APOE_LRP8,0.0009377348048962108
APOE_LRP6,0.0008869090905860769
APOE_SDC2,0.03876712001482292
APOE_LRP1,0.0963972232399682
NCAN_SDC3,0.0033578481471306394
BST2_LILRA4,0.4273023297079096
F12_CD93,0.07282939578120876
F12_GP1BA,0.0010186803791208741
CRP_CR1,0.0
TSHB_VIPR1,0.0
TSHB_ADCYAP1R1,0.0
TSHB_GPR84,0.0
TSHB_ADRB3,0.0
DSC1_DSG3,0.01223591975455786
LACRT_SDC1,0.0
GDF11_BMPR1A,0.0
GDF11_ACVR1B,0.019264253330207568
GDF11_ACVR2B,0.0017644248601709372
IL1RN_IL1R1,0.0
IL36A_IL36RN,0.0
CCL21_GRM7,0.03019668048407805
CCL21_CCR7,0.35176180339473717
MMP7_CD151,0.0
MMP7_SDC1,0.0
MMP7_ERBB4,0.0
THBS1_ITGA4,5.943590598668977
THBS1_LRP1,7.793992674513338
THBS1_SDC1,0.0
THBS1_ITGB3,0.10766829897384592
THBS1_CD36,7.6595817423396175
THBS1_SCARB1,3.714745586711538
THBS1_ITGA2B,0.002180914371538389
THBS1_TNFRSF11B,0.0
THBS1_CD47,7.874993572001795
THBS1_ITGA3,0.11597931407692295
MSTN_ACVR2B,0.0
VWF_LRP1,10.494605156830573
VWF_ITGB3,0.1449752819672304
VWF_GP1BA,0.10678487937527427
VWF_ITGA2B,0.00293659952812078
VWF_TNFRSF11B,0.0
VWF_SELP,0.0
VWF_SCARA5,0.0018595640142745696
VWF_STAB2,0.006267430064615096
VWF_SIRPA,10.344349945597363
CDH1_KLRG1,0.08183808628083757
CDH1_ITGAE,0.055194220117045174
CDH1_PTPRM,0.04093501207860805
CDH1_ERBB3,0.07934800056186571
CDH1_ITGB7,0.10240966901953599
CDH1_EGFR,0.0006618694105982744
TIMP2_ITGA3,0.0501915535666666
IL1A_IL1R1,0.0
IL1B_IL1R1,0.009782487553748456
IL1B_SIGIRR,0.04432607212410253
IL7_IL7R,0.43006595551324783
IL7_IL2RG,2.8418267760835145
CKLF_CCR4,0.015321824161648302
CKLF_LRP6,0.02005404016750909
FARP2_PLXNA1,0.3359228358023761
FARP2_PLXNA3,0.09724157232893772
LAMC2_CD151,0.5591491875226999
LAMC2_ITGA2,0.055329661471689356
LAMC2_COL17A1,0.0
LAMC2_ITGA3,0.020019875049340642
NID1_ITGA3,0.07699853550549443
NID1_ITGB3,0.071480861973846
NID1_COL13A1,0.0013090941433332207
NMU_GRM7,0.0
NMU_NMUR1,0.0
NMU_NMUR2,0.0
FGF2_SDC3,0.04172231310705129
FGF2_SDC2,0.029777154329179486
FGF2_SDC1,0.0
FGF2_FGFR3,0.0
FGF2_FGFR2,0.011725235472312818
FGF2_GPC4,0.0023995575541025634
FGF10_FGFR2,0.0
OLFM2_ROBO2,9.994586672771607e-05
F13A1_ITGA9,0.0
F13A1_ITGA4,0.0
KNG1_ITGAM,0.0093256864010439
KNG1_SDC2,0.003864232112209988
KNG1_CD93,0.006989990959139152
KNG1_GP1BA,9.777050274725171e-05
KNG1_GRM7,3.092403577533548e-05
KNG1_ITGB2,0.0281776192480462
KNG1_BDKRB1,3.4661311416360776e-05
KNG1_RXFP4,0.0003430013510378488
EGF_FSHR,0.0
EGF_AXL,0.1436063054034565
EGF_EGFR,0.00012062328639315935
EGF_ERBB4,0.0007450168586984084
EGF_ERBB2,0.0015207692180439507
EGF_RHBDL2,0.029025686831307174
EGF_LDLR,0.044566138139756954
EGF_ERBB3,0.014460883738148465
WNT2_FZD4,0.006243817003150184
WNT2_FZD2,0.01863110355435897
WNT2_LRP6,0.0009657032626373594
WNT2_FZD5,0.005408632388278383
WNT2_FZD3,0.012531834066886443
WNT2_FZD9,0.0
NPTX2_NPTXR,0.009864518167448096
GAL_GALR1,0.0
GAL_GALR3,0.0
GAL_GRM7,0.0
ADAM2_ITGB7,0.0
ADAM2_CD9,0.0
ADAM2_ITGA9,0.0
ADAM28_ITGA4,0.13214967869621488
INHBE_ACVR2B,0.004440640241476915
DHH_PTCH1,0.0
DHH_BOC,0.0
DHH_CDON,0.010913468626179468
DHH_PTCH2,0.024183160730415126
NPFF_NPFFR1,0.007432387892551873
NPFF_NPFFR2,0.06672071858727716
FGF7_FGFR2,0.0
FGF7_FGFR3,0.0
MFGE8_PDGFRB,0.0714184401230769
MFGE8_ITGB3,0.02398232356569225
CGN_F11R,0.0
CGN_TGFBR2,0.0
REN_ATP6AP2,0.0
GDF7_BMPR1A,0.0
CALM2_SELL,9.800305957064833
CALM2_EGFR,0.012539232071794564
CALM2_GRM7,0.03578215795677644
CALM2_TRPC5,0.013755698853479477
CALM2_CACNA1C,0.0
CALM2_KCNQ3,0.1732105200859702
CALM2_MYLK,0.148237011967985
CALM2_PDE1A,0.0057449659649081025
CALM2_PDE1C,0.0
CALM2_GP6,1.5612302883241018
CALM2_AQP6,2.213366815023553
CALM2_SCN10A,0.0
CALM2_AQP1,0.0
CALM2_SCN4A,0.019643814259340236
NXPH2_NRXN1,0.0
UCN2_IL10RB,0.0
UCN2_CRHR2,0.0
UCN2_CRHR1,0.0
SFRP2_FZD5,0.007417082739926725
IL9_IL2RG,0.0
IL9_IL9R,0.0
FGF18_FGFR3,0.0
FGF18_FGFR2,0.009369628144932822
LIN7C_HTR2C,0.0
LIN7C_KCNJ4,0.0
SERPING1_SELP,0.0
SERPING1_SELE,0.0032995890788766386
GPHA2_EPHA6,0.0
IL18_IL18R1,0.027442022560012345
IL18_IL18BP,0.6909586942687893
IL18_IL18RAP,0.006096514372747235
PTH_LRP6,0.0
PTH_ADRB3,0.0
PTH_GPR84,0.0
PTH_ADCYAP1R1,0.0
PTH_VIPR1,0.0
BMP3_ACVR2B,0.0012570697760205093
BMP3_BMPR1A,0.0
WNT3A_LGR5,0.0
WNT3A_LRP1,0.0
WNT3A_LRP6,0.0
WNT3A_FZD6,0.0
WNT3A_FZD2,0.0
WNT3A_FZD5,0.0
WNT3A_RYK,0.0
WNT3A_ATP6AP2,0.0
WNT3A_FZD3,0.0
APP_FPR2,8.276946554530404
APP_RPSA,36.457761265831515
APP_TNFRSF21,4.354319480481539
APP_AGER,1.4687743314358972
APP_PTGER2,5.046721105270549
APP_APLP2,26.944518522067394
APP_LRP6,0.11550772143516448
APP_SORL1,10.237960478058827
APP_LRP1,12.554413667998103
APP_NOTCH2,8.662631682205864
APP_GRM7,0.04040437665787534
APP_DCC,0.0
WNT7A_LDLR,0.0
WNT7A_LRP6,0.0
WNT7A_FZD5,0.0
WNT7A_FZD10,0.0
WNT7A_FZD9,0.0
DKK2_LRP6,0.0
WIF1_RYK,0.0
CXCL13_CXCR5,0.0
CXCL13_CCR10,0.0
CXCL13_GRM7,0.0
GDF6_BMPR1A,0.0
NODAL_ACVR1B,0.0
NODAL_ACVR2B,0.0
NODAL_SMAD3,0.0
NODAL_ACVR1C,0.0
SST_SSTR2,0.0
SST_SSTR3,0.0
SST_GRM7,0.0
CALM3_AR,0.0
CALM3_SCN4A,0.0033108925139926034
CALM3_AQP1,0.0
CALM3_AQP6,0.37305482132100243
CALM3_GP6,0.2631396126021196
CALM3_SCN10A,0.0
CALM3_PDE1C,0.0
CALM3_PDE1A,0.0009682928455359654
CALM3_KCNQ3,0.029193994950584782
CALM3_MYLK,0.024984802174459038
CALM3_CACNA1C,0.0
CALM3_TRPC5,0.0023184723576311944
CALM3_SELL,1.6518054589451647
CALM3_GRM7,0.006030950881001202
CALM3_EGFR,0.002113441363760632
TFF1_FCRL4,0.0
S100A1_AGER,0.0
S100A1_TRPM3,0.0
S100A1_RYR1,0.0
S100A1_TLR4,0.0
SCGB3A1_NOTCH3,0.0010197205069597014
SCGB3A1_MARCO,0.1529832979106226
HCRT_HCRTR1,0.0
HCRT_NPFFR2,0.0
SHANK1_SSTR2,0.0
WNT1_FZD9,0.0
WNT1_FZD3,0.0
WNT1_ROR2,0.0
WNT1_RYK,0.0
WNT1_FZD5,0.0
WNT1_LRP6,0.0
NTN3_NEO1,0.0
NTN3_CDON,0.0
FGF19_KLB,0.0
FGF19_FGFR2,0.0
FGF19_FGFR3,0.0
DRAXIN_DCC,0.0
ARPC5_LDLR,2.0505768841489123
TGFA_ERBB3,0.2528322952845471
TGFA_ERBB2,0.026588940133846085
TGFA_EGFR,0.0021089625582905473
TGFA_ERBB4,0.013025782228888826
COL6A3_ITGA2,0.00043528325079365045
CXCL3_CXCR2,0.04681278130500792
CXCL3_GRM7,0.0009632930364590935
CXCL5_GRM7,0.0003837563494505481
CXCL5_CXCR2,0.018649259759285698
PPBP_CXCR2,0.0
PPBP_GRM7,0.0
PF4_GRM7,0.0
PF4_FGFR2,0.0
PF4_LRP1,0.0
PF4_LDLR,0.0
PF4_THBD,0.0
PF4_SDC2,0.0
PF4_PROCR,0.0
UCN_CRHR2,0.0
UCN_CRHR1,0.0
LIPH_LPAR1,0.0
LIPH_LPAR2,0.0
CAMP_EGFR,0.0
CAMP_FPR2,0.0
IL15_IL15RA,0.7680209724051096
IL15_IL2RG,1.6390572222263724
SCGB3A2_MARCO,0.0
IL3_CSF2RB,0.028660462082051225
IL3_IL3RA,0.01506083126984124
COL1A2_ITGA2B,2.1389930380951664e-05
COL1A2_ITGA2,0.00314374957053968
COL1A2_CD93,0.055608755189809546
COL1A2_ITGA11,5.780226076190333e-05
COL1A2_ITGB3,0.0010559870893333309
COL1A2_CD36,0.07512349973661905
DEFB1_CCR6,0.0
ARF6_SMAP1,1.1305210772100422
JAM3_ITGB2,4.295128689505125
HSP90B1_LRP1,10.43887663259778
HSP90B1_ERBB2,0.14843021275384577
HSP90B1_TLR4,10.872735528870084
HSP90B1_ASGR1,4.2425649187564085
HSP90B1_TLR9,0.05211676687179455
COL6A2_ITGA2,0.15881081461018792
ANGPTL4_GPIHBP1,0.0
ANGPTL4_TIE1,0.006792648748473739
FADD_FAS,0.16764741391611718
DEFB4A_TLR4,0.0
CD14_TLR4,1.4035365812578753
CD14_TLR6,0.49047957320003643
CD14_RIPK1,0.19147293394208786
CD14_ITGB2,3.951652831478752
CD14_ITGA4,1.0276082234127841
CD14_TLR9,0.006727634329670288
COL3A1_DDR2,0.0
COL3A1_DDR1,0.001143656081904762
COL3A1_ITGA2,0.0008427753401904757
NLGN2_MDGA1,0.002208490371637347
NLGN2_NRXN1,0.00254889679723259
NLGN2_NRXN2,0.0020757470058607817
BMP1_BMPR1A,0.0
FGB_ITGA2B,4.650309869487023e-05
FGB_TLR4,0.173096517628188
FGB_ITGAM,0.16129462242320772
FGB_ITGB3,0.002295784556620507
FGB_ITGB2,0.48735270112554663
FGA_ITGB2,0.0
FGA_ITGAD,0.0
FGA_ITGB3,0.0
FGA_ITGAM,0.0
FGA_TLR4,0.0
FGA_ITGA2B,0.0
FGA_ITGAX,0.0
FGA_CDH5,0.0
CXCL11_GRM7,0.000638374489865688
CXCL11_CCR3,0.0
CXCL11_DPP4,0.0
PRND_RPSA,2.43107030322735
NPTX1_NPTXR,0.0
CCL19_CCR10,0.004292526142857133
CCL19_GRM7,0.0007168410183150159
CCL19_CCR7,0.008350496985347976
CCL19_CCRL2,0.157098794937729
PLG_F2R,0.006215649898945044
PLG_FLT1,0.0060455802578901
PLG_F2RL1,0.0018420507644175798
PLG_ITGA9,0.0003192956862857129
PLG_ITGB2,0.07489360503934052
PLG_ITGAM,0.02478684476116481
PLG_F3,0.005736910413890104
CSHL1_GHR,0.0
LPL_GPIHBP1,0.0
LPL_LRP1,0.19467892089841268
LPL_SDC1,0.0
EFEMP2_PLSCR4,0.07591735923809519
EFEMP2_AQP1,0.0
VEGFB_FLT1,0.2223006071065933
GH1_GHR,0.0
GNAI2_C5AR1,8.573429922329334
GNAI2_LHCGR,0.0
GNAI2_CNR1,0.0
GNAI2_CXCR2,0.9410985860007774
GNAI2_EGFR,0.006786307096751972
GNAI2_LPAR3,0.0
GNAI2_ADORA1,0.0943734028324784
GNAI2_ADRA2B,0.34408998315384604
GNAI2_FPR1,8.896175697993845
GNAI2_TBXA2R,2.948884660145589
GNAI2_EDNRB,0.7793448189116581
GNAI2_ADCY7,3.1962682890302556
GNAI2_F2R,1.464465128314153
GNAI2_ADCY9,0.21284119906444432
GNAI2_S1PR4,0.8057437506034186
GNAI2_S1PR1,0.33277692954999993
GNAI2_CHRM1,0.007499099274871597
TLN1_ITGB3,0.043848523537025536
TLN1_ITGB5,0.7272975153897681
TAC1_TACR1,0.0
TAC1_TACR2,0.0
LPA_LPAR3,0.0
LPA_LPAR2,0.0019287180059999918
LPA_LPAR1,0.0007200752294017062
LPA_ITGB2,0.04276551754931603
LPA_ITGAM,0.014153708371615328
MMP1_ITGA2,0.019710604339340645
LAMA3_ITGA3,0.008677688396336987
LAMA3_SDC2,0.2345214243568743
SEMA6D_KDR,0.003990816861538433
SEMA6D_PLXNA1,0.3223129416841025
WNT11_MUSK,0.0
WNT11_KLRG2,0.0
PSEN1_NOTCH3,0.008858536827667848
PSEN1_NOTCH2,1.1212654956212214
BGN_LY96,8.245812477783149
BGN_TLR4,6.392357032098171
IZUMO1_CD9,0.0
JAG2_NOTCH2,1.5040308617567526
JAG2_NOTCH3,0.011882567358803364
NXPH3_NRXN2,7.157096874236715e-05
NXPH3_NRXN1,8.788499392612813e-05
CNTN2_CNTN1,0.0
CALCA_ADRB3,0.0
CALCA_GPR84,0.0
CALCA_ADCYAP1R1,0.0
CALCA_VIPR1,0.0
CALCA_CALCR,0.0
CALCA_RAMP1,0.0
CALCA_CALCRL,0.0
SLIT3_ROBO2,0.0001822795158742358
SLIT3_ROBO1,0.0046254430904622635
GH2_GHR,0.0
FGF3_FGFR2,0.0
FGF3_FGFR3,0.0
GHRL_TBXA2R,0.32557571299468846
GHRL_PTGER3,0.00552720764133088
GHRL_GHRHR,0.0
GHRL_PTGIR,0.11171437286630033
FGG_ITGB3,0.0
FGG_TLR4,0.0
FGG_ITGA2B,0.0
FGG_ITGB2,0.0
CXCL14_CXCR4,0.0
EDN3_KEL,0.0
EDN3_EDNRB,0.0
RTN4_TNFRSF19,0.02981357217216115
RTN4_RTN4RL1,0.0022734364615384613
NTN4_DCC,0.0
NTN4_UNC5A,0.0
WNT7B_FZD4,0.046386787918011
WNT7B_FZD10,0.0
WNT7B_TMED5,0.44529550696604403
ICAM4_RHAG,0.0
ICAM4_ITGA4,1.0614532509895316
ICAM4_ITGB2,4.081803404438313
ICAM4_ITGAM,1.3509167742460884
ICAM4_ITGB3,0.01922825337261534
ICAM4_ITGA2B,0.0003894848764175694
HMGB1_TLR9,0.046576418227105926
HMGB1_CD163,19.990738024912325
HMGB1_AGER,1.0914429163760675
HMGB1_CXCR4,21.458117459231246
HMGB1_SDC1,0.0
HMGB1_THBD,4.719314107698167
HMGB1_TLR4,9.716893576900606
COL18A1_ITGB5,0.9882990890825823
COL18A1_ITGB3,0.05958422097184601
COL18A1_KDR,0.014468425380659237
COL18A1_ITGA3,0.06418358183406585
COL18A1_GPC4,0.1397817267241758
HP_CD22,0.20245525451496948
HP_ASGR2,0.42121117002442016
HP_CD163,4.598504783030282
HP_TLR4,2.235194195126252
HP_ITGAM,2.0827963998665946
HP_ASGR1,0.8721776091831502
HP_ITGB2,6.293182228395846
RSPO1_LGR4,0.0
RSPO1_LGR5,0.0
RSPO1_LRP6,0.0
RSPO1_ZNRF3,0.0
ADAM15_ITGB3,0.08329999338333316
ADAM15_ITGA9,0.07538857414523789
APOA4_LDLR,0.0
APOA4_LRP1,0.0
GAD1_GRM4,0.0
NLGN3_NRXN1,0.0018567901268864396
NLGN3_NRXN2,0.0015121155750915578
CCL20_CCR6,0.0
CCL20_GRM7,0.0
PYY_GRM7,0.00023353517387057296
PYY_DPP4,0.0
PYY_NPY5R,0.0
PYY_NPY1R,0.0
PYY_FAP,0.0
PYY_NPY2R,0.00014913056300366152
F8_ASGR2,0.8326079411782664
F8_LDLR,1.7675882437861046
F8_LRP1,4.242002018334034
COL4A2_ITGB5,2.278193354181563
COL4A2_ITGB3,0.1373515140625638
COL4A2_CD93,7.232992521979417
CCL28_GRM7,0.002294119019145292
CCL28_CCR10,0.013737447513333305
CCL28_CCR3,0.0
CXCL9_DPP4,0.0
CXCL9_CCR3,0.0
CXCL9_GRM7,0.0007768750678876654
CXCL9_FCGR2A,0.6276453659462757
CNTF_CNTFR,0.0
CNTF_EGFR,0.0
THBS2_NOTCH3,0.00024093235628815457
THBS2_ITGA4,0.033703660374383326
THBS2_CD47,0.04465585312363847
THBS2_ITGB3,0.0006105426882051253
THBS2_CD36,0.04343434113908415
LEFTY2_ACVR2B,0.0025385021388034156
LEFTY2_ACVR1B,0.02771574431140416
C4BPA_LRP1,0.013691404951650627
C4BPA_CD40,0.01011115836106214
VIP_AVPR1A,0.00397241308946764
VIP_ADRB3,0.00019965049157509088
VIP_GPR84,0.08321186941880342
VIP_VIPR1,0.0013138225746031722
VIP_ADCYAP1R1,3.630865978021685e-05
VIP_RAMP1,0.0
VIP_DPP4,0.0
FASLG_FAS,0.0
FASLG_TNFRSF10B,0.0
FASLG_TNFRSF1A,0.0
APOA2_LDLR,0.0
APOA2_LRP1,0.0
SEMA4A_PLXNB2,0.7055282445852137
EFNA1_EPHA7,0.011613691052624865
EFNA1_EPHA10,2.362400244799626
EFNA1_EPHA3,0.043655669158969346
EFNA1_EPHA4,0.1152749439771281
EFNA1_EPHA6,0.006744627132380937
EFNA1_EPHB6,0.5687522756349449
EFNA1_EPHA2,0.0
ADAM12_ITGA9,0.0025727227019999915
S100A8_TLR4,0.16374577140293034
S100A8_CD36,0.1545005736777472
S100A8_ITGB2,0.4610257045293035
S100A8_AGER,0.01839262320512819
NGF_KIDINS220,0.0
NGF_NTRK1,0.0
NGF_TRPV1,0.0
NGF_SORCS3,0.0
NGF_SORT1,0.0
WNT2B_FZD4,0.007002634776473745
COL11A1_ITGA2,0.0
COL11A1_DDR1,0.0
ITGB3BP_ITGB3,0.02304575869538456
ITGB3BP_ITGB5,0.3822505682608059
ANGPTL3_ITGB3,0.0
RBP4_STRA6,0.0
COL5A1_SDC3,0.18633569268131867
SFTPD_TLR4,0.06939259102417564
SFTPD_SIRPA,0.0656697170637361
SFTPD_LY96,0.08951288078241729
MMP9_TLR9,0.00029245961904761727
MMP9_IFNAR1,0.041361073757460294
MMP9_ITGAM,0.056853712075714304
MMP9_LRP1,0.058579034473968276
MMP9_EPHB2,0.008341771077777777
MMP9_ITGB2,0.17178384333492053
EDN2_KEL,0.0
EDN2_EDNRB,0.0
ANGPTL2_TIE1,0.03248981050976798
GHRH_GHRHR,0.0
GHRH_VIPR1,0.0
GHRH_ADCYAP1R1,0.0
GHRH_ADRB3,0.0
GHRH_GPR84,0.0
TNFSF15_TNFRSF25,0.009612018001227097
GDF5_ROR2,0.0
GDF5_ACVR1,0.0
GDF5_BMPR1A,0.0
GDF5_ACVR2B,0.0
EDA_EDAR,0.0
EDA_EDA2R,0.0
F10_F3,0.0224923915979487
F10_ITGAM,0.09718042964307685
F10_ITGB2,0.29363127035213626
SYK_LAT,0.014010914136637354
SYK_FCGR2A,0.6690340374223441
FGF14_FGFR2,0.0
FGF14_FGFR3,0.0
HLA-C_LILRA1,11.732546588961139
HLA-C_LILRB1,24.679524087075446
HLA-C_CD3G,3.6719909012658984
HLA-C_KIR3DL1,0.0
ANXA1_EGFR,0.00517416456410244
ANXA1_GRM7,0.01476508072161168
ANXA1_FPR1,6.782816691956045
ANXA1_FPR2,3.0246669820183154
ACTR2_LDLR,1.9337039298140712
NDP_FZD4,0.00207959584185592
NDP_LGR4,4.039077948717831e-05
AGRN_LRP4,0.00022967419487173954
AGRN_LRP1,1.4784779013344451
AGRN_ATP1A3,0.0
AGRN_MUSK,0.006785304401709372
INSL3_ADRB3,0.0
INSL3_GPR84,0.0
INSL3_ADCYAP1R1,0.0
INSL3_VIPR1,0.0
AVP_LDLR,0.0
AVP_VIPR1,0.0
AVP_ADCYAP1R1,0.0
AVP_GPR84,0.0
AVP_ADRB3,0.0
AVP_OXTR,0.0
AVP_AVPR1A,0.0
COL2A1_ITGA10,0.0
COL2A1_DDR1,0.0
COL2A1_ITGA2B,0.0
COL2A1_ITGA2,0.0
RLN2_ADRB3,0.0003109398706959695
RLN2_GPR84,0.12959591390598285
RLN2_ADCYAP1R1,5.654786967032508e-05
RLN2_VIPR1,0.0020461748841269795
RLN2_RXFP3,0.0005358774302808267
RPH3A_NRXN1,0.00039023250767399086
LAMA1_RPSA,0.0
LAMA1_ITGA3,0.0
LAMA1_NT5E,0.0
LAMA1_ITGA2,0.0
LAMA1_ITGA7,0.0
LAMA1_ITGB8,0.0
LAMA1_SDC2,0.0
CCL25_CCR10,0.0
CCL25_GRM7,0.0
LAMB3_ITGA2,0.003582200859194132
LAMB3_CD151,0.03620092092893769
LAMB3_ITGA3,0.0012961440879120847
LAMB3_COL17A1,0.0
IL1F10_IL1R1,0.0
CCL8_CCR3,0.0
CCL8_CCR1,0.3249186159528692
COL4A6_CD93,0.0
COL4A6_ITGA2,0.0
COL4A6_CD47,0.0
CCL26_CCR1,0.0
CCL26_CCR3,0.0
SPP1_ITGA4,0.3926163610921246
SPP1_ITGB5,0.11796807366391941
SPP1_ITGB3,0.007112255638461521
SPP1_ITGA9,0.006436768957142838
LGALS9_MRC2,1.2055652888988888
LGALS9_HAVCR2,8.702307486127053
LGALS9_SLC1A5,3.74241206640956
LGALS9_CD47,5.609410155143367
ADM2_GPR84,0.514791372180171
ADM2_ADRB3,0.0012351405061831462
ADM2_VIPR1,0.00812798138901586
ADM2_ADCYAP1R1,0.00022462402203954235
ADM2_CALCR,0.00046088583028081287
ADM2_RAMP1,0.0
ADM2_CALCRL,0.030950712514827828
CXCL12_CD4,4.987748436608791
CXCL12_DPP4,0.0
CXCL12_CCR4,0.014898177316483473
CXCL12_GRM7,0.006820904039560419
CXCL12_CXCR4,4.874826848839561
CXCL12_AVPR1A,0.06058954979013184
BMP7_ACVR1,0.10751593656043956
BMP7_ACVR2B,0.01286795159292306
BMP7_BMPR1A,0.0
COL4A3_ITGA3,0.002904628333333327
COL4A3_CD47,0.19722421740555535
COL4A3_ITGB3,0.0026964842333333243
COL4A3_CD93,0.1419980728166666
COL4A3_ITGA2,0.00802762764444443
COL4A4_ITGA2,0.0028560672641934023
COL4A4_CD93,0.0505200372155901
COL4A4_ITGB3,0.0009593544554307662
COL4A4_CD47,0.07016838049632192
HLA-A_ERBB2,0.2439560729076917
HLA-A_KIR3DL1,0.0
HLA-A_CD3G,3.912497081839232
HLA-A_LILRA1,12.500998920239235
HLA-A_APLP2,36.82282311629229
HLA-A_LILRB1,26.29597092372306
HLA-A_KIR3DL2,0.02352377651538389
CNTN4_PTPRG,0.00029690357737484607
TCTN1_TMEM67,0.054692599661492
PDCD1LG2_PDCD1,0.003132976404090346
TNFSF11_LGR4,0.0
TNFSF11_TNFRSF11B,0.0
TNFSF11_TNFRSF11A,0.0
DSCAM_DCC,0.0
FBLN2_ITGB3,0.02304772260625635
NXPH1_NRXN1,0.0
NXPH1_NRXN2,0.0
SAA1_FPR2,0.3267460767008547
SAA1_FPR1,0.7327281833846153
SAA1_GRM7,0.0015950292136752088
SAA1_SCARB1,0.2362140617307692
MDK_SORL1,3.773869709439132
MDK_SDC3,2.6076787564255195
MDK_SDC1,0.0
MDK_LRP1,4.627749986236509
MDK_ITGA4,3.529057885970269
TF_TFR2,0.0
TF_HFE,0.06138887673382171
TF_LDLR,0.17247671495909633
ARTN_GFRA3,0.0
PTPN6_CD300LF,0.4481293781192308
PTPN6_FCRL4,0.003384343340769211
CLEC2A_KLRF2,0.0
NTF3_NTRK1,0.0
NTF3_NTRK2,0.0010168439572649532
RLN3_RXFP3,0.0
RLN3_RXFP4,0.0
RLN3_GRM7,0.0
RLN3_VIPR1,0.0
RLN3_ADCYAP1R1,0.0
RLN3_GPR84,0.0
RLN3_ADRB3,0.0
TNF_TNFRSF1B,0.0
TNF_TNFRSF1A,0.0
TNF_RIPK1,0.0
TNF_TNFRSF21,0.0
TNF_FAS,0.0
TNF_PTPRS,0.0
TNF_FFAR2,0.0
TNF_ICOS,0.0
LAMA2_ITGA7,0.0003717641076923051
LAMA2_ITGA2,0.000387633900854698
LAMA2_ITGA3,0.00014025717948717837
LAMA2_RPSA,0.027371469914529736
HRAS_SDC2,0.2461056832305251
HRAS_GRIN2D,0.01322291533858362
HRAS_TLR9,0.0030552470183149998
GDNF_EDNRB,0.020323640203797302
GDNF_GFRA3,0.0
HLA-G_KIR3DL1,0.0
HLA-G_CD4,6.712143637905602
HLA-G_LILRB1,4.371321870425052
FSHB_ADCYAP1R1,0.0
FSHB_VIPR1,0.0
FSHB_ADRB3,0.0
FSHB_GPR84,0.0
FSHB_FSHR,0.0
ADM_CALCRL,0.12003836804249082
ADM_RAMP1,0.0
ADM_CALCR,0.0017874865689865018
ADM_ADCYAP1R1,0.0008711754540658641
ADM_VIPR1,0.03152333313650789
ADM_GPR84,1.9965522980854706
ADM_ADRB3,0.004790334005860791
PTHLH_ADRB3,0.0002251883333333326
PTHLH_GPR84,0.09385572777777779
PTHLH_VIPR1,0.0014818772222222197
PTHLH_ADCYAP1R1,4.09529999999967e-05
ADCYAP1_ADCYAP1R1,0.0
ADCYAP1_VIPR1,0.0
ADCYAP1_GPR84,0.0
ADCYAP1_ADRB3,0.0
ADCYAP1_DPP4,0.0
CGA_LHCGR,0.0
CGA_ADRB3,5.518351465201427e-05
CGA_GPR84,0.022999810213675132
CGA_VIPR1,0.00036314134126983936
CGA_ADCYAP1R1,1.003573516483432e-05
CGA_FSHR,0.0
S100A10_CFTR,0.011536265086666643
SHANK2_CFTR,0.0
S100A4_ERBB2,0.0035611759978021887
S100A4_EGFR,0.00028246281367520684
TNFSF13B_CD40,0.10836142498974345
TNFSF13B_TNFRSF13B,0.0012170836273504208
LTA_LTBR,0.0
LTA_RIPK1,0.0
LTA_TNFRSF1A,0.0
LTA_TNFRSF1B,0.0
NTF4_NTRK1,0.0
NTF4_NTRK2,0.0
FAM3C_GLRA2,0.004843117661611628
C1QB_C1QBP,0.030279999615323464
C1QB_LRP1,0.028398321790825316
GNRH2_GNRHR,0.00020711995238095193
IL22_IL10RA,0.0
IL22_IL22RA2,0.0
IL22_IL21R,0.0
IL22_IL10RB,0.0
IL10_IL10RB,2.1088618454082053
IL10_IL10RA,2.4969802985884604
CLEC2D_KLRB1,0.0
PDYN_GRM7,0.0
PODXL2_SELL,0.06662665752241757
CD34_SELL,6.448467432687914
CD34_SELP,0.0
MUC7_SELL,0.0
PODXL_SELL,5.381356147251211
MICA_KLRK1,0.027492706765860794
RAET1L_KLRK1,0.0
ULBP2_KLRK1,0.003191248509035406
RAET1G_KLRK1,0.006518737138119652
CD55_CR1,1.3328191875302562
GPC3_LRP1,0.0
A2M_LRP1,9.530743462727619
SERPINA1_LRP1,0.0
SERPINE2_LRP1,0.9026754588964765
MMP13_LRP1,0.0
HPX_LRP1,0.1367793994666667
LIPC_LRP1,0.2897825642409524
PSAP_LRP1,12.051956047127625
PSAP_SORT1,4.102475748538168
PSAP_GPR37,0.03329049536849765
PSAP_CD1B,1.2563084161465203
PSAP_AR,0.0
ASIP_MC4R,0.0
ASIP_MC5R,0.0
ASIP_MC2R,0.0
ASIP_F11R,0.0
ASIP_MC1R,0.0
ASIP_ATRN,0.0
ASIP_MC3R,0.0
SFTPA2_CD93,0.0
MBL2_CD93,0.0
MBL2_CALCR,0.0
C1QA_CR1,0.0393731702502564
C1QA_CD93,0.11843006028179491
C1QA_CSPG4,0.008223666994188025
IGFL1_IGFLR1,0.0
IGFL3_IGFLR1,0.19121599645054946
GSTP1_EGFR,0.007953813938461344
GALP_GALR3,0.0
GALP_GALR1,0.0
NTNG2_LRRC4,0.0
NTNG2_LRRC4C,0.0
GUCA2B_GUCY2D,0.0
NMS_NMUR2,0.0
NMS_NMUR1,0.0
NMS_GRM7,0.0
VEGFC_FLT1,0.2220003962131867
VEGFC_CCBE1,0.22833702318571433
VEGFC_ITGA9,0.01172489088571425
VEGFC_KDR,0.003145851736263714
DSC3_DSG3,0.014924351962506828
PDGFA_PDGFRA,0.030148903787240475
PDGFA_PDGFRB,0.1526980389743589
FGF21_FGFR3,0.0
FGF21_FGFR2,0.0
FGF21_KLB,0.0
NMB_GRPR,0.0
NMB_BRS3,0.0
B2M_HLA-F,37.79211250647253
B2M_CD1B,2.145683839382174
B2M_LILRB1,31.54809371748326
B2M_CD247,0.04022204098437031
B2M_HFE,3.0527866150561658
B2M_KIR3DL1,0.0
B2M_KLRC2,0.10025412338583575
B2M_CD3G,4.693944367571882
EDIL3_ITGB5,0.0
CP_SLC40A1,0.21232654302476167
SOSTDC1_LRP6,0.0
DKK1_LRP6,0.0
HSPA1A_GRIN2D,0.0755539534653845
HSPA1A_TLR4,3.641980904084615
IL27_IL27RA,0.0
PROS1_AXL,3.985096323414946
PROS1_TYRO3,0.09109985511648348
INS_LILRB1,0.0
GREM1_KDR,0.0
NRG1_ERBB3,0.0
NRG1_LGR4,0.0
NRG1_ERBB2,0.0
NRG1_EGFR,0.0
NRG1_ERBB4,0.0
SLIT2_SDC1,0.0
SLIT2_DCC,0.0
SLIT2_ROBO4,0.0
SLIT2_ROBO1,0.002397720752307686
SLIT2_ROBO2,9.448940769230703e-05
NPPA_NPR1,0.0
PGF_FLT1,0.4306039739657874
NCAM1_ROBO1,0.037973817518622666
NCAM1_CACNA1C,0.0
NCAM1_FGFR2,0.1469461170893382
NRG3_ERBB3,0.011229932559902312
NRG3_ERBB4,0.0005785600126984093
NRG3_ERBB2,0.0011809883868131824
AREG_EGFR,3.684543247863151e-05
AREG_ERBB3,0.004417202774749687
NRG2_ERBB3,0.008717550573382155
NRG2_ERBB4,0.00044912346031745706
NRG2_ERBB2,0.0009167754065934021
SEMA4D_ERBB2,0.01605046836145051
SEMA4D_PLXNB2,0.9501746370425422
IFNA14_IFNAR2,0.0
IFNA14_IFNAR1,0.0
IFNA10_IFNAR2,0.0
IFNA10_IFNAR1,0.0
IFNA8_IFNAR1,0.0
IFNA8_IFNAR2,0.0
IFNE_IFNAR2,0.0
IFNE_IFNAR1,0.0
IFNA21_IFNAR1,0.0
IFNA21_IFNAR2,0.0
IL24_IL20RA,0.0
IL24_IL10RB,0.0
PTPN11_FCRL4,0.009499350501062214
EFEMP1_EGFR,0.009099320882051062
FGL1_EGFR,0.0
ANG_EGFR,0.00043407542905981846
CXCL2_DPP4,0.0
CXCL2_CXCR2,0.5360803890720633
CXCL2_GRM7,0.011031228894749662
CXCL2_XCR1,0.017761123190476177
CXCL1_GRM7,0.002008445830256404
CXCL1_CXCR2,0.09760366976216664
PPY_GRM7,0.0
PPY_NPY2R,0.0
PPY_NPY5R,0.0
PPY_NPY1R,0.0
IL25_IL17RB,0.0
IFNL3_IL10RB,0.0
CCL3_CCR4,0.0
CCL3_CCR1,0.0
CCL3_CCR3,0.0
FGF12_FGFR2,0.07824866800815626
FGF12_FGFR3,0.0
CGB5_LHCGR,0.0
CCL15_CCR1,0.18798322236678858
CCL15_CCR3,0.0
CCL23_CCR1,1.5763423922866908
CCL18_CCR8,0.0007842331172161137
CCL18_CCR1,0.10838922549328445
CCL18_CCR3,0.0
LTBP3_ITGB5,0.4450592489310135
MST1_MST1R,0.0
CHAD_ITGA2,0.0
NUCB2_ERAP1,2.3066581428831996
FAT4_DCHS1,0.032100383363387004
CD86_CD28,0.001128009393059785
ACE2_SLC6A19,0.0
TSLP_IL7R,0.0
CER1_MRC2,0.0
CD200_CD200R1,1.1173120381952435
C4B_CR1,0.0
C4B_CD46,0.0
IL19_IL20RA,0.0
EDN1_EDNRB,0.271412292035663
EDN1_KEL,0.0
SEMA4B_DCBLD2,0.002273021665311347
PTMA_VIPR1,0.1393880066285712
TNFSF18_TNFRSF18,0.0
OBP2A_OR1G1,0.0
F7_F3,0.014078354802314992
RGMA_NEO1,0.0
RGMA_HFE,0.0
RGMA_TFR2,0.0
WNT5B_KLRG2,0.0
CD5L_CD5,0.0
GSTO1_RYR1,0.13951892112630027
ANGPT4_TIE1,0.0
ANGPT4_TEK,0.0
IRAK4_TLR6,1.1167315433643228
IRAK4_TLR4,3.195593982294462
COLQ_MUSK,0.0011490293638583588
QRFP_QRFPR,0.0
GDF10_ACVR1B,0.05059414811741146
NID2_ITGB3,0.010088921605641002
NID2_ITGA2,0.030035445778949916
LAMB1_LRP1,7.259546898895337
LAMB1_ITGB3,0.10028532211492285
C5_ITGA4,0.10908676585111114
C5_LRP1,0.1430484552755556
C5_ITGB3,0.0019761096133333283
C5_LDLR,0.059606470422222196
C5_CALCR,7.669444444444154e-05
C5_TLR4,0.14899381195555556
C5_ASGR2,0.028077138888888888
COL1A1_ITGB5,0.013229945646575064
COL1A1_ITGB3,0.0007976289906153809
COL1A1_ITGB8,0.004480217505937718
COL1A1_CD47,0.05833957844420133
COL1A1_ITGA2B,1.615666398901041e-05
COL1A1_SDC3,0.03253548407783877
COL1A1_BCAM,5.563752335164756e-05
COL1A1_GPC4,0.0018711993842490799
COL1A1_ITGA3,0.0008591987065934036
COL1A1_ITGA10,0.0013763294769010956
LAMA4_LRP1,6.940074624943687
LAMA4_ITGB3,0.09587204669343569
LAMA4_ITGA2,0.2854179834807715
C3_ITGB3,0.0012324924974871762
C3_TLR4,0.0929269075805372
NCAN_ITGB3,8.2319876410256e-05
NCAN_ITGA2,0.0002450721971184363
NCAN_CD93,0.004335001725677646
DSC1_LRP1,0.13154617830863796
THBS1_ITGA2,0.32053627556512804
VWF_EGFR,0.011835932827692018
VWF_ITGA4,8.003040181299111
VWF_SDC2,4.220511794310109
VWF_ITGB6,0.0
VWF_ITGA8,0.0
VWF_CD46,12.09156843452775
VWF_ROBO1,0.42946684720529615
VWF_ITGA9,0.13120625044371387
VWF_ROBO4,0.0
CDH1_LRP1,0.5868619086246986
CDH1_ITGB3,0.008107067336717927
FARP2_ITGB3,0.01712906191779483
LAMC2_ITGB3,0.018585261599338425
NID1_ITGA2,0.21280367099369954
F13A1_LRP1,0.0
F13A1_ITGB3,0.0
EGF_LRP1,0.10695344269390787
EGF_ITGB3,0.0014774834574717898
EGF_ITGA2,0.004398574596057623
SEMA3D_EGFR,0.0024443605299144713
APP_EGFR,0.014159007856409916
SHANK1_ITGB3,0.0
SHANK1_ITGA2,0.0
SHANK1_CD93,0.0
SHANK1_CD47,0.0
SHANK1_ITGA3,0.0
COL6A3_ITGA4,0.00807130310793651
COL6A3_LRP1,0.0105841201968254
COL6A3_ITGA3,0.00015749809523809503
COL1A2_ITGB5,0.01751522569984127
COL1A2_ITGB8,0.0059313940432698395
COL1A2_DDR2,0.0
COL1A2_DDR1,0.004266105265396825
COL1A2_CD47,0.07723621177146031
COL1A2_GPC4,0.002477295101587301
COL1A2_ITGA3,0.0011374997047619033
COL1A2_ITGA10,0.0018221330660952377
HSP90B1_EGFR,0.011773081576068089
HSP90B1_ITGA4,7.960542382476326
HSP90B1_LRP6,0.09604358164871762
HSP90B1_LDLR,4.34974701434957
HSP90B1_PTPRD,0.012017384008717555
COL6A2_ITGB3,0.0533446338876409
COL6A2_CD93,2.8091524191082833
COL6A2_CD47,3.9016930049949656
SEMA3E_ITGB3,0.002339883007282044
COL3A1_ITGB5,0.004695475885238096
COL3A1_ITGB3,0.00028308866799999936
COL3A1_ITGB8,0.0015900861440952378
COL3A1_CD36,0.02013908284557143
COL3A1_CD93,0.014907576612285723
COL3A1_ITGA11,1.5495610857142474e-05
COL3A1_CD47,0.020705457985809524
COL3A1_ITGA2B,5.734205428571236e-06
COL3A1_GPC4,0.0006641124476190475
COL3A1_ITGA3,0.0003049405428571425
COL3A1_ITGA10,0.0004884768268571428
NLGN2_ITGB3,0.007034637901076906
BMP1_ITGB3,0.0344088648094871
BMP1_ITGA2,0.10243766714598285
FGA_LRP1,0.0
FGA_ITGA2,0.0
FGA_CD93,0.0
TLN1_EGFR,0.0035798390741879475
TLN1_ITGB2,9.308232483972105
TLN1_DCC,0.0
TLN1_ERBB2,0.04513315158593395
TLN1_ITGA4,2.420560877658965
TLN1_ITGB7,0.5539010095653235
TLN1_LRP1,3.1741475856214616
TLN1_SDC2,1.276515611764298
TLN1_ASGR1,1.290036051547985
TLN1_LRP6,0.02920395685611712
TLN1_C5AR2,0.14502678860653961
TLN1_C5AR1,4.522562713151619
TLN1_LDLR,1.3226268945977528
TLN1_SELL,2.797900063036044
TLN1_SELP,0.0
TLN1_CALCR,0.0017017973748473106
TLN1_TLR6,1.1553388140822316
TLN1_TLR4,3.306070992379878
TLN1_LRP8,0.030877535336312472
TLN1_CD46,3.657157385082987
TLN1_CR1,0.767676018384293
TLN1_PTPRD,0.0036541240766885257
TLN1_ITGA9,0.03968400876838083
TLN1_ASGR2,0.623012548046398
LPA_EGFR,1.6447125811965345e-05
LPA_ITGB5,0.003341478063803405
LPA_ITGA4,0.011120966184606795
LPA_COL13A1,3.6894581111107773e-06
LPA_LRP1,0.014583226677111054
LPA_SDC2,0.00586479236427348
LPA_TPO,3.605869136752066e-05
LPA_ITGB3,0.00020145659297435764
LPA_ITGB6,0.0
LPA_ITGB8,0.0011315653833418751
LPA_CD36,0.014331732330935838
LPA_SDC1,0.0
LPA_ITGA7,0.0005751968856923051
LPA_ITGA2,0.0005997507772991423
LPA_CD93,0.010608794816948678
LPA_DDR2,0.0
LPA_ITGA11,1.1027262205127884e-05
LPA_DDR1,0.0008138688822222187
LPA_ITGA8,0.0
LPA_CD47,0.014734786281854637
LPA_ITGA2B,4.080677256410102e-06
LPA_TNFRSF11B,0.0
LPA_SELP,0.0
LPA_LRP8,0.00014186299940170831
LPA_BCAM,1.4052330128204899e-05
LPA_SCARA5,2.584036572649346e-06
LPA_STAB2,8.709175042734607e-06
LPA_RPSA,0.042349392870085295
LPA_PTPRS,0.0008237046887948677
LPA_ATP1A3,0.0
LPA_ITGA3,0.00021700721282051164
LPA_NT5E,0.0001685119605128197
LPA_ITGA9,0.000182323247333332
LPA_DCHS1,0.00022697795588034052
LPA_ROBO4,0.0
LPA_ITGA10,0.0003476185676410241
LAMA3_LRP1,0.5831543351593019
LAMA3_ITGB3,0.00805584992543588
LAMA3_ITGB6,0.0
LAMA3_ITGA2,0.023982845054866895
LAMA3_TNFRSF11B,0.0
LAMA3_NT5E,0.006738459359853477
LAMA3_ROBO4,0.0
SEMA6D_LRP1,1.1897177380533337
SEMA6D_ITGB3,0.01643507897230765
SEMA6D_ITGA2,0.04892841302974355
JAG2_ITGB3,0.03011141687148711
JAG2_ITGA2,0.08964385532198285
CNTN2_ITGB3,0.0
CNTN2_ITGA2,0.0
COL9A3_ITGB5,0.14429465310543343
COL9A3_ITGB3,0.00869947629282049
COL9A3_ITGB8,0.04886425448191695
COL9A3_CD36,0.618885506834194
COL9A3_ITGA2,0.02589896707614161
COL9A3_CD93,0.45811833528421253
COL9A3_DDR2,0.0
COL9A3_ITGA11,0.00047618896315017117
COL9A3_DDR1,0.03514520394603173
COL9A3_CD47,0.636290538056935
COL9A3_ITGA2B,0.0001762154046520087
COL9A3_SDC3,0.35485379260378513
COL9A3_GPC4,0.020408554445665437
COL9A3_ITGA3,0.00937099687545786
COL9A3_ITGA10,0.015011171605201459
COL18A1_COL13A1,0.0010912201189999058
COL18A1_ITGB8,0.3346797483749559
COL18A1_CD36,4.238854105035544
COL18A1_ITGA2,0.17738651445960424
COL18A1_CD93,3.1377318820164075
COL18A1_DDR2,0.0
COL18A1_ITGA11,0.003261500744373545
COL18A1_DDR1,0.24071559339142853
COL18A1_CD47,4.358064180618317
COL18A1_ITGA2B,0.0012069298491098495
COL18A1_SDC3,2.4304551308049454
COL18A1_BCAM,0.0041562161414834655
COL18A1_SSTR2,0.4886973710134394
COL18A1_PTPRS,0.2436247008254833
COL18A1_ITGA10,0.10281411614498898
NLGN3_ITGB3,0.005124509636923066
F8_EGFR,0.0047841772218802266
F8_ITGA4,3.234891841527076
F8_ITGA2,0.17445686500872273
F8_C5AR1,6.044054234949907
F8_SELP,0.0
F8_TLR6,1.544020701304891
F8_TLR4,4.418307417701637
F8_LRP8,0.04126543069741134
COL4A2_ITGB8,0.7714923416905737
COL4A2_CD36,9.771261916674984
COL4A2_ITGA2,0.408905343359609
COL4A2_DDR2,0.0
COL4A2_ITGA11,0.007518300282344136
COL4A2_DDR1,0.5548893762730158
COL4A2_CD47,10.046060917245006
COL4A2_ITGA2B,0.002782173525787453
COL4A2_GPC4,0.3222200691843711
COL4A2_ITGA3,0.14795380386080567
COL4A2_ITGA10,0.23700359405875454
THBS2_LRP1,0.044196530313015785
THBS2_ITGA2,0.0018176295271306413
ADAM12_ITGB3,0.0028427090773846075
COL11A1_ITGB5,0.0
COL11A1_COL13A1,0.0
COL11A1_ITGB3,0.0
COL11A1_ITGB8,0.0
COL11A1_CD36,0.0
COL11A1_CD93,0.0
COL11A1_DDR2,0.0
COL11A1_ITGA11,0.0
COL11A1_CD47,0.0
COL11A1_ITGA2B,0.0
COL11A1_SDC3,0.0
COL11A1_BCAM,0.0
COL11A1_GPC4,0.0
COL11A1_ITGA3,0.0
COL11A1_ITGA10,0.0
COL5A1_ITGB5,0.07576992185802195
COL5A1_COL13A1,8.366056799999275e-05
COL5A1_ITGB3,0.004568143203692295
COL5A1_ITGB8,0.025658890777054928
COL5A1_CD36,0.32498020877894496
COL5A1_ITGA2,0.013599691113494489
COL5A1_CD93,0.24056047621424176
COL5A1_DDR2,0.0
COL5A1_ITGA11,0.00025004946303296073
COL5A1_DDR1,0.018454941325714277
COL5A1_CD47,0.33411968711235146
COL5A1_ITGA2B,9.253168536263422e-05
COL5A1_BCAM,0.0003186446043956004
COL5A1_GPC4,0.010716645019780213
COL5A1_ITGA3,0.004920762382417574
COL5A1_ITGA10,0.007882449384263732
SPTAN1_LRP1,5.247972853837812
SPTAN1_LDLR,2.186763485745677
SPTAN1_TLR6,1.9101779516347284
SPTAN1_TLR4,5.466088249791722
SPTAN1_LRP8,0.051051333583992504
AGRN_ITGB3,0.02042408908435893
AGRN_ITGA2,0.060803983245811925
COL2A1_ITGB5,0.0
COL2A1_ITGB3,0.0
COL2A1_ITGB8,0.0
COL2A1_CD36,0.0
COL2A1_CD93,0.0
COL2A1_DDR2,0.0
COL2A1_ITGA11,0.0
COL2A1_CD47,0.0
COL2A1_GPC4,0.0
COL2A1_ITGA3,0.0
LAMA1_EGFR,0.0
LAMA1_ITGA4,0.0
LAMA1_LRP1,0.0
LAMA1_ITGB3,0.0
LAMA1_ITGB6,0.0
LAMA1_ITGA8,0.0
LAMA1_TNFRSF11B,0.0
LAMA1_LRP8,0.0
LAMA1_SCARA5,0.0
LAMA1_STAB2,0.0
LAMA1_ROBO1,0.0
LAMA1_ITGA9,0.0
LAMA1_ROBO4,0.0
LAMB3_ITGB3,0.001203263101538457
COL4A6_ITGB5,0.0
COL4A6_ITGB3,0.0
COL4A6_ITGB8,0.0
COL4A6_CD36,0.0
COL4A6_DDR2,0.0
COL4A6_ITGA11,0.0
COL4A6_DDR1,0.0
COL4A6_ITGA2B,0.0
COL4A6_GPC4,0.0
COL4A6_ITGA3,0.0
COL4A6_ITGA10,0.0
COL4A3_ITGB5,0.04472548047222218
COL4A3_ITGB8,0.015145933772222203
COL4A3_CD36,0.19182936480833315
COL4A3_DDR2,0.0
COL4A3_ITGA11,0.0001475992333333295
COL4A3_DDR1,0.010893585444444433
COL4A3_ITGA2B,5.461961666666478e-05
COL4A3_GPC4,0.00632582277777777
COL4A3_ITGA10,0.004652853366666661
COL4A4_ITGB8,0.005388616356965929
COL4A4_CD36,0.06824900124998402
COL4A4_DDR2,0.0
COL4A4_ITGA11,5.25128166395591e-05
COL4A4_DDR1,0.00387571698085714
COL4A4_ITGA2B,1.943255293516417e-05
COL4A4_ITGA3,0.0010334079089010968
COL4A4_ITGA10,0.0016553909541164819
CNTN4_LRP1,0.135326744626635
CNTN4_ITGB3,0.0018694398375897396
CNTN4_ITGA2,0.005565456951072036
DSCAM_ITGA4,0.0
DSCAM_LRP1,0.0
DSCAM_ITGB3,0.0
DSCAM_ITGA2,0.0
LAMA2_LRP1,0.009425503488888829
LAMA2_ITGB3,0.00013020642564102447
LAMA2_ITGB6,0.0
SHANK2_ITGB3,0.0
SHANK2_ITGA2,0.0
SHANK2_SSTR2,0.0
CPAMD8_LRP1,0.15879875343117458
CPAMD8_ITGB3,0.0021936884437948655
CPAMD8_ITGA2,0.006530768389821725
CPAMD8_NRXN2,0.0006473030002441925
A2M_ITGA4,7.268012636017875
A2M_ITGB3,0.1316602387815381
A2M_NRXN2,0.03884966792673947
A2M_ASGR2,1.8706668827838824
DSC3_LRP1,0.16044903070482217
DSC3_ITGB3,0.002216485815348711
CP_LRP1,0.26281184611809516
CP_ITGB3,0.0036305531199999886
CUBN_ITGA2,0.017064769870538694
NRG2_ITGB3,0.0008906811641025598
LTBP3_ITGB3,0.02683247301025635
LTBP3_ITGA2,0.07988220344224659
LTBP3_CD93,1.4130101000633708
ACE2_EGFR,0.0
C4B_LRP1,0.0
C4B_ITGB3,0.0
C4B_ITGA2,0.0
COLQ_CD93,0.18213317260867773
SPTBN2_LRP1,0.05201750623123793
DSPP_EGFR,0.0
DSPP_ITGA4,0.0
DSPP_ITGA2,0.0
DSPP_LDLR,0.0
DSPP_SELL,0.0
DSPP_SELP,0.0
DSPP_TLR6,0.0
DSPP_LRP8,0.0
DSPP_PTPRD,0.0
VIM_GRM7,0.05849423717240516
