Recall,Precision
1.0,0.5006150061500615
1.0,0.5012315270935961
1.0,0.5018495684340321
1.0,0.5024691358024691
1.0,0.5030902348578492
1.0,0.5037128712871287
1.0,0.5043370508054523
1.0,0.5049627791563276
1.0,0.5055900621118012
1.0,0.5062189054726368
1.0,0.5068493150684932
1.0,0.5074812967581047
0.9975429975429976,0.5068664169787765
0.995085995085995,0.50625
0.995085995085995,0.5068836045056321
0.995085995085995,0.5075187969924813
0.995085995085995,0.5081555834378921
0.995085995085995,0.5087939698492462
0.995085995085995,0.5094339622641509
0.995085995085995,0.5100755667506297
0.995085995085995,0.510718789407314
0.9926289926289926,0.51010101010101
0.9901719901719902,0.5094816687737042
0.9901719901719902,0.5101265822784811
0.9901719901719902,0.5107731305449936
0.9901719901719902,0.5114213197969543
0.9901719901719902,0.5120711562897078
0.9901719901719902,0.5127226463104325
0.9901719901719902,0.513375796178344
0.9901719901719902,0.514030612244898
0.9877149877149877,0.5134099616858238
0.9877149877149877,0.5140664961636828
0.9877149877149877,0.5147247119078106
0.9877149877149877,0.5153846153846153
0.9877149877149877,0.5160462130937099
0.9877149877149877,0.5167095115681234
0.9877149877149877,0.5173745173745173
0.9877149877149877,0.5180412371134021
0.9877149877149877,0.5187096774193548
0.9877149877149877,0.5193798449612403
0.9877149877149877,0.5200517464424321
0.9877149877149877,0.5207253886010362
0.9877149877149877,0.5214007782101168
0.9852579852579852,0.5207792207792208
0.9852579852579852,0.5214564369310793
0.9852579852579852,0.5221354166666666
0.9852579852579852,0.5228161668839635
0.9852579852579852,0.5234986945169713
0.9852579852579852,0.5241830065359477
0.9852579852579852,0.524869109947644
0.9828009828009828,0.5242463958060288
0.9803439803439803,0.5236220472440944
0.9803439803439803,0.5243101182654402
0.9803439803439803,0.525
0.9778869778869779,0.5243741765480896
0.9754299754299754,0.5237467018469657
0.972972972972973,0.523117569352708
0.972972972972973,0.5238095238095238
0.972972972972973,0.5245033112582781
0.972972972972973,0.5251989389920424
0.972972972972973,0.5258964143426295
0.972972972972973,0.526595744680851
0.972972972972973,0.5272969374167776
0.972972972972973,0.528
0.9705159705159705,0.527369826435247
0.9705159705159705,0.5280748663101604
0.9705159705159705,0.5287817938420348
0.9705159705159705,0.5294906166219839
0.9705159705159705,0.5302013422818792
0.9705159705159705,0.5309139784946236
0.9705159705159705,0.531628532974428
0.9680589680589681,0.5309973045822103
0.9680589680589681,0.5317139001349528
0.9680589680589681,0.5324324324324324
0.9680589680589681,0.5331529093369418
0.9656019656019657,0.532520325203252
0.9656019656019657,0.5332428765264586
0.9656019656019657,0.5339673913043478
0.9656019656019657,0.5346938775510204
0.9656019656019657,0.5354223433242506
0.9656019656019657,0.5361527967257844
0.9656019656019657,0.5368852459016393
0.9656019656019657,0.5376196990424077
0.9631449631449631,0.536986301369863
0.9631449631449631,0.5377229080932785
0.9631449631449631,0.5384615384615384
0.9606879606879607,0.5378266850068776
0.9582309582309583,0.5371900826446281
0.9582309582309583,0.5379310344827586
0.9557739557739557,0.537292817679558
0.9557739557739557,0.5380359612724758
0.9557739557739557,0.538781163434903
0.9557739557739557,0.5395284327323162
0.9533169533169533,0.5388888888888889
0.9533169533169533,0.5396383866481224
0.9533169533169533,0.5403899721448467
0.9533169533169533,0.5411436541143654
0.9508599508599509,0.5405027932960894
0.9508599508599509,0.5412587412587413
0.9508599508599509,0.542016806722689
0.9508599508599509,0.5427769985974754
0.9484029484029484,0.5421348314606742
0.9484029484029484,0.5428973277074542
0.9484029484029484,0.543661971830986
0.9484029484029484,0.5444287729196051
0.9484029484029484,0.5451977401129944
0.9484029484029484,0.545968882602546
0.9484029484029484,0.546742209631728
0.9484029484029484,0.5475177304964539
0.9459459459459459,0.546875
0.9459459459459459,0.5476529160739687
0.9434889434889435,0.5470085470085471
0.9434889434889435,0.5477888730385164
0.941031941031941,0.5471428571428572
0.941031941031941,0.547925608011445
0.9385749385749386,0.5472779369627507
0.9385749385749386,0.5480631276901005
0.9385749385749386,0.5488505747126436
0.9385749385749386,0.5496402877697841
0.9385749385749386,0.5504322766570605
0.9385749385749386,0.5512265512265512
0.9361179361179361,0.5505780346820809
0.9361179361179361,0.5513748191027497
0.9361179361179361,0.5521739130434783
0.9336609336609336,0.5515239477503628
0.9336609336609336,0.5523255813953488
0.9312039312039312,0.5516739446870451
0.9312039312039312,0.5524781341107872
0.9312039312039312,0.5532846715328467
0.9312039312039312,0.554093567251462
0.9312039312039312,0.554904831625183
0.9312039312039312,0.5557184750733137
0.9287469287469288,0.5550660792951542
0.9262899262899262,0.5544117647058824
0.9262899262899262,0.5552282768777614
0.9262899262899262,0.556047197640118
0.9238329238329238,0.5553914327917282
0.9238329238329238,0.5562130177514792
0.9238329238329238,0.557037037037037
0.9238329238329238,0.5578635014836796
0.9238329238329238,0.5586924219910847
0.9238329238329238,0.5595238095238095
0.9238329238329238,0.5603576751117735
0.9213759213759214,0.5597014925373134
0.918918918918919,0.5590433482810164
0.918918918918919,0.5598802395209581
0.918918918918919,0.56071964017991
0.918918918918919,0.5615615615615616
0.918918918918919,0.562406015037594
0.9164619164619164,0.5617469879518072
0.9164619164619164,0.5625942684766214
0.9164619164619164,0.5634441087613293
0.9164619164619164,0.5642965204236006
0.914004914004914,0.5636363636363636
0.914004914004914,0.5644916540212443
0.914004914004914,0.5653495440729484
0.914004914004914,0.5662100456621004
0.914004914004914,0.5670731707317073
0.914004914004914,0.5679389312977099
0.9115479115479116,0.5672782874617737
0.9115479115479116,0.5681470137825421
0.9115479115479116,0.5690184049079755
0.9115479115479116,0.5698924731182796
0.9115479115479116,0.5707692307692308
0.9115479115479116,0.5716486902927581
0.9115479115479116,0.5725308641975309
0.9115479115479116,0.5734157650695518
0.9115479115479116,0.5743034055727554
0.9115479115479116,0.5751937984496124
0.9115479115479116,0.5760869565217391
0.9115479115479116,0.5769828926905132
0.9090909090909091,0.5763239875389408
0.9066339066339066,0.5756630265210608
0.9066339066339066,0.5765625
0.9066339066339066,0.5774647887323944
0.9066339066339066,0.5783699059561128
0.9066339066339066,0.5792778649921507
0.9066339066339066,0.5801886792452831
0.9041769041769042,0.5795275590551181
0.9041769041769042,0.580441640378549
0.9041769041769042,0.5813586097946287
0.9041769041769042,0.5822784810126582
0.9041769041769042,0.5832012678288431
0.9041769041769042,0.5841269841269842
0.9041769041769042,0.5850556438791733
0.9041769041769042,0.5859872611464968
0.9041769041769042,0.5869218500797448
0.9041769041769042,0.5878594249201278
0.9041769041769042,0.5888
0.9041769041769042,0.5897435897435898
0.9041769041769042,0.5906902086677368
0.9041769041769042,0.5916398713826366
0.9041769041769042,0.5925925925925926
0.9017199017199017,0.5919354838709677
0.9017199017199017,0.592891760904685
0.9017199017199017,0.5938511326860841
0.9017199017199017,0.5948136142625607
0.9017199017199017,0.5957792207792207
0.9017199017199017,0.5967479674796748
0.9017199017199017,0.5977198697068404
0.9017199017199017,0.598694942903752
0.9017199017199017,0.5996732026143791
0.9017199017199017,0.6006546644844517
0.8992628992628993,0.6
0.8968058968058968,0.5993431855500821
0.8943488943488943,0.5986842105263158
0.8943488943488943,0.5996705107084019
0.8943488943488943,0.6006600660066007
0.8918918918918919,0.6
0.8918918918918919,0.6009933774834437
0.8918918918918919,0.6019900497512438
0.8918918918918919,0.6029900332225914
0.8894348894348895,0.6023294509151415
0.8894348894348895,0.6033333333333334
0.8869778869778869,0.6026711185308848
0.8869778869778869,0.6036789297658863
0.8869778869778869,0.6046901172529313
0.8869778869778869,0.6057046979865772
0.8869778869778869,0.6067226890756302
0.8845208845208845,0.6060606060606061
0.8845208845208845,0.6070826306913997
0.8820638820638821,0.606418918918919
0.8820638820638821,0.6074450084602369
0.8820638820638821,0.6084745762711864
0.8796068796068796,0.6078098471986417
0.8796068796068796,0.608843537414966
0.8771498771498771,0.6081771720613288
0.8771498771498771,0.6092150170648464
0.8771498771498771,0.6102564102564103
0.8771498771498771,0.6113013698630136
0.8771498771498771,0.6123499142367067
0.8746928746928747,0.6116838487972509
0.8746928746928747,0.612736660929432
0.8746928746928747,0.6137931034482759
0.8746928746928747,0.614853195164076
0.8746928746928747,0.615916955017301
0.8746928746928747,0.6169844020797227
0.8746928746928747,0.6180555555555556
0.8746928746928747,0.6191304347826087
0.8746928746928747,0.6202090592334495
0.8722358722358723,0.6195462478184991
0.8722358722358723,0.6206293706293706
0.8722358722358723,0.6217162872154116
0.8722358722358723,0.6228070175438597
0.8697788697788698,0.6221441124780316
0.8697788697788698,0.6232394366197183
0.8697788697788698,0.6243386243386243
0.8697788697788698,0.6254416961130742
0.8673218673218673,0.6247787610619469
0.8673218673218673,0.625886524822695
0.8673218673218673,0.6269982238010657
0.8673218673218673,0.6281138790035588
0.8673218673218673,0.6292335115864528
0.8673218673218673,0.6303571428571428
0.8648648648648649,0.629695885509839
0.8648648648648649,0.6308243727598566
0.8648648648648649,0.6319569120287253
0.8648648648648649,0.6330935251798561
0.8648648648648649,0.6342342342342342
0.8624078624078624,0.6335740072202166
0.8624078624078624,0.6347197106690777
0.85995085995086,0.6340579710144928
0.85995085995086,0.6352087114337568
0.85995085995086,0.6363636363636364
0.85995085995086,0.6375227686703097
0.85995085995086,0.6386861313868614
0.85995085995086,0.6398537477148081
0.8574938574938575,0.6391941391941391
0.855036855036855,0.6385321100917432
0.855036855036855,0.6397058823529411
0.855036855036855,0.6408839779005525
0.855036855036855,0.6420664206642066
0.855036855036855,0.6432532347504621
0.855036855036855,0.6444444444444445
0.855036855036855,0.6456400742115028
0.855036855036855,0.6468401486988847
0.855036855036855,0.6480446927374302
0.855036855036855,0.6492537313432836
0.855036855036855,0.6504672897196262
0.8525798525798526,0.649812734082397
0.8501228501228502,0.649155722326454
0.8501228501228502,0.650375939849624
0.8476658476658476,0.6497175141242938
0.8476658476658476,0.6509433962264151
0.8452088452088452,0.6502835538752363
0.8427518427518428,0.6496212121212122
0.8427518427518428,0.650853889943074
0.8402948402948403,0.6501901140684411
0.8402948402948403,0.6514285714285715
0.8378378378378378,0.6507633587786259
0.8378378378378378,0.6520076481835564
0.8378378378378378,0.6532567049808429
0.8378378378378378,0.654510556621881
0.8378378378378378,0.6557692307692308
0.8378378378378378,0.6570327552986512
0.8378378378378378,0.6583011583011583
0.8378378378378378,0.6595744680851063
0.8353808353808354,0.6589147286821705
0.8353808353808354,0.6601941747572816
0.8329238329238329,0.6595330739299611
0.8329238329238329,0.6608187134502924
0.8329238329238329,0.662109375
0.8329238329238329,0.6634050880626223
0.8304668304668305,0.6627450980392157
0.8304668304668305,0.6640471512770137
0.8304668304668305,0.6653543307086615
0.828009828009828,0.6646942800788954
0.8255528255528255,0.6640316205533597
0.8255528255528255,0.6653465346534654
0.8255528255528255,0.6666666666666666
0.8230958230958231,0.6660039761431411
0.8230958230958231,0.6673306772908366
0.8230958230958231,0.6686626746506986
0.8230958230958231,0.67
0.8230958230958231,0.6713426853707415
0.8230958230958231,0.6726907630522089
0.8230958230958231,0.6740442655935613
0.8230958230958231,0.6754032258064516
0.8206388206388207,0.6747474747474748
0.8206388206388207,0.6761133603238867
0.8206388206388207,0.6774847870182555
0.8181818181818182,0.676829268292683
0.8181818181818182,0.6782077393075356
0.8181818181818182,0.6795918367346939
0.8181818181818182,0.6809815950920245
0.8181818181818182,0.6823770491803278
0.8157248157248157,0.6817248459958932
0.8132678132678133,0.6810699588477366
0.8132678132678133,0.6824742268041237
0.8132678132678133,0.6838842975206612
0.8132678132678133,0.6853002070393375
0.8132678132678133,0.6867219917012448
0.8108108108108109,0.6860706860706861
0.8083538083538083,0.6854166666666667
0.8083538083538083,0.6868475991649269
0.8058968058968059,0.6861924686192469
0.8034398034398035,0.6855345911949685
0.8034398034398035,0.6869747899159664
0.800982800982801,0.6863157894736842
0.800982800982801,0.6877637130801688
0.800982800982801,0.6892177589852009
0.800982800982801,0.690677966101695
0.800982800982801,0.692144373673036
0.800982800982801,0.6936170212765957
0.800982800982801,0.6950959488272921
0.800982800982801,0.6965811965811965
0.800982800982801,0.6980728051391863
0.800982800982801,0.6995708154506438
0.7985257985257985,0.6989247311827957
0.7960687960687961,0.6982758620689655
0.7936117936117936,0.6976241900647948
0.7936117936117936,0.6991341991341992
0.7911547911547911,0.6984815618221258
0.7911547911547911,0.7
0.7911547911547911,0.7015250544662309
0.7886977886977887,0.7008733624454149
0.7886977886977887,0.7024070021881839
0.7862407862407862,0.7017543859649122
0.7862407862407862,0.7032967032967034
0.7862407862407862,0.7048458149779736
0.7837837837837838,0.7041942604856513
0.7813267813267813,0.7035398230088495
0.7813267813267813,0.70509977827051
0.7813267813267813,0.7066666666666667
0.7813267813267813,0.7082405345211581
0.7788697788697788,0.7075892857142857
0.7788697788697788,0.70917225950783
0.7788697788697788,0.7107623318385651
0.7788697788697788,0.7123595505617978
0.7788697788697788,0.713963963963964
0.7764127764127764,0.7133182844243793
0.773955773955774,0.7126696832579186
0.7714987714987716,0.7120181405895691
0.769041769041769,0.7113636363636363
0.769041769041769,0.7129840546697038
0.769041769041769,0.7146118721461188
0.7665847665847666,0.7139588100686499
0.7665847665847666,0.7155963302752294
0.7665847665847666,0.7172413793103448
0.7641277641277642,0.716589861751152
0.7641277641277642,0.7182448036951501
0.7616707616707616,0.7175925925925926
0.7592137592137592,0.7169373549883991
0.7592137592137592,0.7186046511627907
0.7567567567567568,0.717948717948718
0.7567567567567568,0.719626168224299
0.7542997542997543,0.7189695550351288
0.7518427518427518,0.7183098591549296
0.7493857493857494,0.7176470588235294
0.7469287469287469,0.7169811320754716
0.7469287469287469,0.7186761229314421
0.7444717444717445,0.7180094786729858
0.7444717444717445,0.7197149643705463
0.742014742014742,0.719047619047619
0.742014742014742,0.720763723150358
0.742014742014742,0.722488038277512
0.742014742014742,0.7242206235011991
0.742014742014742,0.7259615384615384
0.742014742014742,0.727710843373494
0.742014742014742,0.7294685990338164
0.7395577395577395,0.7288135593220338
0.7395577395577395,0.7305825242718447
0.7395577395577395,0.732360097323601
0.7371007371007371,0.7317073170731707
0.7371007371007371,0.7334963325183375
0.7346437346437347,0.7328431372549019
0.7321867321867321,0.7321867321867321
0.7321867321867321,0.7339901477832512
0.7321867321867321,0.7358024691358025
0.7321867321867321,0.7376237623762376
0.7321867321867321,0.739454094292804
0.7321867321867321,0.7412935323383084
0.7321867321867321,0.743142144638404
0.7297297297297297,0.7425
0.7297297297297297,0.7443609022556391
0.7297297297297297,0.7462311557788944
0.7272727272727273,0.7455919395465995
0.7272727272727273,0.7474747474747475
0.7272727272727273,0.7493670886075949
0.7248157248157249,0.748730964467005
0.7248157248157249,0.7506361323155216
0.7223587223587223,0.75
0.7223587223587223,0.7519181585677749
0.7199017199017199,0.7512820512820513
0.7174447174447175,0.7506426735218509
0.7174447174447175,0.7525773195876289
0.7174447174447175,0.7545219638242894
0.714987714987715,0.7538860103626943
0.7125307125307125,0.7532467532467533
0.7100737100737101,0.7526041666666666
0.7100737100737101,0.7545691906005222
0.7100737100737101,0.756544502617801
0.7100737100737101,0.7585301837270341
0.7100737100737101,0.7605263157894737
0.7076167076167076,0.7598944591029023
0.7051597051597052,0.7592592592592593
0.7027027027027027,0.7586206896551724
0.7027027027027027,0.7606382978723404
0.7027027027027027,0.7626666666666667
0.7002457002457002,0.7620320855614974
0.6977886977886978,0.7613941018766756
0.6977886977886978,0.7634408602150538
0.6953316953316954,0.7628032345013477
0.6953316953316954,0.7648648648648648
0.6928746928746928,0.7642276422764228
0.6928746928746928,0.7663043478260869
0.6904176904176904,0.7656675749318801
0.6904176904176904,0.76775956284153
0.687960687960688,0.7671232876712328
0.6855036855036855,0.7664835164835165
0.683046683046683,0.7658402203856749
0.6805896805896806,0.7651933701657458
0.6781326781326781,0.7645429362880887
0.6781326781326781,0.7666666666666667
0.6781326781326781,0.7688022284122563
0.6781326781326781,0.770949720670391
0.6756756756756757,0.7703081232492998
0.6756756756756757,0.7724719101123596
0.6732186732186732,0.7718309859154929
0.6732186732186732,0.7740112994350282
0.6707616707616708,0.773371104815864
0.6683046683046683,0.7727272727272727
0.6658476658476659,0.7720797720797721
0.6633906633906634,0.7714285714285715
0.6609336609336609,0.7707736389684814
0.6609336609336609,0.7729885057471264
0.6584766584766585,0.7723342939481268
0.6560196560196561,0.7716763005780347
0.6560196560196561,0.7739130434782608
0.6560196560196561,0.7761627906976745
0.6560196560196561,0.7784256559766763
0.6535626535626535,0.7777777777777778
0.6511056511056511,0.7771260997067448
0.6511056511056511,0.7794117647058824
0.6511056511056511,0.7817109144542773
0.6511056511056511,0.7840236686390533
0.6486486486486487,0.7833827893175074
0.6461916461916462,0.7827380952380952
0.6437346437346437,0.7820895522388059
0.6437346437346437,0.7844311377245509
0.6437346437346437,0.7867867867867868
0.6412776412776413,0.786144578313253
0.6412776412776413,0.7885196374622356
0.6388206388206388,0.7878787878787878
0.6363636363636364,0.7872340425531915
0.6339066339066339,0.7865853658536586
0.6314496314496314,0.7859327217125383
0.6314496314496314,0.7883435582822086
0.628992628992629,0.7876923076923077
0.6265356265356266,0.7870370370370371
0.6240786240786241,0.7863777089783281
0.6216216216216216,0.7857142857142857
0.6216216216216216,0.7881619937694704
0.6216216216216216,0.790625
0.6191646191646192,0.7899686520376176
0.6167076167076168,0.789308176100629
0.6167076167076168,0.7917981072555205
0.6142506142506142,0.7911392405063291
0.6142506142506142,0.7936507936507936
0.6142506142506142,0.7961783439490446
0.6117936117936118,0.7955271565495208
0.6117936117936118,0.7980769230769231
0.6093366093366094,0.797427652733119
0.6068796068796068,0.7967741935483871
0.6044226044226044,0.7961165048543689
0.601965601965602,0.7954545454545454
0.601965601965602,0.7980456026058632
0.5995085995085995,0.7973856209150327
0.597051597051597,0.7967213114754098
0.5945945945945946,0.7960526315789473
0.5945945945945946,0.7986798679867987
0.5945945945945946,0.8013245033112583
0.5945945945945946,0.8039867109634552
0.5921375921375921,0.8033333333333333
0.5896805896805897,0.802675585284281
0.5872235872235873,0.802013422818792
0.5872235872235873,0.8047138047138047
0.5872235872235873,0.8074324324324325
0.5872235872235873,0.8101694915254237
0.5847665847665847,0.8095238095238095
0.5823095823095823,0.8088737201365188
0.5823095823095823,0.8116438356164384
0.5798525798525799,0.8109965635738832
0.5773955773955773,0.8103448275862069
0.5773955773955773,0.8131487889273357
0.5749385749385749,0.8125
0.5749385749385749,0.8153310104529616
0.5724815724815725,0.8146853146853147
0.5724815724815725,0.8175438596491228
0.5700245700245701,0.8169014084507042
0.5675675675675675,0.8162544169611308
0.5651105651105651,0.8156028368794326
0.5626535626535627,0.8149466192170819
0.5626535626535627,0.8178571428571428
0.5626535626535627,0.8207885304659498
0.5601965601965602,0.8201438848920863
0.5577395577395577,0.8194945848375451
0.5577395577395577,0.822463768115942
0.5552825552825553,0.8218181818181818
0.5528255528255528,0.8211678832116789
0.5528255528255528,0.8241758241758241
0.5528255528255528,0.8272058823529411
0.5503685503685504,0.8265682656826568
0.547911547911548,0.825925925925926
0.5454545454545454,0.8252788104089219
0.542997542997543,0.8246268656716418
0.542997542997543,0.8277153558052435
0.5405405405405406,0.8270676691729323
0.5405405405405406,0.8301886792452831
0.538083538083538,0.8295454545454546
0.5356265356265356,0.8288973384030418
0.5356265356265356,0.8320610687022901
0.5331695331695332,0.8314176245210728
0.5307125307125307,0.8307692307692308
0.5282555282555282,0.8301158301158301
0.5282555282555282,0.8333333333333334
0.5282555282555282,0.8365758754863813
0.5257985257985258,0.8359375
0.5257985257985258,0.8392156862745098
0.5257985257985258,0.84251968503937
0.5233415233415234,0.841897233201581
0.5208845208845209,0.8412698412698413
0.5208845208845209,0.8446215139442231
0.5208845208845209,0.848
0.5184275184275184,0.8473895582329317
0.515970515970516,0.8467741935483871
0.515970515970516,0.8502024291497976
0.5135135135135135,0.8495934959349594
0.5110565110565111,0.8489795918367347
0.5085995085995086,0.8483606557377049
0.5061425061425061,0.8477366255144033
0.5061425061425061,0.8512396694214877
0.5036855036855037,0.8506224066390041
0.5036855036855037,0.8541666666666666
0.5036855036855037,0.8577405857740585
0.5012285012285013,0.8571428571428571
0.4987714987714988,0.8565400843881856
0.4963144963144963,0.8559322033898306
0.49385749385749383,0.8553191489361702
0.49385749385749383,0.8589743589743589
0.4914004914004914,0.8583690987124464
0.48894348894348894,0.8577586206896551
0.48894348894348894,0.8614718614718615
0.48894348894348894,0.8652173913043478
0.4864864864864865,0.8646288209606987
0.4864864864864865,0.868421052631579
0.48402948402948404,0.8678414096916299
0.48402948402948404,0.8716814159292036
0.48402948402948404,0.8755555555555555
0.48157248157248156,0.875
0.47911547911547914,0.874439461883408
0.47911547911547914,0.8783783783783784
0.47911547911547914,0.8823529411764706
0.47911547911547914,0.8863636363636364
0.47665847665847666,0.8858447488584474
0.4742014742014742,0.8853211009174312
0.4742014742014742,0.8894009216589862
0.4742014742014742,0.8935185185185185
0.47174447174447176,0.8930232558139535
0.4692874692874693,0.8925233644859814
0.4668304668304668,0.892018779342723
0.4643734643734644,0.8915094339622641
0.4619164619164619,0.8909952606635071
0.4594594594594595,0.8904761904761904
0.457002457002457,0.8899521531100478
0.45454545454545453,0.8894230769230769
0.4520884520884521,0.8888888888888888
0.4520884520884521,0.8932038834951457
0.44963144963144963,0.8926829268292683
0.44717444717444715,0.8921568627450981
0.44471744471744473,0.8916256157635468
0.44226044226044225,0.8910891089108911
0.4398034398034398,0.8905472636815921
0.43734643734643736,0.89
0.4348894348894349,0.8894472361809045
0.43243243243243246,0.8888888888888888
0.42997542997543,0.8883248730964467
0.4275184275184275,0.8877551020408163
0.4250614250614251,0.8871794871794871
0.4226044226044226,0.8865979381443299
0.4201474201474201,0.8860103626943006
0.4176904176904177,0.8854166666666666
0.4152334152334152,0.8848167539267016
0.41277641277641275,0.8842105263157894
0.4103194103194103,0.8835978835978836
0.4103194103194103,0.8882978723404256
0.40786240786240785,0.8877005347593583
0.40540540540540543,0.8870967741935484
0.40540540540540543,0.8918918918918919
0.40540540540540543,0.8967391304347826
0.40294840294840295,0.8961748633879781
0.4004914004914005,0.8956043956043956
0.39803439803439805,0.8950276243093923
0.3955773955773956,0.8944444444444445
0.3955773955773956,0.8994413407821229
0.3931203931203931,0.898876404494382
0.3906633906633907,0.8983050847457628
0.3882063882063882,0.8977272727272727
0.3857493857493858,0.8971428571428571
0.3832923832923833,0.896551724137931
0.3808353808353808,0.8959537572254336
0.3783783783783784,0.8953488372093024
0.3759213759213759,0.8947368421052632
0.37346437346437344,0.8941176470588236
0.371007371007371,0.893491124260355
0.36855036855036855,0.8928571428571429
0.36609336609336607,0.8922155688622755
0.36363636363636365,0.891566265060241
0.36117936117936117,0.8909090909090909
0.35872235872235875,0.8902439024390244
0.35626535626535627,0.8895705521472392
0.35626535626535627,0.8950617283950617
0.3538083538083538,0.8944099378881988
0.3538083538083538,0.9
0.35135135135135137,0.89937106918239
0.3488943488943489,0.8987341772151899
0.3464373464373464,0.8980891719745223
0.343980343980344,0.8974358974358975
0.3415233415233415,0.896774193548387
0.33906633906633904,0.8961038961038961
0.33906633906633904,0.9019607843137255
0.3366093366093366,0.9013157894736842
0.33415233415233414,0.9006622516556292
0.3316953316953317,0.9
0.32923832923832924,0.8993288590604027
0.32923832923832924,0.9054054054054054
0.32678132678132676,0.9047619047619048
0.32678132678132676,0.910958904109589
0.32678132678132676,0.9172413793103448
0.32432432432432434,0.9166666666666666
0.32186732186732187,0.916083916083916
0.3194103194103194,0.9154929577464789
0.3194103194103194,0.9219858156028369
0.31695331695331697,0.9214285714285714
0.31695331695331697,0.9280575539568345
0.3144963144963145,0.927536231884058
0.3144963144963145,0.9343065693430657
0.31203931203931207,0.9338235294117647
0.3095823095823096,0.9333333333333333
0.3071253071253071,0.9328358208955224
0.3046683046683047,0.9323308270676691
0.3022113022113022,0.9318181818181818
0.29975429975429974,0.9312977099236641
0.2972972972972973,0.9307692307692308
0.29484029484029484,0.9302325581395349
0.29238329238329236,0.9296875
0.28992628992628994,0.9291338582677166
0.28746928746928746,0.9285714285714286
0.28501228501228504,0.928
0.28255528255528256,0.9274193548387096
0.2800982800982801,0.926829268292683
0.27764127764127766,0.9262295081967213
0.2751842751842752,0.9256198347107438
0.2751842751842752,0.9333333333333333
0.2727272727272727,0.9327731092436975
0.2702702702702703,0.9322033898305084
0.2678132678132678,0.9316239316239316
0.26535626535626533,0.9310344827586207
0.2628992628992629,0.9304347826086956
0.2628992628992629,0.9385964912280702
0.26044226044226043,0.9380530973451328
0.257985257985258,0.9375
0.25552825552825553,0.9369369369369369
0.25307125307125306,0.9363636363636364
0.25061425061425063,0.9357798165137615
0.24815724815724816,0.9351851851851852
0.2457002457002457,0.9345794392523364
0.24324324324324326,0.9339622641509434
0.24078624078624078,0.9333333333333333
0.23832923832923833,0.9326923076923077
0.23587223587223588,0.9320388349514563
0.2334152334152334,0.9313725490196079
0.23095823095823095,0.9306930693069307
0.2285012285012285,0.93
0.22604422604422605,0.9292929292929293
0.22358722358722358,0.9285714285714286
0.22113022113022113,0.9278350515463918
0.21867321867321868,0.9270833333333334
0.21621621621621623,0.9263157894736842
0.21375921375921375,0.925531914893617
0.2113022113022113,0.9247311827956989
0.20884520884520885,0.9239130434782609
0.20638820638820637,0.9230769230769231
0.20393120393120392,0.9222222222222223
0.20393120393120392,0.9325842696629213
0.20147420147420148,0.9318181818181818
0.19901719901719903,0.9310344827586207
0.19656019656019655,0.9302325581395349
0.1941031941031941,0.9294117647058824
0.1941031941031941,0.9404761904761905
0.19164619164619165,0.9397590361445783
0.1891891891891892,0.9390243902439024
0.18673218673218672,0.9382716049382716
0.18427518427518427,0.9375
0.18181818181818182,0.9367088607594937
0.18181818181818182,0.9487179487179487
0.17936117936117937,0.948051948051948
0.1769041769041769,0.9473684210526315
0.17444717444717445,0.9466666666666667
0.171990171990172,0.9459459459459459
0.16953316953316952,0.9452054794520548
0.16707616707616707,0.9444444444444444
0.16461916461916462,0.9436619718309859
0.16216216216216217,0.9428571428571428
0.1597051597051597,0.9420289855072463
0.15724815724815724,0.9411764705882353
0.1547911547911548,0.9402985074626866
0.15233415233415235,0.9393939393939394
0.14987714987714987,0.9384615384615385
0.14987714987714987,0.953125
0.14742014742014742,0.9523809523809523
0.14496314496314497,0.9516129032258065
0.14250614250614252,0.9508196721311475
0.14004914004914004,0.95
0.1375921375921376,0.9491525423728814
0.13513513513513514,0.9482758620689655
0.13267813267813267,0.9473684210526315
0.13022113022113022,0.9464285714285714
0.12776412776412777,0.9454545454545454
0.12530712530712532,0.9444444444444444
0.12285012285012285,0.9433962264150944
0.12285012285012285,0.9615384615384616
0.12039312039312039,0.9607843137254902
0.11793611793611794,0.96
0.11547911547911548,0.9591836734693877
0.11302211302211303,0.9583333333333334
0.11056511056511056,0.9574468085106383
0.10810810810810811,0.9565217391304348
0.10565110565110565,0.9555555555555556
0.10319410319410319,0.9545454545454546
0.10073710073710074,0.9534883720930233
0.09828009828009827,0.9523809523809523
0.09582309582309582,0.9512195121951219
0.09336609336609336,0.95
0.09090909090909091,0.9487179487179487
0.08845208845208845,0.9473684210526315
0.085995085995086,0.9459459459459459
0.08353808353808354,0.9444444444444444
0.08108108108108109,0.9428571428571428
0.07862407862407862,0.9411764705882353
0.07616707616707617,0.9393939393939394
0.07371007371007371,0.9375
0.07125307125307126,0.9354838709677419
0.0687960687960688,0.9333333333333333
0.06633906633906633,0.9310344827586207
0.06388206388206388,0.9285714285714286
0.06142506142506143,0.9259259259259259
0.05896805896805897,0.9230769230769231
0.056511056511056514,0.92
0.056511056511056514,0.9583333333333334
0.05405405405405406,0.9565217391304348
0.051597051597051594,0.9545454545454546
0.04914004914004914,0.9523809523809523
0.04668304668304668,0.95
0.044226044226044224,0.9473684210526315
0.04176904176904177,0.9444444444444444
0.03931203931203931,0.9411764705882353
0.036855036855036855,0.9375
0.0343980343980344,0.9333333333333333
0.03194103194103194,0.9285714285714286
0.029484029484029485,0.9230769230769231
0.02702702702702703,0.9166666666666666
0.02457002457002457,0.9090909090909091
0.022113022113022112,0.9
0.019656019656019656,0.8888888888888888
0.0171990171990172,0.875
0.014742014742014743,0.8571428571428571
0.012285012285012284,0.8333333333333334
0.009828009828009828,0.8
0.007371007371007371,0.75
0.007371007371007371,1.0
0.004914004914004914,1.0
0.002457002457002457,1.0
0.0,1.0
